// Generated from five/maps.txt by five/map.py; do not edit.

pub struct Map {
    pub name: &'static str,
    /// Armies (5: a 5-army map), the Versus tab, the armies' colours.
    pub armies: u8,
    pub tab: u16,
    pub colours: &'static [u8],
    /// Has a Black Crystal or Black Obelisk (shown only with their art).
    pub obelisk: bool,
    /// Needs the Dual Strike pack (Com Towers, Piperunners, the Wasteland
    /// look): shown only with it on.
    pub ds: bool,
    /// Drawn in Dual Strike's Wasteland colours (crate::wasteland).
    pub wasteland: bool,
    /// The tiles, LZ77 (literal blocks) as the game loads them.
    pub tiles: &'static [u8],
    /// Pre-deployed units (12-byte records; FE army, FF end).
    pub units: &'static [u8],
}

pub const MAPS: &[Map] = &[
    // Five Seas: 20x40, properties {0: 24, 1: 11, 2: 11, 3: 11, 4: 11, 5: 11}
    Map {
        name: "Five Seas",
        armies: 5,
        tab: 9,
        colours: &[1, 2, 3, 4, 5],
        obelisk: false,
        ds: false,
        wasteland: false,
        tiles: &[
            0x10, 0x42, 0x06, 0x00, 0x00, 0x14, 0x28, 0x2A, 0x00, 0x2A, 0x00, 0x2A, 0x00, 0x00, 0x2A, 0x00,
            0x09, 0x00, 0x0A, 0x00, 0x0A, 0x00, 0x00, 0x0A, 0x00, 0x0A, 0x00, 0x0A, 0x00, 0x0A, 0x00, 0x00,
            0x0A, 0x00, 0x69, 0x00, 0x0A, 0x00, 0x0B, 0x00, 0x00, 0x2A, 0x00, 0x2A, 0x00, 0x2A, 0x00, 0x2A,
            0x00, 0x00, 0x2A, 0x00, 0x2A, 0x00, 0x2A, 0x00, 0x2A, 0x00, 0x00, 0x09, 0x00, 0x29, 0x00, 0xC7,
            0x01, 0x21, 0x00, 0x00, 0x01, 0x00, 0x87, 0x00, 0x21, 0x00, 0xC7, 0x01, 0x00, 0x21, 0x00, 0x55,
            0x00, 0xC7, 0x01, 0x2C, 0x00, 0x00, 0x2A, 0x00, 0x2A, 0x00, 0x2A, 0x00, 0x2A, 0x00, 0x00, 0x2A,
            0x00, 0x2A, 0x00, 0x2A, 0x00, 0x2A, 0x00, 0x00, 0x28, 0x00, 0xC7, 0x01, 0x21, 0x00, 0xC6, 0x01,
            0x00, 0x21, 0x00, 0x01, 0x00, 0xC5, 0x01, 0x03, 0x00, 0x00, 0x43, 0x00, 0xC6, 0x01, 0x21, 0x00,
            0x93, 0x00, 0x00, 0x2A, 0x00, 0x2A, 0x00, 0x2A, 0x00, 0x2A, 0x00, 0x00, 0x2A, 0x00, 0x2A, 0x00,
            0x2A, 0x00, 0x2A, 0x00, 0x00, 0x48, 0x00, 0x49, 0x00, 0xC7, 0x01, 0x21, 0x00, 0x00, 0x87, 0x00,
            0x21, 0x00, 0x01, 0x00, 0x23, 0x00, 0x00, 0x23, 0x00, 0x21, 0x00, 0xC8, 0x01, 0x2C, 0x00, 0x00,
            0x2A, 0x00, 0x2A, 0x00, 0x2A, 0x00, 0x2A, 0x00, 0x00, 0x2A, 0x00, 0x2A, 0x00, 0x09, 0x00, 0x0A,
            0x00, 0x00, 0x0B, 0x00, 0x48, 0x00, 0x4A, 0x00, 0x49, 0x00, 0x00, 0xC9, 0x01, 0x21, 0x00, 0x12,
            0x01, 0x50, 0x00, 0x00, 0x13, 0x01, 0xC9, 0x01, 0x4B, 0x00, 0x4C, 0x00, 0x00, 0x2A, 0x00, 0x09,
            0x00, 0x0A, 0x00, 0x0B, 0x00, 0x00, 0x2A, 0x00, 0x2A, 0x00, 0x28, 0x00, 0xC2, 0x01, 0x00, 0xB7,
            0x00, 0x0B, 0x00, 0x2A, 0x00, 0x48, 0x00, 0x00, 0x4A, 0x00, 0x4A, 0x00, 0x4C, 0x00, 0x2A, 0x00,
            0x00, 0x48, 0x00, 0x4A, 0x00, 0x4C, 0x00, 0x2A, 0x00, 0x00, 0x09, 0x00, 0xB6, 0x00, 0xC2, 0x01,
            0x2C, 0x00, 0x00, 0x2A, 0x00, 0x2A, 0x00, 0x28, 0x00, 0x01, 0x00, 0x00, 0xC4, 0x01, 0x2C, 0x00,
            0x2A, 0x00, 0x2A, 0x00, 0x00, 0x2A, 0x00, 0x2A, 0x00, 0x68, 0x01, 0x2A, 0x00, 0x00, 0x2A, 0x00,
            0x2A, 0x00, 0x2A, 0x00, 0x2A, 0x00, 0x00, 0x28, 0x00, 0xC4, 0x01, 0x21, 0x00, 0x2C, 0x00, 0x00,
            0x2A, 0x00, 0x2A, 0x00, 0x48, 0x00, 0x4A, 0x00, 0x00, 0x4A, 0x00, 0x4C, 0x00, 0x2A, 0x00, 0x2A,
            0x00, 0x00, 0x09, 0x00, 0x0A, 0x00, 0x0B, 0x00, 0x2A, 0x00, 0x00, 0x09, 0x00, 0x0A, 0x00, 0x0B,
            0x00, 0x2A, 0x00, 0x00, 0x48, 0x00, 0x4A, 0x00, 0x4A, 0x00, 0x4C, 0x00, 0x00, 0x2A, 0x00, 0x2A,
            0x00, 0x2A, 0x00, 0x2A, 0x00, 0x00, 0x2A, 0x00, 0x2A, 0x00, 0x09, 0x00, 0x0A, 0x00, 0x00, 0x29,
            0x00, 0xCE, 0x01, 0xF2, 0x00, 0x10, 0x00, 0x00, 0xF3, 0x00, 0xCE, 0x01, 0x2B, 0x00, 0x0B, 0x00,
            0x00, 0x2A, 0x00, 0x2A, 0x00, 0x2A, 0x00, 0x2A, 0x00, 0x00, 0x2A, 0x00, 0x2A, 0x00, 0x2A, 0x00,
            0x2A, 0x00, 0x00, 0x2A, 0x00, 0x09, 0x00, 0x29, 0x00, 0xCC, 0x01, 0x00, 0x21, 0x00, 0x01, 0x00,
            0x87, 0x00, 0x21, 0x00, 0x00, 0x43, 0x00, 0x01, 0x00, 0xCC, 0x01, 0x2B, 0x00, 0x00, 0x0B, 0x00,
            0x2A, 0x00, 0x2A, 0x00, 0x2A, 0x00, 0x00, 0x2A, 0x00, 0x2A, 0x00, 0x2A, 0x00, 0x2A, 0x00, 0x00,
            0x2A, 0x00, 0x28, 0x00, 0xCB, 0x01, 0x21, 0x00, 0x00, 0x01, 0x00, 0x01, 0x00, 0xCA, 0x01, 0x21,
            0x00, 0x00, 0x22, 0x00, 0x21, 0x00, 0x01, 0x00, 0xCB, 0x01, 0x00, 0x2C, 0x00, 0x2A, 0x00, 0x2A,
            0x00, 0x2A, 0x00, 0x00, 0x2A, 0x00, 0x2A, 0x00, 0x2A, 0x00, 0x2A, 0x00, 0x00, 0x2A, 0x00, 0x28,
            0x00, 0xCC, 0x01, 0x21, 0x00, 0x00, 0x01, 0x00, 0x87, 0x00, 0x21, 0x00, 0x01, 0x00, 0x00, 0x23,
            0x00, 0x21, 0x00, 0x01, 0x00, 0xCD, 0x01, 0x00, 0x2C, 0x00, 0x2A, 0x00, 0x2A, 0x00, 0x2A, 0x00,
            0x00, 0x2A, 0x00, 0x2A, 0x00, 0x09, 0x00, 0x0A, 0x00, 0x00, 0x69, 0x00, 0x08, 0x01, 0xEC, 0x00,
            0xCC, 0x01, 0x00, 0x21, 0x00, 0x12, 0x01, 0x13, 0x01, 0x01, 0x00, 0x00, 0xCC, 0x01, 0x21, 0x00,
            0x4B, 0x00, 0x37, 0x00, 0x00, 0x09, 0x01, 0x69, 0x00, 0x0A, 0x00, 0x0B, 0x00, 0x00, 0x2A, 0x00,
            0x2A, 0x00, 0x28, 0x00, 0xC3, 0x01, 0x00, 0x55, 0x00, 0xC2, 0x01, 0xC8, 0x00, 0x4A, 0x00, 0x00,
            0x4A, 0x00, 0x4C, 0x00, 0x48, 0x00, 0x4A, 0x00, 0x00, 0x4A, 0x00, 0x4A, 0x00, 0x4C, 0x00, 0x28,
            0x00, 0x00, 0xC2, 0x01, 0x55, 0x00, 0xC3, 0x01, 0x2C, 0x00, 0x00, 0x2A, 0x00, 0x2A, 0x00, 0x28,
            0x00, 0xC2, 0x01, 0x00, 0x21, 0x00, 0xC4, 0x01, 0x2C, 0x00, 0x2A, 0x00, 0x00, 0x2A, 0x00, 0x2A,
            0x00, 0x68, 0x01, 0x2A, 0x00, 0x00, 0x2A, 0x00, 0x2A, 0x00, 0x2A, 0x00, 0x28, 0x00, 0x00, 0xC4,
            0x01, 0x21, 0x00, 0xC2, 0x01, 0x2C, 0x00, 0x00, 0x2A, 0x00, 0x2A, 0x00, 0x48, 0x00, 0x4A, 0x00,
            0x00, 0x37, 0x00, 0x6C, 0x00, 0x09, 0x01, 0x0A, 0x00, 0x00, 0x0A, 0x00, 0x0A, 0x00, 0x0A, 0x00,
            0x0A, 0x00, 0x00, 0x0A, 0x00, 0x0A, 0x00, 0x0A, 0x00, 0x08, 0x01, 0x00, 0x6C, 0x00, 0xE9, 0x00,
            0x4A, 0x00, 0x4C, 0x00, 0x00, 0x2A, 0x00, 0x2A, 0x00, 0x2A, 0x00, 0x09, 0x00, 0x00, 0x29, 0x00,
            0x01, 0x00, 0xA4, 0x01, 0xA4, 0x01, 0x00, 0xA4, 0x01, 0x01, 0x00, 0xB6, 0x01, 0xB6, 0x01, 0x00,
            0x21, 0x00, 0xA4, 0x01, 0xA4, 0x01, 0xA4, 0x01, 0x00, 0x01, 0x00, 0x2B, 0x00, 0x0B, 0x00, 0x2A,
            0x00, 0x00, 0x2A, 0x00, 0x2A, 0x00, 0x2A, 0x00, 0x28, 0x00, 0x00, 0xB8, 0x01, 0x21, 0x00, 0x89,
            0x01, 0x8A, 0x01, 0x00, 0x8B, 0x01, 0x01, 0x00, 0x43, 0x00, 0x43, 0x00, 0x00, 0x01, 0x00, 0x89,
            0x01, 0x8A, 0x01, 0x8B, 0x01, 0x00, 0x01, 0x00, 0xB8, 0x01, 0x2C, 0x00, 0x2A, 0x00, 0x00, 0x2A,
            0x00, 0x2A, 0x00, 0x2A, 0x00, 0x28, 0x00, 0x00, 0x01, 0x00, 0x01, 0x00, 0xA4, 0x01, 0xA4, 0x01,
            0x00, 0xA4, 0x01, 0x01, 0x00, 0x23, 0x00, 0x23, 0x00, 0x00, 0x21, 0x00, 0xA4, 0x01, 0xA4, 0x01,
            0xA4, 0x01, 0x00, 0x01, 0x00, 0x01, 0x00, 0x2C, 0x00, 0x2A, 0x00, 0x00, 0x2A, 0x00, 0x2A, 0x00,
            0x2A, 0x00, 0x48, 0x00, 0x00, 0xB2, 0x00, 0xB6, 0x01, 0x21, 0x00, 0xB5, 0x01, 0x00, 0x21, 0x00,
            0x01, 0x00, 0xB4, 0x01, 0x03, 0x00, 0x00, 0x01, 0x00, 0x01, 0x00, 0xB5, 0x01, 0x21, 0x00, 0x00,
            0xB6, 0x01, 0xB3, 0x00, 0x4C, 0x00, 0x2A, 0x00, 0x00, 0x2A, 0x00, 0x2A, 0x00, 0x2A, 0x00, 0x09,
            0x00, 0x00, 0xD2, 0x00, 0xB6, 0x01, 0x21, 0x00, 0x01, 0x00, 0x00, 0x87, 0x00, 0x21, 0x00, 0x20,
            0x00, 0x23, 0x00, 0x00, 0x21, 0x00, 0x87, 0x00, 0x21, 0x00, 0x01, 0x00, 0x00, 0xB7, 0x01, 0xD3,
            0x00, 0x0B, 0x00, 0x2A, 0x00, 0x00, 0x2A, 0x00, 0x2A, 0x00, 0x2A, 0x00, 0x28, 0x00, 0x00, 0x01,
            0x00, 0x01, 0x00, 0xA4, 0x01, 0xA4, 0x01, 0x00, 0xA4, 0x01, 0x01, 0x00, 0x01, 0x00, 0x01, 0x00,
            0x00, 0x01, 0x00, 0xA4, 0x01, 0xA4, 0x01, 0xA4, 0x01, 0x00, 0x01, 0x00, 0x01, 0x00, 0x2C, 0x00,
            0x2A, 0x00, 0x00, 0x2A, 0x00, 0x2A, 0x00, 0x2A, 0x00, 0x48, 0x00, 0x00, 0x49, 0x00, 0x01, 0x00,
            0x86, 0x01, 0x87, 0x01, 0x00, 0x88, 0x01, 0x01, 0x00, 0x01, 0x00, 0x01, 0x00, 0x00, 0x01, 0x00,
            0x86, 0x01, 0x87, 0x01, 0x88, 0x01, 0x00, 0x01, 0x00, 0x4B, 0x00, 0x4C, 0x00, 0x2A, 0x00, 0x00,
            0x2A, 0x00, 0x2A, 0x00, 0x2A, 0x00, 0x2A, 0x00, 0x00, 0x28, 0x00, 0x01, 0x00, 0xA4, 0x01, 0xA4,
            0x01, 0x00, 0xA4, 0x01, 0x01, 0x00, 0x12, 0x01, 0x13, 0x01, 0x00, 0x01, 0x00, 0xA4, 0x01, 0xA4,
            0x01, 0xA4, 0x01, 0x00, 0x01, 0x00, 0x2C, 0x00, 0x2A, 0x00, 0x2A, 0x00, 0x00, 0x2A, 0x00, 0x2A,
            0x00, 0x09, 0x00, 0x0A, 0x00, 0x00, 0x08, 0x01, 0x6C, 0x00, 0xE9, 0x00, 0x4A, 0x00, 0x00, 0x4A,
            0x00, 0x4A, 0x00, 0x4C, 0x00, 0x48, 0x00, 0x00, 0x4A, 0x00, 0x4A, 0x00, 0x4A, 0x00, 0x37, 0x00,
            0x00, 0x6C, 0x00, 0x09, 0x01, 0x0A, 0x00, 0x0B, 0x00, 0x00, 0x2A, 0x00, 0x2A, 0x00, 0x28, 0x00,
            0xC2, 0x01, 0x00, 0x21, 0x00, 0xC4, 0x01, 0x2C, 0x00, 0x2A, 0x00, 0x00, 0x2A, 0x00, 0x2A, 0x00,
            0x68, 0x01, 0x2A, 0x00, 0x00, 0x2A, 0x00, 0x2A, 0x00, 0x2A, 0x00, 0x28, 0x00, 0x00, 0xC4, 0x01,
            0x21, 0x00, 0xC2, 0x01, 0x2C, 0x00, 0x00, 0x2A, 0x00, 0x2A, 0x00, 0x28, 0x00, 0xC3, 0x01, 0x00,
            0x75, 0x00, 0xC2, 0x01, 0xA8, 0x00, 0x0A, 0x00, 0x00, 0x0A, 0x00, 0x0B, 0x00, 0x09, 0x00, 0x0A,
            0x00, 0x00, 0x0A, 0x00, 0x0A, 0x00, 0x0B, 0x00, 0x28, 0x00, 0x00, 0xC2, 0x01, 0x75, 0x00, 0xC3,
            0x01, 0x2C, 0x00, 0x00, 0x2A, 0x00, 0x2A, 0x00, 0x48, 0x00, 0x4A, 0x00, 0x00, 0x88, 0x00, 0xE8,
            0x00, 0x0C, 0x01, 0xD1, 0x01, 0x00, 0x21, 0x00, 0xF2, 0x00, 0xF3, 0x00, 0x01, 0x00, 0x00, 0xD1,
            0x01, 0x21, 0x00, 0x2B, 0x00, 0x08, 0x01, 0x00, 0xE9, 0x00, 0x88, 0x00, 0x4A, 0x00, 0x4C, 0x00,
            0x00, 0x2A, 0x00, 0x2A, 0x00, 0x2A, 0x00, 0x2A, 0x00, 0x00, 0x2A, 0x00, 0x28, 0x00, 0xD1, 0x01,
            0x21, 0x00, 0x00, 0x01, 0x00, 0x87, 0x00, 0x21, 0x00, 0x01, 0x00, 0x00, 0x02, 0x00, 0x21, 0x00,
            0x01, 0x00, 0xD2, 0x01, 0x00, 0x2C, 0x00, 0x2A, 0x00, 0x2A, 0x00, 0x2A, 0x00, 0x00, 0x2A, 0x00,
            0x2A, 0x00, 0x2A, 0x00, 0x2A, 0x00, 0x00, 0x2A, 0x00, 0x28, 0x00, 0xD0, 0x01, 0x21, 0x00, 0x00,
            0x01, 0x00, 0x01, 0x00, 0xCF, 0x01, 0x21, 0x00, 0x00, 0x23, 0x00, 0x21, 0x00, 0x01, 0x00, 0xD0,
            0x01, 0x00, 0x2C, 0x00, 0x2A, 0x00, 0x2A, 0x00, 0x2A, 0x00, 0x00, 0x2A, 0x00, 0x2A, 0x00, 0x2A,
            0x00, 0x2A, 0x00, 0x00, 0x2A, 0x00, 0x48, 0x00, 0x49, 0x00, 0xD1, 0x01, 0x00, 0x21, 0x00, 0x01,
            0x00, 0x87, 0x00, 0x21, 0x00, 0x00, 0x01, 0x00, 0x01, 0x00, 0xD1, 0x01, 0x4B, 0x00, 0x00, 0x4C,
            0x00, 0x2A, 0x00, 0x2A, 0x00, 0x2A, 0x00, 0x00, 0x2A, 0x00, 0x2A, 0x00, 0x2A, 0x00, 0x2A, 0x00,
            0x00, 0x2A, 0x00, 0x2A, 0x00, 0x48, 0x00, 0x4A, 0x00, 0x00, 0x49, 0x00, 0xD3, 0x01, 0x12, 0x01,
            0x50, 0x00, 0x00, 0x13, 0x01, 0xD3, 0x01, 0x4B, 0x00, 0x4C, 0x00, 0x00, 0x2A, 0x00, 0x2A, 0x00,
            0x2A, 0x00, 0x2A, 0x00, 0x00, 0x2A, 0x00, 0x2A, 0x00, 0x09, 0x00, 0x0A, 0x00, 0x00, 0x0A, 0x00,
            0x0B, 0x00, 0x2A, 0x00, 0x2A, 0x00, 0x00, 0x48, 0x00, 0x4A, 0x00, 0x4C, 0x00, 0x2A, 0x00, 0x00,
            0x48, 0x00, 0x4A, 0x00, 0x4C, 0x00, 0x2A, 0x00, 0x00, 0x09, 0x00, 0x0A, 0x00, 0x0A, 0x00, 0x0B,
            0x00, 0x00, 0x2A, 0x00, 0x2A, 0x00, 0x28, 0x00, 0x01, 0x00, 0x00, 0xC4, 0x01, 0x2C, 0x00, 0x2A,
            0x00, 0x2A, 0x00, 0x00, 0x2A, 0x00, 0x2A, 0x00, 0x68, 0x01, 0x2A, 0x00, 0x00, 0x2A, 0x00, 0x2A,
            0x00, 0x2A, 0x00, 0x2A, 0x00, 0x00, 0x28, 0x00, 0xC4, 0x01, 0x21, 0x00, 0x2C, 0x00, 0x00, 0x2A,
            0x00, 0x2A, 0x00, 0x28, 0x00, 0xC2, 0x01, 0x00, 0xD7, 0x00, 0x4C, 0x00, 0x2A, 0x00, 0x09, 0x00,
            0x00, 0x0A, 0x00, 0x0A, 0x00, 0x0B, 0x00, 0x2A, 0x00, 0x00, 0x09, 0x00, 0x0A, 0x00, 0x0B, 0x00,
            0x2A, 0x00, 0x00, 0x48, 0x00, 0xD6, 0x00, 0xC2, 0x01, 0x2C, 0x00, 0x00, 0x2A, 0x00, 0x2A, 0x00,
            0x48, 0x00, 0x4A, 0x00, 0x00, 0x4C, 0x00, 0x09, 0x00, 0x0A, 0x00, 0x29, 0x00, 0x00, 0xD8, 0x01,
            0x21, 0x00, 0xF2, 0x00, 0x10, 0x00, 0x00, 0xF3, 0x00, 0xD8, 0x01, 0x2B, 0x00, 0x0B, 0x00, 0x00,
            0x2A, 0x00, 0x48, 0x00, 0x4A, 0x00, 0x4C, 0x00, 0x00, 0x2A, 0x00, 0x2A, 0x00, 0x2A, 0x00, 0x2A,
            0x00, 0x00, 0x09, 0x00, 0x29, 0x00, 0xD6, 0x01, 0x21, 0x00, 0x00, 0x87, 0x00, 0x21, 0x00, 0x01,
            0x00, 0x20, 0x00, 0x00, 0x20, 0x00, 0x21, 0x00, 0xD7, 0x01, 0x2C, 0x00, 0x00, 0x2A, 0x00, 0x2A,
            0x00, 0x2A, 0x00, 0x2A, 0x00, 0x00, 0x2A, 0x00, 0x2A, 0x00, 0x2A, 0x00, 0x2A, 0x00, 0x00, 0x28,
            0x00, 0xD6, 0x01, 0x21, 0x00, 0xD5, 0x01, 0x00, 0x21, 0x00, 0x01, 0x00, 0xD4, 0x01, 0x21, 0x00,
            0x00, 0x01, 0x00, 0xD5, 0x01, 0x21, 0x00, 0x93, 0x00, 0x00, 0x2A, 0x00, 0x2A, 0x00, 0x2A, 0x00,
            0x2A, 0x00, 0x00, 0x2A, 0x00, 0x2A, 0x00, 0x2A, 0x00, 0x2A, 0x00, 0x00, 0x48, 0x00, 0x49, 0x00,
            0xD6, 0x01, 0x21, 0x00, 0x00, 0x01, 0x00, 0x87, 0x00, 0x21, 0x00, 0xD6, 0x01, 0x00, 0x21, 0x00,
            0x75, 0x00, 0xD6, 0x01, 0x2C, 0x00, 0x00, 0x2A, 0x00, 0x2A, 0x00, 0x2A, 0x00, 0x2A, 0x00, 0x00,
            0x2A, 0x00, 0x2A, 0x00, 0x2A, 0x00, 0x2A, 0x00, 0x00, 0x2A, 0x00, 0x48, 0x00, 0x4A, 0x00, 0x4A,
            0x00, 0x00, 0x4A, 0x00, 0x4A, 0x00, 0x4A, 0x00, 0x4A, 0x00, 0x00, 0x4A, 0x00, 0x88, 0x00, 0x4A,
            0x00, 0x4C, 0x00, 0x00, 0x2A, 0x00, 0x2A, 0x00, 0x2A, 0x00, 0x2A, 0x00, 0x00, 0x2A, 0x00, 0x00,
        ],
        units: &[
            0xFE, 0x01, 0x00, 0x00, 0x00, 0x00, 0x00, 0x00, 0x00, 0x00, 0x00, 0x00,
            0x09, 0x01, 0x01, 0x00, 0x64, 0x63, 0x63, 0x00, 0x00, 0x04, 0x00, 0x00,
            0x08, 0x02, 0x01, 0x00, 0x64, 0x63, 0x63, 0x00, 0x00, 0x04, 0x00, 0x00,
            0x0A, 0x02, 0x05, 0x00, 0x64, 0x63, 0x63, 0x00, 0x00, 0x04, 0x00, 0x00,
            0x07, 0x05, 0x15, 0x00, 0x64, 0x63, 0x63, 0x00, 0x00, 0x04, 0x00, 0x00,
            0x06, 0x04, 0x16, 0x00, 0x64, 0x63, 0x63, 0x00, 0x00, 0x04, 0x00, 0x00,
            0x08, 0x05, 0x18, 0x00, 0x64, 0x63, 0x63, 0x00, 0x00, 0x04, 0x00, 0x00,
            0x06, 0x05, 0x17, 0x00, 0x64, 0x63, 0x63, 0x00, 0x00, 0x04, 0x00, 0x00,
            0xFE, 0x02, 0x00, 0x00, 0x00, 0x00, 0x00, 0x00, 0x00, 0x00, 0x00, 0x00,
            0x09, 0x09, 0x01, 0x00, 0x64, 0x63, 0x63, 0x00, 0x00, 0x04, 0x00, 0x00,
            0x08, 0x0A, 0x01, 0x00, 0x64, 0x63, 0x63, 0x00, 0x00, 0x04, 0x00, 0x00,
            0x0A, 0x0A, 0x05, 0x00, 0x64, 0x63, 0x63, 0x00, 0x00, 0x04, 0x00, 0x00,
            0x08, 0x07, 0x15, 0x00, 0x64, 0x63, 0x63, 0x00, 0x00, 0x04, 0x00, 0x00,
            0x07, 0x08, 0x16, 0x00, 0x64, 0x63, 0x63, 0x00, 0x00, 0x04, 0x00, 0x00,
            0x09, 0x07, 0x18, 0x00, 0x64, 0x63, 0x63, 0x00, 0x00, 0x04, 0x00, 0x00,
            0x07, 0x07, 0x17, 0x00, 0x64, 0x63, 0x63, 0x00, 0x00, 0x04, 0x00, 0x00,
            0xFE, 0x03, 0x00, 0x00, 0x00, 0x00, 0x00, 0x00, 0x00, 0x00, 0x00, 0x00,
            0x09, 0x1C, 0x01, 0x00, 0x64, 0x63, 0x63, 0x00, 0x00, 0x04, 0x00, 0x00,
            0x08, 0x1D, 0x01, 0x00, 0x64, 0x63, 0x63, 0x00, 0x00, 0x04, 0x00, 0x00,
            0x0A, 0x1D, 0x05, 0x00, 0x64, 0x63, 0x63, 0x00, 0x00, 0x04, 0x00, 0x00,
            0x08, 0x20, 0x15, 0x00, 0x64, 0x63, 0x63, 0x00, 0x00, 0x04, 0x00, 0x00,
            0x07, 0x1F, 0x16, 0x00, 0x64, 0x63, 0x63, 0x00, 0x00, 0x04, 0x00, 0x00,
            0x09, 0x20, 0x18, 0x00, 0x64, 0x63, 0x63, 0x00, 0x00, 0x04, 0x00, 0x00,
            0x07, 0x20, 0x17, 0x00, 0x64, 0x63, 0x63, 0x00, 0x00, 0x04, 0x00, 0x00,
            0xFE, 0x04, 0x00, 0x00, 0x00, 0x00, 0x00, 0x00, 0x00, 0x00, 0x00, 0x00,
            0x09, 0x24, 0x01, 0x00, 0x64, 0x63, 0x63, 0x00, 0x00, 0x04, 0x00, 0x00,
            0x08, 0x25, 0x01, 0x00, 0x64, 0x63, 0x63, 0x00, 0x00, 0x04, 0x00, 0x00,
            0x0A, 0x25, 0x05, 0x00, 0x64, 0x63, 0x63, 0x00, 0x00, 0x04, 0x00, 0x00,
            0x07, 0x22, 0x15, 0x00, 0x64, 0x63, 0x63, 0x00, 0x00, 0x04, 0x00, 0x00,
            0x06, 0x23, 0x16, 0x00, 0x64, 0x63, 0x63, 0x00, 0x00, 0x04, 0x00, 0x00,
            0x08, 0x22, 0x18, 0x00, 0x64, 0x63, 0x63, 0x00, 0x00, 0x04, 0x00, 0x00,
            0x06, 0x22, 0x17, 0x00, 0x64, 0x63, 0x63, 0x00, 0x00, 0x04, 0x00, 0x00,
            0xFE, 0x05, 0x00, 0x00, 0x00, 0x00, 0x00, 0x00, 0x00, 0x00, 0x00, 0x00,
            0x08, 0x13, 0x01, 0x00, 0x64, 0x63, 0x63, 0x00, 0x00, 0x04, 0x00, 0x00,
            0x0A, 0x13, 0x01, 0x00, 0x64, 0x63, 0x63, 0x00, 0x00, 0x04, 0x00, 0x00,
            0x09, 0x11, 0x05, 0x00, 0x64, 0x63, 0x63, 0x00, 0x00, 0x04, 0x00, 0x00,
            0x03, 0x10, 0x15, 0x00, 0x64, 0x63, 0x63, 0x00, 0x00, 0x04, 0x00, 0x00,
            0x02, 0x11, 0x16, 0x00, 0x64, 0x63, 0x63, 0x00, 0x00, 0x04, 0x00, 0x00,
            0x02, 0x12, 0x18, 0x00, 0x64, 0x63, 0x63, 0x00, 0x00, 0x04, 0x00, 0x00,
            0x02, 0x10, 0x17, 0x00, 0x64, 0x63, 0x63, 0x00, 0x00, 0x04, 0x00, 0x00,
            0xFF, 0x00, 0x00, 0x00, 0x00, 0x00, 0x00, 0x00, 0x00, 0x00, 0x00, 0x00,
        ],
    },
    // Iron Crossing: 30x30, properties {0: 24, 1: 6, 2: 6, 3: 6, 4: 6, 5: 6}
    Map {
        name: "Iron Crossing",
        armies: 5,
        tab: 9,
        colours: &[1, 2, 3, 4, 5],
        obelisk: false,
        ds: false,
        wasteland: false,
        tiles: &[
            0x10, 0x0A, 0x07, 0x00, 0x00, 0x1E, 0x1E, 0x01, 0x00, 0x01, 0x00, 0x87, 0x00, 0x00, 0x21, 0x00,
            0x01, 0x00, 0x01, 0x00, 0x01, 0x00, 0x00, 0x87, 0x00, 0x21, 0x00, 0x01, 0x00, 0x20, 0x00, 0x00,
            0x02, 0x00, 0x21, 0x00, 0x01, 0x00, 0x01, 0x00, 0x00, 0x01, 0x00, 0x01, 0x00, 0x01, 0x00, 0x02,
            0x00, 0x00, 0x20, 0x00, 0x21, 0x00, 0x01, 0x00, 0x87, 0x00, 0x00, 0x21, 0x00, 0x01, 0x00, 0x01,
            0x00, 0x01, 0x00, 0x00, 0x87, 0x00, 0x21, 0x00, 0x01, 0x00, 0x01, 0x00, 0x00, 0xC5, 0x01, 0x21,
            0x00, 0xC6, 0x01, 0x21, 0x00, 0x00, 0x01, 0x00, 0xC2, 0x01, 0x21, 0x00, 0x01, 0x00, 0x00, 0x01,
            0x00, 0x01, 0x00, 0x22, 0x00, 0x21, 0x00, 0x00, 0x01, 0x00, 0x01, 0x00, 0x01, 0x00, 0x01, 0x00,
            0x00, 0x01, 0x00, 0x22, 0x00, 0x21, 0x00, 0x01, 0x00, 0x00, 0x01, 0x00, 0x01, 0x00, 0xC2, 0x01,
            0x21, 0x00, 0x00, 0x01, 0x00, 0xCB, 0x01, 0x21, 0x00, 0xCA, 0x01, 0x00, 0x21, 0x00, 0x01, 0x00,
            0xC6, 0x01, 0x21, 0x00, 0x00, 0xC7, 0x01, 0x21, 0x00, 0x01, 0x00, 0x01, 0x00, 0x00, 0x01, 0x00,
            0x01, 0x00, 0x01, 0x00, 0x87, 0x00, 0x00, 0x23, 0x00, 0x03, 0x00, 0x01, 0x00, 0x01, 0x00, 0x00,
            0x01, 0x00, 0x01, 0x00, 0x43, 0x00, 0x23, 0x00, 0x00, 0x86, 0x00, 0x21, 0x00, 0x01, 0x00, 0x01,
            0x00, 0x00, 0x01, 0x00, 0x01, 0x00, 0x01, 0x00, 0xCC, 0x01, 0x00, 0x21, 0x00, 0xCB, 0x01, 0x21,
            0x00, 0x01, 0x00, 0x00, 0x01, 0x00, 0xC7, 0x01, 0x21, 0x00, 0x01, 0x00, 0x00, 0x87, 0x00, 0x86,
            0x00, 0x21, 0x00, 0x01, 0x00, 0x00, 0x01, 0x00, 0x01, 0x00, 0x01, 0x00, 0x22, 0x00, 0x00, 0x21,
            0x00, 0x01, 0x00, 0x01, 0x00, 0x01, 0x00, 0x00, 0x22, 0x00, 0x21, 0x00, 0x01, 0x00, 0x01, 0x00,
            0x00, 0x01, 0x00, 0x01, 0x00, 0x87, 0x00, 0x86, 0x00, 0x00, 0x21, 0x00, 0x01, 0x00, 0xCC, 0x01,
            0x21, 0x00, 0x00, 0x01, 0x00, 0x01, 0x00, 0xC8, 0x01, 0x21, 0x00, 0x00, 0x01, 0x00, 0x01, 0x00,
            0x01, 0x00, 0x87, 0x00, 0x00, 0x21, 0x00, 0x01, 0x00, 0xC2, 0x01, 0x21, 0x00, 0x00, 0x01, 0x00,
            0x23, 0x00, 0x21, 0x00, 0x01, 0x00, 0x00, 0x01, 0x00, 0x01, 0x00, 0x23, 0x00, 0x21, 0x00, 0x00,
            0x01, 0x00, 0xC2, 0x01, 0x21, 0x00, 0x01, 0x00, 0x00, 0x87, 0x00, 0x21, 0x00, 0x01, 0x00, 0x01,
            0x00, 0x00, 0x01, 0x00, 0xCD, 0x01, 0x21, 0x00, 0x01, 0x00, 0x00, 0x01, 0x00, 0x87, 0x00, 0x86,
            0x00, 0x21, 0x00, 0x00, 0x01, 0x00, 0x43, 0x00, 0x43, 0x00, 0x01, 0x00, 0x00, 0x01, 0x00, 0x01,
            0x00, 0x01, 0x00, 0x87, 0x00, 0x00, 0x21, 0x00, 0x01, 0x00, 0x01, 0x00, 0x01, 0x00, 0x00, 0x87,
            0x00, 0x21, 0x00, 0x01, 0x00, 0x01, 0x00, 0x00, 0x01, 0x00, 0x43, 0x00, 0x43, 0x00, 0x01, 0x00,
            0x00, 0x01, 0x00, 0x87, 0x00, 0x86, 0x00, 0x21, 0x00, 0x00, 0x01, 0x00, 0x01, 0x00, 0x01, 0x00,
            0x01, 0x00, 0x00, 0x01, 0x00, 0xC2, 0x01, 0x21, 0x00, 0x22, 0x00, 0x00, 0x22, 0x00, 0x21, 0x00,
            0x01, 0x00, 0x87, 0x00, 0x00, 0x21, 0x00, 0x01, 0x00, 0x01, 0x00, 0x01, 0x00, 0x00, 0x01, 0x00,
            0x01, 0x00, 0x01, 0x00, 0x01, 0x00, 0x00, 0x87, 0x00, 0x21, 0x00, 0x01, 0x00, 0x22, 0x00, 0x00,
            0x22, 0x00, 0x21, 0x00, 0xC2, 0x01, 0x21, 0x00, 0x00, 0x01, 0x00, 0x01, 0x00, 0x01, 0x00, 0x87,
            0x00, 0x00, 0x21, 0x00, 0x01, 0x00, 0x01, 0x00, 0x01, 0x00, 0x00, 0x01, 0x00, 0x23, 0x00, 0x23,
            0x00, 0x21, 0x00, 0x00, 0x01, 0x00, 0x01, 0x00, 0x01, 0x00, 0x01, 0x00, 0x00, 0x01, 0x00, 0x01,
            0x00, 0x01, 0x00, 0x01, 0x00, 0x00, 0x01, 0x00, 0x01, 0x00, 0x01, 0x00, 0x01, 0x00, 0x00, 0x01,
            0x00, 0x23, 0x00, 0x23, 0x00, 0x21, 0x00, 0x00, 0x01, 0x00, 0x01, 0x00, 0x01, 0x00, 0x01, 0x00,
            0x00, 0x87, 0x00, 0x01, 0x00, 0x01, 0x00, 0x87, 0x00, 0x00, 0x21, 0x00, 0x01, 0x00, 0x01, 0x00,
            0x01, 0x00, 0x00, 0x01, 0x00, 0x01, 0x00, 0x01, 0x00, 0x01, 0x00, 0x00, 0x01, 0x00, 0x87, 0x00,
            0x21, 0x00, 0x01, 0x00, 0x00, 0x01, 0x00, 0x01, 0x00, 0x87, 0x00, 0x21, 0x00, 0x00, 0x01, 0x00,
            0x01, 0x00, 0x01, 0x00, 0x01, 0x00, 0x00, 0x01, 0x00, 0x01, 0x00, 0x01, 0x00, 0x01, 0x00, 0x00,
            0x87, 0x00, 0x21, 0x00, 0x01, 0x00, 0x43, 0x00, 0x00, 0xC2, 0x01, 0x03, 0x00, 0x01, 0x00, 0x01,
            0x00, 0x00, 0x87, 0x00, 0x21, 0x00, 0x01, 0x00, 0xC2, 0x01, 0x00, 0x21, 0x00, 0x01, 0x00, 0x01,
            0x00, 0x01, 0x00, 0x00, 0x01, 0x00, 0x01, 0x00, 0x01, 0x00, 0x01, 0x00, 0x00, 0x01, 0x00, 0x01,
            0x00, 0x01, 0x00, 0x01, 0x00, 0x00, 0xC2, 0x01, 0x21, 0x00, 0x01, 0x00, 0x87, 0x00, 0x00, 0x21,
            0x00, 0x01, 0x00, 0x43, 0x00, 0xC2, 0x01, 0x00, 0x03, 0x00, 0x23, 0x00, 0x20, 0x00, 0x22, 0x00,
            0x00, 0x03, 0x00, 0x01, 0x00, 0x01, 0x00, 0x01, 0x00, 0x00, 0x01, 0x00, 0x87, 0x00, 0x21, 0x00,
            0x01, 0x00, 0x00, 0x01, 0x00, 0x01, 0x00, 0x01, 0x00, 0x01, 0x00, 0x00, 0x01, 0x00, 0x01, 0x00,
            0x01, 0x00, 0x01, 0x00, 0x00, 0x01, 0x00, 0x01, 0x00, 0x87, 0x00, 0x21, 0x00, 0x00, 0x01, 0x00,
            0x01, 0x00, 0x01, 0x00, 0x43, 0x00, 0x00, 0x22, 0x00, 0x20, 0x00, 0x23, 0x00, 0x01, 0x00, 0x00,
            0x01, 0x00, 0x23, 0x00, 0x22, 0x00, 0x21, 0x00, 0x00, 0x01, 0x00, 0x01, 0x00, 0x01, 0x00, 0x01,
            0x00, 0x00, 0x87, 0x00, 0x21, 0x00, 0x01, 0x00, 0x01, 0x00, 0x00, 0x83, 0x01, 0x21, 0x00, 0x01,
            0x00, 0x83, 0x01, 0x00, 0x21, 0x00, 0x01, 0x00, 0x01, 0x00, 0x87, 0x00, 0x00, 0x21, 0x00, 0x01,
            0x00, 0x01, 0x00, 0x01, 0x00, 0x00, 0x01, 0x00, 0x22, 0x00, 0x23, 0x00, 0x21, 0x00, 0x00, 0x01,
            0x00, 0x01, 0x00, 0x01, 0x00, 0x01, 0x00, 0x00, 0x23, 0x00, 0x03, 0x00, 0xC2, 0x01, 0x21, 0x00,
            0x00, 0x01, 0x00, 0x01, 0x00, 0x01, 0x00, 0x01, 0x00, 0x00, 0x01, 0x00, 0x87, 0x00, 0x21, 0x00,
            0x01, 0x00, 0x00, 0x01, 0x00, 0x01, 0x00, 0x87, 0x00, 0x21, 0x00, 0x00, 0x01, 0x00, 0x01, 0x00,
            0x01, 0x00, 0x01, 0x00, 0x00, 0x01, 0x00, 0xC2, 0x01, 0x03, 0x00, 0x23, 0x00, 0x00, 0x21, 0x00,
            0x01, 0x00, 0x01, 0x00, 0x01, 0x00, 0x00, 0x01, 0x00, 0x01, 0x00, 0x01, 0x00, 0x23, 0x00, 0x00,
            0x20, 0x00, 0x21, 0x00, 0x01, 0x00, 0x01, 0x00, 0x00, 0x01, 0x00, 0x01, 0x00, 0x84, 0x01, 0x21,
            0x00, 0x00, 0xB5, 0x01, 0x21, 0x00, 0x01, 0x00, 0xB6, 0x01, 0x00, 0x21, 0x00, 0x85, 0x01, 0x21,
            0x00, 0x01, 0x00, 0x00, 0x01, 0x00, 0x01, 0x00, 0x01, 0x00, 0x20, 0x00, 0x00, 0x23, 0x00, 0x21,
            0x00, 0x01, 0x00, 0x01, 0x00, 0x00, 0x01, 0x00, 0x01, 0x00, 0x01, 0x00, 0x01, 0x00, 0x00, 0x01,
            0x00, 0x01, 0x00, 0x01, 0x00, 0x87, 0x00, 0x00, 0x21, 0x00, 0x01, 0x00, 0x01, 0x00, 0x01, 0x00,
            0x00, 0x01, 0x00, 0x01, 0x00, 0x01, 0x00, 0xB4, 0x01, 0x00, 0x21, 0x00, 0x01, 0x00, 0x01, 0x00,
            0x01, 0x00, 0x00, 0x01, 0x00, 0x01, 0x00, 0x01, 0x00, 0x01, 0x00, 0x00, 0x87, 0x00, 0x21, 0x00,
            0x01, 0x00, 0x01, 0x00, 0x00, 0x01, 0x00, 0x01, 0x00, 0x01, 0x00, 0x01, 0x00, 0x00, 0x01, 0x00,
            0x01, 0x00, 0x01, 0x00, 0x43, 0x00, 0x00, 0x43, 0x00, 0x87, 0x00, 0x21, 0x00, 0x01, 0x00, 0x00,
            0x01, 0x00, 0x01, 0x00, 0x01, 0x00, 0x01, 0x00, 0x00, 0xB6, 0x01, 0x21, 0x00, 0x01, 0x00, 0xB6,
            0x01, 0x00, 0x21, 0x00, 0x01, 0x00, 0x01, 0x00, 0x01, 0x00, 0x00, 0x01, 0x00, 0x01, 0x00, 0x87,
            0x00, 0x03, 0x00, 0x00, 0x43, 0x00, 0x01, 0x00, 0x01, 0x00, 0x01, 0x00, 0x00, 0x01, 0x00, 0x01,
            0x00, 0x01, 0x00, 0x01, 0x00, 0x00, 0x43, 0x00, 0x23, 0x00, 0x23, 0x00, 0x21, 0x00, 0x00, 0x01,
            0x00, 0x01, 0x00, 0x01, 0x00, 0x01, 0x00, 0x00, 0x84, 0x01, 0x21, 0x00, 0xB5, 0x01, 0x21, 0x00,
            0x00, 0x01, 0x00, 0x01, 0x00, 0x01, 0x00, 0x85, 0x01, 0x00, 0x21, 0x00, 0x01, 0x00, 0x01, 0x00,
            0x01, 0x00, 0x00, 0x01, 0x00, 0x23, 0x00, 0x23, 0x00, 0x03, 0x00, 0x00, 0x01, 0x00, 0x01, 0x00,
            0x01, 0x00, 0x01, 0x00, 0x00, 0x01, 0x00, 0x43, 0x00, 0x22, 0x00, 0x21, 0x00, 0x00, 0xC2, 0x01,
            0x21, 0x00, 0x01, 0x00, 0x01, 0x00, 0x00, 0x01, 0x00, 0x01, 0x00, 0x01, 0x00, 0x87, 0x00, 0x00,
            0x21, 0x00, 0x01, 0x00, 0x01, 0x00, 0x01, 0x00, 0x00, 0x87, 0x00, 0x21, 0x00, 0x01, 0x00, 0x01,
            0x00, 0x00, 0x01, 0x00, 0x01, 0x00, 0x01, 0x00, 0xC2, 0x01, 0x00, 0x21, 0x00, 0x22, 0x00, 0x03,
            0x00, 0x01, 0x00, 0x00, 0x01, 0x00, 0x43, 0x00, 0x43, 0x00, 0x22, 0x00, 0x00, 0x23, 0x00, 0x21,
            0x00, 0x01, 0x00, 0x01, 0x00, 0x00, 0x01, 0x00, 0x01, 0x00, 0x87, 0x00, 0x21, 0x00, 0x00, 0x01,
            0x00, 0x01, 0x00, 0x82, 0x01, 0x21, 0x00, 0x00, 0x01, 0x00, 0x82, 0x01, 0x21, 0x00, 0x01, 0x00,
            0x00, 0x01, 0x00, 0x87, 0x00, 0x21, 0x00, 0x01, 0x00, 0x00, 0x01, 0x00, 0x01, 0x00, 0x01, 0x00,
            0x23, 0x00, 0x00, 0x22, 0x00, 0x03, 0x00, 0x43, 0x00, 0x23, 0x00, 0x00, 0x23, 0x00, 0x23, 0x00,
            0x21, 0x00, 0x01, 0x00, 0x00, 0x01, 0x00, 0x01, 0x00, 0x01, 0x00, 0x87, 0x00, 0x00, 0x21, 0x00,
            0x01, 0x00, 0x01, 0x00, 0x01, 0x00, 0x00, 0x01, 0x00, 0x01, 0x00, 0x01, 0x00, 0x01, 0x00, 0x00,
            0x01, 0x00, 0x01, 0x00, 0x01, 0x00, 0x01, 0x00, 0x00, 0x87, 0x00, 0x21, 0x00, 0x01, 0x00, 0x01,
            0x00, 0x00, 0x01, 0x00, 0x01, 0x00, 0x23, 0x00, 0x23, 0x00, 0x00, 0x23, 0x00, 0x01, 0x00, 0xC2,
            0x01, 0x21, 0x00, 0x00, 0x01, 0x00, 0x01, 0x00, 0x87, 0x00, 0x21, 0x00, 0x00, 0x01, 0x00, 0xC2,
            0x01, 0x21, 0x00, 0x01, 0x00, 0x00, 0x01, 0x00, 0x01, 0x00, 0x01, 0x00, 0x01, 0x00, 0x00, 0x01,
            0x00, 0x01, 0x00, 0x01, 0x00, 0x01, 0x00, 0x00, 0x01, 0x00, 0x01, 0x00, 0xC2, 0x01, 0x21, 0x00,
            0x00, 0x01, 0x00, 0x87, 0x00, 0x21, 0x00, 0x01, 0x00, 0x00, 0x01, 0x00, 0xC2, 0x01, 0x21, 0x00,
            0x01, 0x00, 0x00, 0x01, 0x00, 0x87, 0x00, 0x21, 0x00, 0x01, 0x00, 0x00, 0x01, 0x00, 0x43, 0x00,
            0x43, 0x00, 0x01, 0x00, 0x00, 0x01, 0x00, 0x01, 0x00, 0x01, 0x00, 0x87, 0x00, 0x00, 0x21, 0x00,
            0x01, 0x00, 0x01, 0x00, 0x01, 0x00, 0x00, 0x87, 0x00, 0x21, 0x00, 0x01, 0x00, 0x01, 0x00, 0x00,
            0x01, 0x00, 0x43, 0x00, 0x43, 0x00, 0x01, 0x00, 0x00, 0x01, 0x00, 0x01, 0x00, 0x87, 0x00, 0x21,
            0x00, 0x00, 0x01, 0x00, 0x87, 0x00, 0x21, 0x00, 0x01, 0x00, 0x00, 0x01, 0x00, 0x01, 0x00, 0x01,
            0x00, 0x22, 0x00, 0x00, 0x22, 0x00, 0x21, 0x00, 0x01, 0x00, 0x01, 0x00, 0x00, 0x01, 0x00, 0x01,
            0x00, 0x01, 0x00, 0x01, 0x00, 0x00, 0x01, 0x00, 0x01, 0x00, 0x01, 0x00, 0x01, 0x00, 0x00, 0x01,
            0x00, 0x01, 0x00, 0x01, 0x00, 0x22, 0x00, 0x00, 0x22, 0x00, 0x21, 0x00, 0x01, 0x00, 0x01, 0x00,
            0x00, 0x01, 0x00, 0x01, 0x00, 0x87, 0x00, 0x01, 0x00, 0x00, 0x01, 0x00, 0x01, 0x00, 0x01, 0x00,
            0xC2, 0x01, 0x00, 0x21, 0x00, 0x23, 0x00, 0x23, 0x00, 0x21, 0x00, 0x00, 0x01, 0x00, 0x87, 0x00,
            0x21, 0x00, 0x01, 0x00, 0x00, 0x01, 0x00, 0x01, 0x00, 0x01, 0x00, 0x01, 0x00, 0x00, 0x01, 0x00,
            0x01, 0x00, 0x87, 0x00, 0x21, 0x00, 0x00, 0x01, 0x00, 0x23, 0x00, 0x23, 0x00, 0x21, 0x00, 0x00,
            0xC2, 0x01, 0x21, 0x00, 0x01, 0x00, 0x01, 0x00, 0x00, 0x01, 0x00, 0x01, 0x00, 0x01, 0x00, 0x87,
            0x00, 0x00, 0x86, 0x00, 0x21, 0x00, 0x01, 0x00, 0x01, 0x00, 0x00, 0x01, 0x00, 0x01, 0x00, 0x01,
            0x00, 0x01, 0x00, 0x00, 0x01, 0x00, 0x87, 0x00, 0x21, 0x00, 0x01, 0x00, 0x00, 0x01, 0x00, 0x01,
            0x00, 0x87, 0x00, 0x21, 0x00, 0x00, 0x01, 0x00, 0x01, 0x00, 0x01, 0x00, 0x01, 0x00, 0x00, 0x01,
            0x00, 0x01, 0x00, 0x01, 0x00, 0x87, 0x00, 0x00, 0x86, 0x00, 0x21, 0x00, 0x01, 0x00, 0x01, 0x00,
            0x00, 0xD2, 0x01, 0x21, 0x00, 0x01, 0x00, 0x01, 0x00, 0x00, 0x01, 0x00, 0x87, 0x00, 0x21, 0x00,
            0x01, 0x00, 0x00, 0xC2, 0x01, 0x21, 0x00, 0x01, 0x00, 0x02, 0x00, 0x00, 0x21, 0x00, 0x01, 0x00,
            0x01, 0x00, 0x01, 0x00, 0x00, 0x02, 0x00, 0x21, 0x00, 0x01, 0x00, 0xC2, 0x01, 0x00, 0x21, 0x00,
            0x01, 0x00, 0x87, 0x00, 0x21, 0x00, 0x00, 0x01, 0x00, 0x01, 0x00, 0x01, 0x00, 0xD7, 0x01, 0x00,
            0x21, 0x00, 0x01, 0x00, 0x01, 0x00, 0xD1, 0x01, 0x00, 0x21, 0x00, 0x01, 0x00, 0x87, 0x00, 0x86,
            0x00, 0x00, 0x21, 0x00, 0x01, 0x00, 0x01, 0x00, 0x01, 0x00, 0x00, 0x43, 0x00, 0x23, 0x00, 0x21,
            0x00, 0x01, 0x00, 0x00, 0x01, 0x00, 0x01, 0x00, 0x23, 0x00, 0x03, 0x00, 0x00, 0x01, 0x00, 0x01,
            0x00, 0x01, 0x00, 0x01, 0x00, 0x00, 0x87, 0x00, 0x86, 0x00, 0x21, 0x00, 0x01, 0x00, 0x00, 0xD6,
            0x01, 0x21, 0x00, 0x01, 0x00, 0x01, 0x00, 0x00, 0xD0, 0x01, 0x21, 0x00, 0xD1, 0x01, 0x21, 0x00,
            0x00, 0x01, 0x00, 0x01, 0x00, 0x01, 0x00, 0x01, 0x00, 0x00, 0x01, 0x00, 0x87, 0x00, 0x22, 0x00,
            0x21, 0x00, 0x00, 0x01, 0x00, 0x01, 0x00, 0x01, 0x00, 0x01, 0x00, 0x00, 0x01, 0x00, 0x22, 0x00,
            0x86, 0x00, 0x21, 0x00, 0x00, 0x01, 0x00, 0x01, 0x00, 0x01, 0x00, 0x01, 0x00, 0x00, 0x01, 0x00,
            0xD6, 0x01, 0x21, 0x00, 0xD5, 0x01, 0x00, 0x21, 0x00, 0x01, 0x00, 0xCF, 0x01, 0x21, 0x00, 0x00,
            0xD0, 0x01, 0x21, 0x00, 0x01, 0x00, 0xC2, 0x01, 0x00, 0x21, 0x00, 0x01, 0x00, 0x01, 0x00, 0x43,
            0x00, 0x00, 0x22, 0x00, 0x21, 0x00, 0x01, 0x00, 0x01, 0x00, 0x00, 0x01, 0x00, 0x01, 0x00, 0x01,
            0x00, 0x22, 0x00, 0x00, 0x03, 0x00, 0x01, 0x00, 0x01, 0x00, 0x01, 0x00, 0x00, 0xC2, 0x01, 0x21,
            0x00, 0x01, 0x00, 0xD5, 0x01, 0x00, 0x21, 0x00, 0xD4, 0x01, 0x21, 0x00, 0x01, 0x00, 0x00, 0x01,
            0x00, 0x87, 0x00, 0x21, 0x00, 0x01, 0x00, 0x00, 0x01, 0x00, 0x01, 0x00, 0x87, 0x00, 0x21, 0x00,
            0x00, 0x01, 0x00, 0x23, 0x00, 0x23, 0x00, 0x21, 0x00, 0x00, 0x01, 0x00, 0x01, 0x00, 0x01, 0x00,
            0x01, 0x00, 0x00, 0x01, 0x00, 0x23, 0x00, 0x23, 0x00, 0x21, 0x00, 0x00, 0x01, 0x00, 0x87, 0x00,
            0x21, 0x00, 0x01, 0x00, 0x00, 0x01, 0x00, 0x01, 0x00, 0x87, 0x00, 0x21, 0x00, 0x00, 0x01, 0x00,
        ],
        units: &[
            0xFE, 0x01, 0x00, 0x00, 0x00, 0x00, 0x00, 0x00, 0x00, 0x00, 0x00, 0x00,
            0x01, 0x00, 0x01, 0x00, 0x64, 0x63, 0x63, 0x00, 0x00, 0x04, 0x00, 0x00,
            0x00, 0x01, 0x01, 0x00, 0x64, 0x63, 0x63, 0x00, 0x00, 0x04, 0x00, 0x00,
            0x02, 0x01, 0x02, 0x00, 0x64, 0x63, 0x63, 0x00, 0x00, 0x04, 0x00, 0x00,
            0x00, 0x00, 0x05, 0x00, 0x64, 0x63, 0x63, 0x00, 0x00, 0x04, 0x00, 0x00,
            0x02, 0x00, 0x06, 0x00, 0x64, 0x63, 0x63, 0x00, 0x00, 0x04, 0x00, 0x00,
            0x00, 0x02, 0x0A, 0x00, 0x64, 0x63, 0x63, 0x00, 0x00, 0x04, 0x00, 0x00,
            0xFE, 0x02, 0x00, 0x00, 0x00, 0x00, 0x00, 0x00, 0x00, 0x00, 0x00, 0x00,
            0x1C, 0x00, 0x01, 0x00, 0x64, 0x63, 0x63, 0x00, 0x00, 0x04, 0x00, 0x00,
            0x1B, 0x01, 0x01, 0x00, 0x64, 0x63, 0x63, 0x00, 0x00, 0x04, 0x00, 0x00,
            0x1D, 0x01, 0x02, 0x00, 0x64, 0x63, 0x63, 0x00, 0x00, 0x04, 0x00, 0x00,
            0x1B, 0x00, 0x05, 0x00, 0x64, 0x63, 0x63, 0x00, 0x00, 0x04, 0x00, 0x00,
            0x1D, 0x00, 0x06, 0x00, 0x64, 0x63, 0x63, 0x00, 0x00, 0x04, 0x00, 0x00,
            0x1B, 0x02, 0x0A, 0x00, 0x64, 0x63, 0x63, 0x00, 0x00, 0x04, 0x00, 0x00,
            0xFE, 0x03, 0x00, 0x00, 0x00, 0x00, 0x00, 0x00, 0x00, 0x00, 0x00, 0x00,
            0x00, 0x1C, 0x01, 0x00, 0x64, 0x63, 0x63, 0x00, 0x00, 0x04, 0x00, 0x00,
            0x02, 0x1C, 0x01, 0x00, 0x64, 0x63, 0x63, 0x00, 0x00, 0x04, 0x00, 0x00,
            0x01, 0x1D, 0x02, 0x00, 0x64, 0x63, 0x63, 0x00, 0x00, 0x04, 0x00, 0x00,
            0x01, 0x1A, 0x05, 0x00, 0x64, 0x63, 0x63, 0x00, 0x00, 0x04, 0x00, 0x00,
            0x00, 0x1B, 0x06, 0x00, 0x64, 0x63, 0x63, 0x00, 0x00, 0x04, 0x00, 0x00,
            0x02, 0x1B, 0x0A, 0x00, 0x64, 0x63, 0x63, 0x00, 0x00, 0x04, 0x00, 0x00,
            0xFE, 0x04, 0x00, 0x00, 0x00, 0x00, 0x00, 0x00, 0x00, 0x00, 0x00, 0x00,
            0x1B, 0x1C, 0x01, 0x00, 0x64, 0x63, 0x63, 0x00, 0x00, 0x04, 0x00, 0x00,
            0x1D, 0x1C, 0x01, 0x00, 0x64, 0x63, 0x63, 0x00, 0x00, 0x04, 0x00, 0x00,
            0x1C, 0x1D, 0x02, 0x00, 0x64, 0x63, 0x63, 0x00, 0x00, 0x04, 0x00, 0x00,
            0x1C, 0x1A, 0x05, 0x00, 0x64, 0x63, 0x63, 0x00, 0x00, 0x04, 0x00, 0x00,
            0x1B, 0x1B, 0x06, 0x00, 0x64, 0x63, 0x63, 0x00, 0x00, 0x04, 0x00, 0x00,
            0x1D, 0x1B, 0x0A, 0x00, 0x64, 0x63, 0x63, 0x00, 0x00, 0x04, 0x00, 0x00,
            0xFE, 0x05, 0x00, 0x00, 0x00, 0x00, 0x00, 0x00, 0x00, 0x00, 0x00, 0x00,
            0x0E, 0x0D, 0x01, 0x00, 0x64, 0x63, 0x63, 0x00, 0x00, 0x04, 0x00, 0x00,
            0x0D, 0x0E, 0x01, 0x00, 0x64, 0x63, 0x63, 0x00, 0x00, 0x04, 0x00, 0x00,
            0x0F, 0x0E, 0x02, 0x00, 0x64, 0x63, 0x63, 0x00, 0x00, 0x04, 0x00, 0x00,
            0x0E, 0x0F, 0x05, 0x00, 0x64, 0x63, 0x63, 0x00, 0x00, 0x04, 0x00, 0x00,
            0x0E, 0x0C, 0x06, 0x00, 0x64, 0x63, 0x63, 0x00, 0x00, 0x04, 0x00, 0x00,
            0x0F, 0x0D, 0x0A, 0x00, 0x64, 0x63, 0x63, 0x00, 0x00, 0x04, 0x00, 0x00,
            0xFF, 0x00, 0x00, 0x00, 0x00, 0x00, 0x00, 0x00, 0x00, 0x00, 0x00, 0x00,
        ],
    },
    // Magma Crown: 30x30, properties {0: 6, 1: 6, 2: 6, 3: 6, 4: 6, 5: 6}
    Map {
        name: "Magma Crown",
        armies: 5,
        tab: 9,
        colours: &[1, 2, 3, 4, 5],
        obelisk: false,
        ds: false,
        wasteland: false,
        tiles: &[
            0x10, 0x0A, 0x07, 0x00, 0x00, 0x1E, 0x1E, 0x2A, 0x00, 0x2A, 0x00, 0x2A, 0x00, 0x00, 0x2A, 0x00,
            0x2A, 0x00, 0x2A, 0x00, 0x2A, 0x00, 0x00, 0x2A, 0x00, 0x09, 0x00, 0x0A, 0x00, 0x0B, 0x00, 0x00,
            0x09, 0x00, 0x0A, 0x00, 0x0A, 0x00, 0x0A, 0x00, 0x00, 0x0A, 0x00, 0x0A, 0x00, 0x0A, 0x00, 0x0B,
            0x00, 0x00, 0x2A, 0x00, 0x2A, 0x00, 0x2A, 0x00, 0x2A, 0x00, 0x00, 0x2A, 0x00, 0x2A, 0x00, 0x2A,
            0x00, 0x2A, 0x00, 0x00, 0x2A, 0x00, 0x2A, 0x00, 0x2A, 0x00, 0x2A, 0x00, 0x00, 0x2A, 0x00, 0x2A,
            0x00, 0x2A, 0x00, 0x2A, 0x00, 0x00, 0x2A, 0x00, 0x2A, 0x00, 0x2A, 0x00, 0x28, 0x00, 0x00, 0xC2,
            0x01, 0x2B, 0x00, 0x29, 0x00, 0x01, 0x00, 0x00, 0x01, 0x00, 0x01, 0x00, 0x01, 0x00, 0x01, 0x00,
            0x00, 0x01, 0x00, 0x2B, 0x00, 0x0A, 0x00, 0x0A, 0x00, 0x00, 0x0B, 0x00, 0x2A, 0x00, 0x2A, 0x00,
            0x2A, 0x00, 0x00, 0x2A, 0x00, 0x2A, 0x00, 0x2A, 0x00, 0x2A, 0x00, 0x00, 0x2A, 0x00, 0x2A, 0x00,
            0x2A, 0x00, 0x2A, 0x00, 0x00, 0x2A, 0x00, 0x2A, 0x00, 0x2A, 0x00, 0x09, 0x00, 0x00, 0x0A, 0x00,
            0x29, 0x00, 0x01, 0x00, 0x01, 0x00, 0x00, 0x01, 0x00, 0xC6, 0x01, 0x21, 0x00, 0xC5, 0x01, 0x00,
            0x21, 0x00, 0xC7, 0x01, 0x21, 0x00, 0x01, 0x00, 0x00, 0x01, 0x00, 0x01, 0x00, 0x2B, 0x00, 0x0A,
            0x00, 0x00, 0x0B, 0x00, 0x2A, 0x00, 0x2A, 0x00, 0x2A, 0x00, 0x00, 0x2A, 0x00, 0x2A, 0x00, 0x2A,
            0x00, 0x2A, 0x00, 0x00, 0x2A, 0x00, 0x2A, 0x00, 0x2A, 0x00, 0x2A, 0x00, 0x00, 0x09, 0x00, 0x29,
            0x00, 0x01, 0x00, 0x01, 0x00, 0x00, 0x87, 0x00, 0x21, 0x00, 0x01, 0x00, 0x01, 0x00, 0x00, 0xC7,
            0x01, 0x21, 0x00, 0xC8, 0x01, 0x21, 0x00, 0x00, 0x01, 0x00, 0x01, 0x00, 0x01, 0x00, 0x87, 0x00,
            0x00, 0x21, 0x00, 0x01, 0x00, 0x2B, 0x00, 0x0B, 0x00, 0x00, 0x2A, 0x00, 0x2A, 0x00, 0x2A, 0x00,
            0x2A, 0x00, 0x00, 0x2A, 0x00, 0x2A, 0x00, 0x2A, 0x00, 0x2A, 0x00, 0x00, 0x2A, 0x00, 0x09, 0x00,
            0x29, 0x00, 0x43, 0x00, 0x00, 0x01, 0x00, 0x01, 0x00, 0x01, 0x00, 0x01, 0x00, 0x00, 0x01, 0x00,
            0x01, 0x00, 0x01, 0x00, 0x01, 0x00, 0x00, 0x01, 0x00, 0x01, 0x00, 0x01, 0x00, 0x01, 0x00, 0x00,
            0x01, 0x00, 0x01, 0x00, 0x01, 0x00, 0x01, 0x00, 0x00, 0x43, 0x00, 0x2B, 0x00, 0x0B, 0x00, 0x2A,
            0x00, 0x00, 0x2A, 0x00, 0x2A, 0x00, 0x2A, 0x00, 0x2A, 0x00, 0x00, 0x2A, 0x00, 0x2A, 0x00, 0x09,
            0x00, 0x29, 0x00, 0x00, 0xC2, 0x01, 0x23, 0x00, 0x21, 0x00, 0x01, 0x00, 0x00, 0x01, 0x00, 0x01,
            0x00, 0x01, 0x00, 0x01, 0x00, 0x00, 0x01, 0x00, 0xC9, 0x01, 0x21, 0x00, 0x01, 0x00, 0x00, 0x01,
            0x00, 0x01, 0x00, 0x01, 0x00, 0x01, 0x00, 0x00, 0x01, 0x00, 0x01, 0x00, 0x23, 0x00, 0xC2, 0x01,
            0x00, 0x2B, 0x00, 0x0B, 0x00, 0x2A, 0x00, 0x2A, 0x00, 0x00, 0x2A, 0x00, 0x2A, 0x00, 0x2A, 0x00,
            0x09, 0x00, 0x00, 0x29, 0x00, 0x01, 0x00, 0x20, 0x00, 0x21, 0x00, 0x00, 0x01, 0x00, 0x01, 0x00,
            0x01, 0x00, 0x01, 0x00, 0x00, 0x4B, 0x00, 0x4A, 0x00, 0x4A, 0x00, 0x4A, 0x00, 0x00, 0x4A, 0x00,
            0x4A, 0x00, 0x4A, 0x00, 0x49, 0x00, 0x00, 0x01, 0x00, 0x01, 0x00, 0x01, 0x00, 0x01, 0x00, 0x00,
            0x01, 0x00, 0x20, 0x00, 0x21, 0x00, 0x2B, 0x00, 0x00, 0x0B, 0x00, 0x2A, 0x00, 0x2A, 0x00, 0x2A,
            0x00, 0x00, 0x2A, 0x00, 0x28, 0x00, 0x01, 0x00, 0x01, 0x00, 0x00, 0x01, 0x00, 0x01, 0x00, 0x01,
            0x00, 0x01, 0x00, 0x00, 0x01, 0x00, 0x4B, 0x00, 0x4C, 0x00, 0x2A, 0x00, 0x00, 0x2A, 0x00, 0x2A,
            0x00, 0x2A, 0x00, 0x2A, 0x00, 0x00, 0x2A, 0x00, 0x48, 0x00, 0x49, 0x00, 0x01, 0x00, 0x00, 0x01,
            0x00, 0x01, 0x00, 0x01, 0x00, 0x01, 0x00, 0x00, 0x01, 0x00, 0x01, 0x00, 0x2C, 0x00, 0x2A, 0x00,
            0x00, 0x2A, 0x00, 0x2A, 0x00, 0x09, 0x00, 0x29, 0x00, 0x00, 0x01, 0x00, 0x01, 0x00, 0x01, 0x00,
            0x01, 0x00, 0x00, 0x01, 0x00, 0x4B, 0x00, 0x4A, 0x00, 0x4C, 0x00, 0x00, 0x2A, 0x00, 0x2A, 0x00,
            0x2A, 0x00, 0x2A, 0x00, 0x00, 0x2A, 0x00, 0x2A, 0x00, 0x2A, 0x00, 0x2A, 0x00, 0x00, 0x48, 0x00,
            0x4A, 0x00, 0x49, 0x00, 0x01, 0x00, 0x00, 0x01, 0x00, 0x01, 0x00, 0x01, 0x00, 0x01, 0x00, 0x00,
            0x2B, 0x00, 0x0B, 0x00, 0x2A, 0x00, 0x2A, 0x00, 0x00, 0x28, 0x00, 0x01, 0x00, 0x87, 0x00, 0x21,
            0x00, 0x00, 0x01, 0x00, 0x01, 0x00, 0x01, 0x00, 0x2C, 0x00, 0x00, 0x2A, 0x00, 0x2A, 0x00, 0x09,
            0x00, 0x0A, 0x00, 0x00, 0x0A, 0x00, 0x0A, 0x00, 0x0A, 0x00, 0x0A, 0x00, 0x00, 0x0A, 0x00, 0x0B,
            0x00, 0x2A, 0x00, 0x2A, 0x00, 0x00, 0x28, 0x00, 0x01, 0x00, 0x01, 0x00, 0x01, 0x00, 0x00, 0x01,
            0x00, 0x87, 0x00, 0x21, 0x00, 0x2C, 0x00, 0x00, 0x2A, 0x00, 0x2A, 0x00, 0x28, 0x00, 0x01, 0x00,
            0x00, 0x01, 0x00, 0x01, 0x00, 0x01, 0x00, 0x01, 0x00, 0x00, 0x4B, 0x00, 0x4C, 0x00, 0x2A, 0x00,
            0x09, 0x00, 0x00, 0x29, 0x00, 0x20, 0x00, 0x20, 0x00, 0x20, 0x00, 0x00, 0x20, 0x00, 0x03, 0x00,
            0x01, 0x00, 0x2B, 0x00, 0x00, 0x0B, 0x00, 0x2A, 0x00, 0x48, 0x00, 0x49, 0x00, 0x00, 0x01, 0x00,
            0x01, 0x00, 0x01, 0x00, 0x01, 0x00, 0x00, 0x01, 0x00, 0x2C, 0x00, 0x2A, 0x00, 0x09, 0x00, 0x00,
            0x29, 0x00, 0x01, 0x00, 0x01, 0x00, 0x01, 0x00, 0x00, 0x01, 0x00, 0x4B, 0x00, 0x4C, 0x00, 0x2A,
            0x00, 0x00, 0x09, 0x00, 0x29, 0x00, 0x02, 0x00, 0xA5, 0x01, 0x00, 0xA5, 0x01, 0xA5, 0x01, 0xA5,
            0x01, 0x22, 0x00, 0x00, 0x21, 0x00, 0x01, 0x00, 0x2B, 0x00, 0x0B, 0x00, 0x00, 0x2A, 0x00, 0x48,
            0x00, 0x49, 0x00, 0x01, 0x00, 0x00, 0x01, 0x00, 0x01, 0x00, 0x01, 0x00, 0x2B, 0x00, 0x00, 0x0B,
            0x00, 0x28, 0x00, 0x01, 0x00, 0xD6, 0x01, 0x00, 0x21, 0x00, 0x01, 0x00, 0x01, 0x00, 0x2C, 0x00,
            0x00, 0x2A, 0x00, 0x2A, 0x00, 0x28, 0x00, 0x01, 0x00, 0x00, 0x22, 0x00, 0xA5, 0x01, 0xA4, 0x01,
            0xA4, 0x01, 0x00, 0xA5, 0x01, 0x22, 0x00, 0x21, 0x00, 0x01, 0x00, 0x00, 0x01, 0x00, 0x2C, 0x00,
            0x2A, 0x00, 0x2A, 0x00, 0x00, 0x28, 0x00, 0x01, 0x00, 0x01, 0x00, 0x01, 0x00, 0x00, 0xCB, 0x01,
            0x21, 0x00, 0x2C, 0x00, 0x28, 0x00, 0x00, 0x01, 0x00, 0x01, 0x00, 0xD7, 0x01, 0x21, 0x00, 0x00,
            0x01, 0x00, 0x2C, 0x00, 0x2A, 0x00, 0x2A, 0x00, 0x00, 0x28, 0x00, 0x01, 0x00, 0x23, 0x00, 0xA6,
            0x01, 0x00, 0xA7, 0x01, 0xA8, 0x01, 0xA9, 0x01, 0x23, 0x00, 0x00, 0x21, 0x00, 0x01, 0x00, 0x01,
            0x00, 0x2C, 0x00, 0x00, 0x2A, 0x00, 0x2A, 0x00, 0x28, 0x00, 0x01, 0x00, 0x00, 0x01, 0x00, 0xCC,
            0x01, 0x21, 0x00, 0x01, 0x00, 0x00, 0x2C, 0x00, 0x28, 0x00, 0x01, 0x00, 0xD4, 0x01, 0x00, 0x21,
            0x00, 0x01, 0x00, 0xD8, 0x01, 0x2C, 0x00, 0x00, 0x2A, 0x00, 0x2A, 0x00, 0x28, 0x00, 0x01, 0x00,
            0x00, 0xB6, 0x01, 0xA4, 0x01, 0xA4, 0x01, 0xA4, 0x01, 0x00, 0xA4, 0x01, 0x01, 0x00, 0x01, 0x00,
            0xB7, 0x01, 0x00, 0x21, 0x00, 0x2C, 0x00, 0x2A, 0x00, 0x2A, 0x00, 0x00, 0x28, 0x00, 0xCE, 0x01,
            0x21, 0x00, 0x01, 0x00, 0x00, 0xCA, 0x01, 0x21, 0x00, 0x2C, 0x00, 0x28, 0x00, 0x00, 0x01, 0x00,
            0x01, 0x00, 0xD6, 0x01, 0x21, 0x00, 0x00, 0x01, 0x00, 0x2C, 0x00, 0x2A, 0x00, 0x2A, 0x00, 0x00,
            0x28, 0x00, 0x01, 0x00, 0x01, 0x00, 0x01, 0x00, 0x00, 0x01, 0x00, 0x01, 0x00, 0x01, 0x00, 0x01,
            0x00, 0x00, 0x01, 0x00, 0x01, 0x00, 0x01, 0x00, 0x2C, 0x00, 0x00, 0x2A, 0x00, 0x2A, 0x00, 0x28,
            0x00, 0x01, 0x00, 0x00, 0x01, 0x00, 0xCD, 0x01, 0x21, 0x00, 0x01, 0x00, 0x00, 0x2C, 0x00, 0x28,
            0x00, 0x01, 0x00, 0xD5, 0x01, 0x00, 0x21, 0x00, 0x01, 0x00, 0x01, 0x00, 0x2C, 0x00, 0x00, 0x2A,
            0x00, 0x2A, 0x00, 0x28, 0x00, 0x01, 0x00, 0x00, 0x01, 0x00, 0xB5, 0x01, 0x21, 0x00, 0xB4, 0x01,
            0x00, 0x21, 0x00, 0x01, 0x00, 0xB6, 0x01, 0x21, 0x00, 0x00, 0x01, 0x00, 0x2C, 0x00, 0x2A, 0x00,
            0x2A, 0x00, 0x00, 0x28, 0x00, 0x01, 0x00, 0x01, 0x00, 0x01, 0x00, 0x00, 0xCC, 0x01, 0x21, 0x00,
            0x2C, 0x00, 0x28, 0x00, 0x00, 0x01, 0x00, 0x01, 0x00, 0x01, 0x00, 0x01, 0x00, 0x00, 0x01, 0x00,
            0x2C, 0x00, 0x2A, 0x00, 0x2A, 0x00, 0x00, 0x28, 0x00, 0x01, 0x00, 0x01, 0x00, 0x01, 0x00, 0x00,
            0x01, 0x00, 0x01, 0x00, 0x01, 0x00, 0x01, 0x00, 0x00, 0x01, 0x00, 0x01, 0x00, 0x01, 0x00, 0x2C,
            0x00, 0x00, 0x2A, 0x00, 0x2A, 0x00, 0x28, 0x00, 0x01, 0x00, 0x00, 0x01, 0x00, 0x01, 0x00, 0x01,
            0x00, 0x01, 0x00, 0x00, 0x2C, 0x00, 0x48, 0x00, 0x49, 0x00, 0x01, 0x00, 0x00, 0x01, 0x00, 0x01,
            0x00, 0x01, 0x00, 0x2B, 0x00, 0x00, 0x0B, 0x00, 0x2A, 0x00, 0x48, 0x00, 0x49, 0x00, 0x00, 0x01,
            0x00, 0x01, 0x00, 0x01, 0x00, 0x01, 0x00, 0x00, 0x01, 0x00, 0x01, 0x00, 0x01, 0x00, 0x01, 0x00,
            0x00, 0x4B, 0x00, 0x4C, 0x00, 0x2A, 0x00, 0x09, 0x00, 0x00, 0x29, 0x00, 0x01, 0x00, 0x01, 0x00,
            0x01, 0x00, 0x00, 0x01, 0x00, 0x4B, 0x00, 0x4C, 0x00, 0x2A, 0x00, 0x00, 0x28, 0x00, 0x01, 0x00,
            0x01, 0x00, 0x01, 0x00, 0x00, 0x01, 0x00, 0x01, 0x00, 0x2B, 0x00, 0x0B, 0x00, 0x00, 0x2A, 0x00,
            0x48, 0x00, 0x49, 0x00, 0x01, 0x00, 0x00, 0x01, 0x00, 0xB8, 0x01, 0x21, 0x00, 0x01, 0x00, 0x00,
            0x01, 0x00, 0x4B, 0x00, 0x4C, 0x00, 0x2A, 0x00, 0x00, 0x09, 0x00, 0x29, 0x00, 0x01, 0x00, 0x01,
            0x00, 0x00, 0x01, 0x00, 0x01, 0x00, 0x01, 0x00, 0x2C, 0x00, 0x00, 0x2A, 0x00, 0x2A, 0x00, 0x28,
            0x00, 0x01, 0x00, 0x00, 0x87, 0x00, 0x21, 0x00, 0x01, 0x00, 0x01, 0x00, 0x00, 0x01, 0x00, 0x2C,
            0x00, 0x2A, 0x00, 0x2A, 0x00, 0x00, 0x48, 0x00, 0x4A, 0x00, 0x4A, 0x00, 0x4A, 0x00, 0x00, 0x4A,
            0x00, 0x4A, 0x00, 0x4A, 0x00, 0x4C, 0x00, 0x00, 0x2A, 0x00, 0x2A, 0x00, 0x28, 0x00, 0x01, 0x00,
            0x00, 0x01, 0x00, 0x01, 0x00, 0x01, 0x00, 0x87, 0x00, 0x00, 0x21, 0x00, 0x2C, 0x00, 0x2A, 0x00,
            0x2A, 0x00, 0x00, 0x48, 0x00, 0x49, 0x00, 0x01, 0x00, 0x01, 0x00, 0x00, 0x01, 0x00, 0x01, 0x00,
            0x01, 0x00, 0x2B, 0x00, 0x00, 0x0A, 0x00, 0x0B, 0x00, 0x2A, 0x00, 0x2A, 0x00, 0x00, 0x2A, 0x00,
            0x2A, 0x00, 0x2A, 0x00, 0x2A, 0x00, 0x00, 0x2A, 0x00, 0x2A, 0x00, 0x09, 0x00, 0x0A, 0x00, 0x00,
            0x29, 0x00, 0x01, 0x00, 0x01, 0x00, 0x01, 0x00, 0x00, 0x01, 0x00, 0x01, 0x00, 0x4B, 0x00, 0x4C,
            0x00, 0x00, 0x2A, 0x00, 0x2A, 0x00, 0x2A, 0x00, 0x28, 0x00, 0x00, 0x01, 0x00, 0x01, 0x00, 0x43,
            0x00, 0x01, 0x00, 0x00, 0x01, 0x00, 0x01, 0x00, 0x01, 0x00, 0x2B, 0x00, 0x00, 0x0B, 0x00, 0x2A,
            0x00, 0x2A, 0x00, 0x2A, 0x00, 0x00, 0x2A, 0x00, 0x2A, 0x00, 0x2A, 0x00, 0x09, 0x00, 0x00, 0x29,
            0x00, 0x01, 0x00, 0x01, 0x00, 0x01, 0x00, 0x00, 0x01, 0x00, 0x43, 0x00, 0x01, 0x00, 0x01, 0x00,
            0x00, 0x2C, 0x00, 0x2A, 0x00, 0x2A, 0x00, 0x2A, 0x00, 0x00, 0x2A, 0x00, 0x48, 0x00, 0x49, 0x00,
            0x01, 0x00, 0x00, 0x23, 0x00, 0x03, 0x00, 0x01, 0x00, 0x01, 0x00, 0x00, 0x01, 0x00, 0x01, 0x00,
            0x2B, 0x00, 0x0A, 0x00, 0x00, 0x0A, 0x00, 0x0A, 0x00, 0x0A, 0x00, 0x0A, 0x00, 0x00, 0x0A, 0x00,
            0x29, 0x00, 0x01, 0x00, 0x01, 0x00, 0x00, 0x01, 0x00, 0x01, 0x00, 0x43, 0x00, 0x23, 0x00, 0x00,
            0x21, 0x00, 0x4B, 0x00, 0x4C, 0x00, 0x2A, 0x00, 0x00, 0x2A, 0x00, 0x2A, 0x00, 0x2A, 0x00, 0x2A,
            0x00, 0x00, 0x48, 0x00, 0x49, 0x00, 0xC2, 0x01, 0x23, 0x00, 0x00, 0x21, 0x00, 0x01, 0x00, 0x01,
            0x00, 0x01, 0x00, 0x00, 0x01, 0x00, 0x01, 0x00, 0x01, 0x00, 0xD3, 0x01, 0x00, 0x21, 0x00, 0x01,
            0x00, 0x01, 0x00, 0x01, 0x00, 0x00, 0x01, 0x00, 0x01, 0x00, 0x01, 0x00, 0x01, 0x00, 0x00, 0x23,
            0x00, 0xC2, 0x01, 0x4B, 0x00, 0x4C, 0x00, 0x00, 0x2A, 0x00, 0x2A, 0x00, 0x2A, 0x00, 0x2A, 0x00,
            0x00, 0x2A, 0x00, 0x2A, 0x00, 0x2A, 0x00, 0x48, 0x00, 0x00, 0x49, 0x00, 0x01, 0x00, 0x01, 0x00,
            0x01, 0x00, 0x00, 0x01, 0x00, 0x01, 0x00, 0x01, 0x00, 0x01, 0x00, 0x00, 0x01, 0x00, 0x01, 0x00,
            0x01, 0x00, 0x01, 0x00, 0x00, 0x01, 0x00, 0x01, 0x00, 0x01, 0x00, 0x01, 0x00, 0x00, 0x01, 0x00,
            0x01, 0x00, 0x01, 0x00, 0x4B, 0x00, 0x00, 0x4C, 0x00, 0x2A, 0x00, 0x2A, 0x00, 0x2A, 0x00, 0x00,
            0x2A, 0x00, 0x2A, 0x00, 0x2A, 0x00, 0x2A, 0x00, 0x00, 0x2A, 0x00, 0x2A, 0x00, 0x48, 0x00, 0x49,
            0x00, 0x00, 0x01, 0x00, 0x01, 0x00, 0x87, 0x00, 0x21, 0x00, 0x00, 0x01, 0x00, 0x01, 0x00, 0xD2,
            0x01, 0x21, 0x00, 0x00, 0xD1, 0x01, 0x21, 0x00, 0x01, 0x00, 0x01, 0x00, 0x00, 0x01, 0x00, 0x87,
            0x00, 0x21, 0x00, 0x01, 0x00, 0x00, 0x4B, 0x00, 0x4C, 0x00, 0x2A, 0x00, 0x2A, 0x00, 0x00, 0x2A,
            0x00, 0x2A, 0x00, 0x2A, 0x00, 0x2A, 0x00, 0x00, 0x2A, 0x00, 0x2A, 0x00, 0x2A, 0x00, 0x2A, 0x00,
            0x00, 0x2A, 0x00, 0x48, 0x00, 0x4A, 0x00, 0x49, 0x00, 0x00, 0x01, 0x00, 0x01, 0x00, 0x01, 0x00,
            0xD1, 0x01, 0x00, 0x21, 0x00, 0xCF, 0x01, 0x21, 0x00, 0xD0, 0x01, 0x00, 0x21, 0x00, 0x01, 0x00,
            0x01, 0x00, 0x01, 0x00, 0x00, 0x4B, 0x00, 0x4A, 0x00, 0x4C, 0x00, 0x2A, 0x00, 0x00, 0x2A, 0x00,
            0x2A, 0x00, 0x2A, 0x00, 0x2A, 0x00, 0x00, 0x2A, 0x00, 0x2A, 0x00, 0x2A, 0x00, 0x2A, 0x00, 0x00,
            0x2A, 0x00, 0x2A, 0x00, 0x2A, 0x00, 0x2A, 0x00, 0x00, 0x2A, 0x00, 0x48, 0x00, 0x4A, 0x00, 0x4A,
            0x00, 0x00, 0x49, 0x00, 0x01, 0x00, 0x01, 0x00, 0x01, 0x00, 0x00, 0x01, 0x00, 0x01, 0x00, 0x01,
            0x00, 0x4B, 0x00, 0x00, 0x49, 0x00, 0xC2, 0x01, 0x2C, 0x00, 0x2A, 0x00, 0x00, 0x2A, 0x00, 0x2A,
            0x00, 0x2A, 0x00, 0x2A, 0x00, 0x00, 0x2A, 0x00, 0x2A, 0x00, 0x2A, 0x00, 0x2A, 0x00, 0x00, 0x2A,
            0x00, 0x2A, 0x00, 0x2A, 0x00, 0x2A, 0x00, 0x00, 0x2A, 0x00, 0x2A, 0x00, 0x2A, 0x00, 0x2A, 0x00,
            0x00, 0x2A, 0x00, 0x2A, 0x00, 0x48, 0x00, 0x4A, 0x00, 0x00, 0x4A, 0x00, 0x4A, 0x00, 0x4A, 0x00,
            0x4A, 0x00, 0x00, 0x4A, 0x00, 0x4C, 0x00, 0x48, 0x00, 0x4A, 0x00, 0x00, 0x4C, 0x00, 0x2A, 0x00,
            0x2A, 0x00, 0x2A, 0x00, 0x00, 0x2A, 0x00, 0x2A, 0x00, 0x2A, 0x00, 0x2A, 0x00, 0x00, 0x2A, 0x00,
        ],
        units: &[
            0xFE, 0x01, 0x00, 0x00, 0x00, 0x00, 0x00, 0x00, 0x00, 0x00, 0x00, 0x00,
            0x0E, 0x01, 0x01, 0x00, 0x64, 0x63, 0x63, 0x00, 0x00, 0x04, 0x00, 0x00,
            0x0D, 0x02, 0x02, 0x00, 0x64, 0x63, 0x63, 0x00, 0x00, 0x04, 0x00, 0x00,
            0x0F, 0x02, 0x05, 0x00, 0x64, 0x63, 0x63, 0x00, 0x00, 0x04, 0x00, 0x00,
            0x0E, 0x03, 0x0A, 0x00, 0x64, 0x63, 0x63, 0x00, 0x00, 0x04, 0x00, 0x00,
            0x0E, 0x06, 0x17, 0x00, 0x64, 0x63, 0x63, 0x00, 0x00, 0x04, 0x00, 0x00,
            0x0F, 0x06, 0x16, 0x00, 0x64, 0x63, 0x63, 0x00, 0x00, 0x04, 0x00, 0x00,
            0xFE, 0x02, 0x00, 0x00, 0x00, 0x00, 0x00, 0x00, 0x00, 0x00, 0x00, 0x00,
            0x1B, 0x0D, 0x01, 0x00, 0x64, 0x63, 0x63, 0x00, 0x00, 0x04, 0x00, 0x00,
            0x1A, 0x0E, 0x02, 0x00, 0x64, 0x63, 0x63, 0x00, 0x00, 0x04, 0x00, 0x00,
            0x1C, 0x0E, 0x05, 0x00, 0x64, 0x63, 0x63, 0x00, 0x00, 0x04, 0x00, 0x00,
            0x1B, 0x0F, 0x0A, 0x00, 0x64, 0x63, 0x63, 0x00, 0x00, 0x04, 0x00, 0x00,
            0x17, 0x0E, 0x17, 0x00, 0x64, 0x63, 0x63, 0x00, 0x00, 0x04, 0x00, 0x00,
            0x17, 0x0F, 0x16, 0x00, 0x64, 0x63, 0x63, 0x00, 0x00, 0x04, 0x00, 0x00,
            0xFE, 0x03, 0x00, 0x00, 0x00, 0x00, 0x00, 0x00, 0x00, 0x00, 0x00, 0x00,
            0x0E, 0x1A, 0x01, 0x00, 0x64, 0x63, 0x63, 0x00, 0x00, 0x04, 0x00, 0x00,
            0x0D, 0x1B, 0x02, 0x00, 0x64, 0x63, 0x63, 0x00, 0x00, 0x04, 0x00, 0x00,
            0x0F, 0x1B, 0x05, 0x00, 0x64, 0x63, 0x63, 0x00, 0x00, 0x04, 0x00, 0x00,
            0x0E, 0x1C, 0x0A, 0x00, 0x64, 0x63, 0x63, 0x00, 0x00, 0x04, 0x00, 0x00,
            0x0E, 0x17, 0x17, 0x00, 0x64, 0x63, 0x63, 0x00, 0x00, 0x04, 0x00, 0x00,
            0x0F, 0x17, 0x16, 0x00, 0x64, 0x63, 0x63, 0x00, 0x00, 0x04, 0x00, 0x00,
            0xFE, 0x04, 0x00, 0x00, 0x00, 0x00, 0x00, 0x00, 0x00, 0x00, 0x00, 0x00,
            0x02, 0x0D, 0x01, 0x00, 0x64, 0x63, 0x63, 0x00, 0x00, 0x04, 0x00, 0x00,
            0x01, 0x0E, 0x02, 0x00, 0x64, 0x63, 0x63, 0x00, 0x00, 0x04, 0x00, 0x00,
            0x03, 0x0E, 0x05, 0x00, 0x64, 0x63, 0x63, 0x00, 0x00, 0x04, 0x00, 0x00,
            0x02, 0x0F, 0x0A, 0x00, 0x64, 0x63, 0x63, 0x00, 0x00, 0x04, 0x00, 0x00,
            0x06, 0x0E, 0x17, 0x00, 0x64, 0x63, 0x63, 0x00, 0x00, 0x04, 0x00, 0x00,
            0x06, 0x0F, 0x16, 0x00, 0x64, 0x63, 0x63, 0x00, 0x00, 0x04, 0x00, 0x00,
            0xFE, 0x05, 0x00, 0x00, 0x00, 0x00, 0x00, 0x00, 0x00, 0x00, 0x00, 0x00,
            0x0E, 0x0F, 0x01, 0x00, 0x64, 0x63, 0x63, 0x00, 0x00, 0x04, 0x00, 0x00,
            0x0D, 0x10, 0x02, 0x00, 0x64, 0x63, 0x63, 0x00, 0x00, 0x04, 0x00, 0x00,
            0x0F, 0x10, 0x05, 0x00, 0x64, 0x63, 0x63, 0x00, 0x00, 0x04, 0x00, 0x00,
            0x0E, 0x11, 0x0A, 0x00, 0x64, 0x63, 0x63, 0x00, 0x00, 0x04, 0x00, 0x00,
            0x0E, 0x14, 0x17, 0x00, 0x64, 0x63, 0x63, 0x00, 0x00, 0x04, 0x00, 0x00,
            0x0F, 0x14, 0x16, 0x00, 0x64, 0x63, 0x63, 0x00, 0x00, 0x04, 0x00, 0x00,
            0xFF, 0x00, 0x00, 0x00, 0x00, 0x00, 0x00, 0x00, 0x00, 0x00, 0x00, 0x00,
        ],
    },
    // Skyreach: 32x36, properties {0: 10, 1: 7, 2: 7, 3: 7, 4: 7, 5: 7}
    Map {
        name: "Skyreach",
        armies: 5,
        tab: 9,
        colours: &[1, 2, 3, 4, 5],
        obelisk: false,
        ds: false,
        wasteland: false,
        tiles: &[
            0x10, 0x02, 0x09, 0x00, 0x00, 0x20, 0x24, 0x87, 0x00, 0x02, 0x00, 0x02, 0x00, 0x00, 0x20, 0x00,
            0x20, 0x00, 0x02, 0x00, 0x02, 0x00, 0x00, 0x86, 0x00, 0x02, 0x00, 0x02, 0x00, 0x02, 0x00, 0x00,
            0x20, 0x00, 0x02, 0x00, 0x02, 0x00, 0x86, 0x00, 0x00, 0x02, 0x00, 0x02, 0x00, 0x02, 0x00, 0x20,
            0x00, 0x00, 0x02, 0x00, 0x02, 0x00, 0x86, 0x00, 0x02, 0x00, 0x00, 0x02, 0x00, 0x02, 0x00, 0x20,
            0x00, 0x02, 0x00, 0x00, 0x02, 0x00, 0x86, 0x00, 0x02, 0x00, 0x02, 0x00, 0x00, 0x02, 0x00, 0x02,
            0x00, 0x23, 0x00, 0x22, 0x00, 0x00, 0x86, 0x00, 0x86, 0x00, 0x23, 0x00, 0x23, 0x00, 0x00, 0x20,
            0x00, 0x23, 0x00, 0x22, 0x00, 0x22, 0x00, 0x00, 0x86, 0x00, 0x22, 0x00, 0x22, 0x00, 0x86, 0x00,
            0x00, 0x23, 0x00, 0x22, 0x00, 0x22, 0x00, 0x86, 0x00, 0x00, 0x22, 0x00, 0x22, 0x00, 0x02, 0x00,
            0x23, 0x00, 0x00, 0x23, 0x00, 0x23, 0x00, 0x86, 0x00, 0x23, 0x00, 0x00, 0x23, 0x00, 0x02, 0x00,
            0x23, 0x00, 0x22, 0x00, 0x00, 0x22, 0x00, 0x22, 0x00, 0x86, 0x00, 0x22, 0x00, 0x00, 0x20, 0x00,
            0x21, 0x00, 0x01, 0x00, 0x01, 0x00, 0x00, 0x01, 0x00, 0x01, 0x00, 0x23, 0x00, 0x22, 0x00, 0x00,
            0x02, 0x00, 0x23, 0x00, 0x22, 0x00, 0x02, 0x00, 0x00, 0x86, 0x00, 0x22, 0x00, 0x22, 0x00, 0x86,
            0x00, 0x00, 0x23, 0x00, 0x22, 0x00, 0x22, 0x00, 0x86, 0x00, 0x00, 0x21, 0x00, 0x01, 0x00, 0x01,
            0x00, 0x01, 0x00, 0x00, 0x01, 0x00, 0x23, 0x00, 0x86, 0x00, 0x22, 0x00, 0x00, 0x22, 0x00, 0x22,
            0x00, 0x86, 0x00, 0x23, 0x00, 0x00, 0x21, 0x00, 0x01, 0x00, 0x01, 0x00, 0x01, 0x00, 0x00, 0x01,
            0x00, 0x01, 0x00, 0x01, 0x00, 0x23, 0x00, 0x00, 0x22, 0x00, 0x86, 0x00, 0x22, 0x00, 0x22, 0x00,
            0x00, 0xC3, 0x01, 0x23, 0x00, 0x22, 0x00, 0x02, 0x00, 0x00, 0x86, 0x00, 0x23, 0x00, 0x23, 0x00,
            0x21, 0x00, 0x00, 0x01, 0x00, 0x01, 0x00, 0x01, 0x00, 0x01, 0x00, 0x00, 0x01, 0x00, 0x01, 0x00,
            0x20, 0x00, 0x23, 0x00, 0x00, 0x23, 0x00, 0x22, 0x00, 0x20, 0x00, 0x21, 0x00, 0x00, 0xC8, 0x01,
            0x21, 0x00, 0x01, 0x00, 0x01, 0x00, 0x00, 0x01, 0x00, 0x01, 0x00, 0xC8, 0x01, 0x21, 0x00, 0x00,
            0x23, 0x00, 0x02, 0x00, 0x23, 0x00, 0x22, 0x00, 0x00, 0x02, 0x00, 0x86, 0x00, 0x22, 0x00, 0x22,
            0x00, 0x00, 0x02, 0x00, 0x86, 0x00, 0x21, 0x00, 0xCD, 0x01, 0x00, 0x21, 0x00, 0x01, 0x00, 0x01,
            0x00, 0x01, 0x00, 0x00, 0x01, 0x00, 0xCD, 0x01, 0x21, 0x00, 0x87, 0x00, 0x00, 0x86, 0x00, 0x22,
            0x00, 0x21, 0x00, 0x01, 0x00, 0x00, 0x01, 0x00, 0x01, 0x00, 0x01, 0x00, 0x01, 0x00, 0x00, 0x01,
            0x00, 0x01, 0x00, 0x01, 0x00, 0x01, 0x00, 0x00, 0x01, 0x00, 0x22, 0x00, 0x86, 0x00, 0x22, 0x00,
            0x00, 0x22, 0x00, 0x86, 0x00, 0x23, 0x00, 0x22, 0x00, 0x00, 0x22, 0x00, 0x21, 0x00, 0x01, 0x00,
            0x01, 0x00, 0x00, 0x01, 0x00, 0x01, 0x00, 0x01, 0x00, 0x01, 0x00, 0x00, 0x01, 0x00, 0x01, 0x00,
            0x01, 0x00, 0x01, 0x00, 0x00, 0x20, 0x00, 0x23, 0x00, 0x21, 0x00, 0x01, 0x00, 0x00, 0x01, 0x00,
            0x01, 0x00, 0x01, 0x00, 0xC5, 0x01, 0x00, 0x21, 0x00, 0x01, 0x00, 0x01, 0x00, 0x01, 0x00, 0x00,
            0x01, 0x00, 0x22, 0x00, 0x20, 0x00, 0x23, 0x00, 0x00, 0x22, 0x00, 0x02, 0x00, 0x86, 0x00, 0x22,
            0x00, 0x00, 0x22, 0x00, 0x21, 0x00, 0x01, 0x00, 0x01, 0x00, 0x00, 0x01, 0x00, 0x01, 0x00, 0xCA,
            0x01, 0x21, 0x00, 0x00, 0x01, 0x00, 0x01, 0x00, 0x01, 0x00, 0x01, 0x00, 0x00, 0x87, 0x00, 0x87,
            0x00, 0x03, 0x00, 0xC7, 0x01, 0x00, 0x21, 0x00, 0x01, 0x00, 0x01, 0x00, 0x01, 0x00, 0x00, 0x01,
            0x00, 0x01, 0x00, 0x01, 0x00, 0xC7, 0x01, 0x00, 0x21, 0x00, 0x22, 0x00, 0x86, 0x00, 0x86, 0x00,
            0x00, 0x23, 0x00, 0x22, 0x00, 0x02, 0x00, 0x23, 0x00, 0x00, 0x22, 0x00, 0x03, 0x00, 0xCC, 0x01,
            0x21, 0x00, 0x00, 0x01, 0x00, 0x01, 0x00, 0x01, 0x00, 0x01, 0x00, 0x00, 0x01, 0x00, 0x01, 0x00,
            0xCC, 0x01, 0x03, 0x00, 0x00, 0x02, 0x00, 0x02, 0x00, 0x23, 0x00, 0x03, 0x00, 0x00, 0x01, 0x00,
            0xC6, 0x01, 0x21, 0x00, 0x01, 0x00, 0x00, 0x01, 0x00, 0x01, 0x00, 0x01, 0x00, 0x43, 0x00, 0x00,
            0x87, 0x00, 0x22, 0x00, 0x02, 0x00, 0x02, 0x00, 0x00, 0xC2, 0x01, 0x22, 0x00, 0x22, 0x00, 0x86,
            0x00, 0x00, 0x22, 0x00, 0x22, 0x00, 0x03, 0x00, 0x01, 0x00, 0x00, 0xCB, 0x01, 0x21, 0x00, 0x01,
            0x00, 0x01, 0x00, 0x00, 0x01, 0x00, 0x01, 0x00, 0x01, 0x00, 0x22, 0x00, 0x00, 0x22, 0x00, 0x22,
            0x00, 0x86, 0x00, 0x22, 0x00, 0x00, 0x03, 0x00, 0x01, 0x00, 0x01, 0x00, 0xC8, 0x01, 0x00, 0x21,
            0x00, 0x01, 0x00, 0x43, 0x00, 0x22, 0x00, 0x00, 0x02, 0x00, 0x23, 0x00, 0x22, 0x00, 0x22, 0x00,
            0x00, 0x86, 0x00, 0x22, 0x00, 0x22, 0x00, 0x02, 0x00, 0x00, 0x23, 0x00, 0x22, 0x00, 0x22, 0x00,
            0x03, 0x00, 0x00, 0x01, 0x00, 0x01, 0x00, 0xCD, 0x01, 0x21, 0x00, 0x00, 0x01, 0x00, 0x43, 0x00,
            0x87, 0x00, 0x23, 0x00, 0x00, 0x22, 0x00, 0x22, 0x00, 0x02, 0x00, 0x23, 0x00, 0x00, 0x22, 0x00,
            0x03, 0x00, 0x43, 0x00, 0x43, 0x00, 0x00, 0x43, 0x00, 0x43, 0x00, 0x23, 0x00, 0x22, 0x00, 0x00,
            0x22, 0x00, 0x86, 0x00, 0x22, 0x00, 0x22, 0x00, 0x00, 0x02, 0x00, 0x23, 0x00, 0x22, 0x00, 0x22,
            0x00, 0x00, 0x86, 0x00, 0x22, 0x00, 0x22, 0x00, 0x22, 0x00, 0x00, 0x21, 0x00, 0x43, 0x00, 0x43,
            0x00, 0x43, 0x00, 0x00, 0x43, 0x00, 0x22, 0x00, 0x02, 0x00, 0x86, 0x00, 0x00, 0x22, 0x00, 0x22,
            0x00, 0x22, 0x00, 0x86, 0x00, 0x00, 0x23, 0x00, 0x22, 0x00, 0x22, 0x00, 0x23, 0x00, 0x00, 0x22,
            0x00, 0x22, 0x00, 0x86, 0x00, 0x23, 0x00, 0x00, 0x22, 0x00, 0x02, 0x00, 0x23, 0x00, 0x23, 0x00,
            0x00, 0x23, 0x00, 0x86, 0x00, 0x22, 0x00, 0x22, 0x00, 0x00, 0x02, 0x00, 0x23, 0x00, 0x22, 0x00,
            0x22, 0x00, 0x00, 0x86, 0x00, 0x22, 0x00, 0x23, 0x00, 0x22, 0x00, 0x00, 0x23, 0x00, 0x22, 0x00,
            0x22, 0x00, 0x86, 0x00, 0x00, 0x22, 0x00, 0x22, 0x00, 0x22, 0x00, 0x02, 0x00, 0x00, 0x86, 0x00,
            0x22, 0x00, 0x22, 0x00, 0x86, 0x00, 0x00, 0x23, 0x00, 0x22, 0x00, 0x02, 0x00, 0xC3, 0x01, 0x00,
            0x22, 0x00, 0x22, 0x00, 0x86, 0x00, 0xA4, 0x01, 0x00, 0xA4, 0x01, 0xA4, 0x01, 0x23, 0x00, 0x23,
            0x00, 0x00, 0x22, 0x00, 0x86, 0x00, 0x22, 0x00, 0x22, 0x00, 0x00, 0x02, 0x00, 0x23, 0x00, 0x86,
            0x00, 0x22, 0x00, 0x00, 0x86, 0x00, 0x22, 0x00, 0x23, 0x00, 0x02, 0x00, 0x00, 0x23, 0x00, 0x23,
            0x00, 0x23, 0x00, 0x22, 0x00, 0x00, 0x86, 0x00, 0x22, 0x00, 0x22, 0x00, 0x02, 0x00, 0x00, 0x86,
            0x00, 0x22, 0x00, 0x22, 0x00, 0x86, 0x00, 0x00, 0x22, 0x00, 0x23, 0x00, 0x21, 0x00, 0x89, 0x01,
            0x00, 0x8A, 0x01, 0x8B, 0x01, 0x01, 0x00, 0x87, 0x00, 0x00, 0x22, 0x00, 0x02, 0x00, 0x23, 0x00,
            0x22, 0x00, 0x00, 0x23, 0x00, 0x86, 0x00, 0x02, 0x00, 0x22, 0x00, 0x00, 0x02, 0x00, 0x23, 0x00,
            0x86, 0x00, 0x22, 0x00, 0x00, 0x86, 0x00, 0x87, 0x00, 0x86, 0x00, 0x22, 0x00, 0x00, 0x02, 0x00,
            0x23, 0x00, 0x22, 0x00, 0x22, 0x00, 0x00, 0x86, 0x00, 0x22, 0x00, 0x23, 0x00, 0x02, 0x00, 0x00,
            0x23, 0x00, 0x21, 0x00, 0x01, 0x00, 0xA4, 0x01, 0x00, 0xA4, 0x01, 0xA4, 0x01, 0x01, 0x00, 0x01,
            0x00, 0x00, 0x23, 0x00, 0x23, 0x00, 0x86, 0x00, 0x22, 0x00, 0x00, 0x86, 0x00, 0x02, 0x00, 0x23,
            0x00, 0x22, 0x00, 0x00, 0x22, 0x00, 0x86, 0x00, 0x02, 0x00, 0x22, 0x00, 0x00, 0x20, 0x00, 0x02,
            0x00, 0x20, 0x00, 0x22, 0x00, 0x00, 0x22, 0x00, 0x86, 0x00, 0x23, 0x00, 0x22, 0x00, 0x00, 0x02,
            0x00, 0x23, 0x00, 0x86, 0x00, 0x23, 0x00, 0x00, 0x21, 0x00, 0xB7, 0x01, 0x21, 0x00, 0x01, 0x00,
            0x00, 0x01, 0x00, 0x01, 0x00, 0x01, 0x00, 0xB7, 0x01, 0x00, 0x21, 0x00, 0x87, 0x00, 0x02, 0x00,
            0x23, 0x00, 0x00, 0x02, 0x00, 0x22, 0x00, 0x86, 0x00, 0x22, 0x00, 0x00, 0x23, 0x00, 0x02, 0x00,
            0x23, 0x00, 0x22, 0x00, 0x00, 0x86, 0x00, 0x22, 0x00, 0x86, 0x00, 0x23, 0x00, 0x00, 0x22, 0x00,
            0x02, 0x00, 0x86, 0x00, 0x23, 0x00, 0x00, 0x22, 0x00, 0x86, 0x00, 0x02, 0x00, 0x21, 0x00, 0x00,
            0x01, 0x00, 0x01, 0x00, 0x01, 0x00, 0x01, 0x00, 0x00, 0x01, 0x00, 0x01, 0x00, 0x01, 0x00, 0x01,
            0x00, 0x00, 0x01, 0x00, 0x01, 0x00, 0x22, 0x00, 0x86, 0x00, 0x00, 0x22, 0x00, 0x22, 0x00, 0x20,
            0x00, 0x23, 0x00, 0x00, 0x86, 0x00, 0x23, 0x00, 0x86, 0x00, 0x22, 0x00, 0x00, 0x02, 0x00, 0x22,
            0x00, 0x02, 0x00, 0xC3, 0x01, 0x00, 0x22, 0x00, 0x22, 0x00, 0x86, 0x00, 0xC2, 0x01, 0x00, 0x22,
            0x00, 0x02, 0x00, 0x23, 0x00, 0x21, 0x00, 0x00, 0x01, 0x00, 0x01, 0x00, 0x01, 0x00, 0x01, 0x00,
            0x00, 0xB4, 0x01, 0x21, 0x00, 0x01, 0x00, 0x01, 0x00, 0x00, 0x01, 0x00, 0x01, 0x00, 0x22, 0x00,
            0x02, 0x00, 0x00, 0x23, 0x00, 0x23, 0x00, 0xC2, 0x01, 0x86, 0x00, 0x00, 0x02, 0x00, 0x86, 0x00,
            0xC3, 0x01, 0x23, 0x00, 0x00, 0x22, 0x00, 0x22, 0x00, 0x22, 0x00, 0x86, 0x00, 0x00, 0x22, 0x00,
            0x22, 0x00, 0x02, 0x00, 0x20, 0x00, 0x00, 0x22, 0x00, 0x22, 0x00, 0x86, 0x00, 0x21, 0x00, 0x00,
            0xB6, 0x01, 0x21, 0x00, 0x01, 0x00, 0x01, 0x00, 0x00, 0x01, 0x00, 0x01, 0x00, 0x01, 0x00, 0x01,
            0x00, 0x00, 0xB6, 0x01, 0x21, 0x00, 0x23, 0x00, 0x22, 0x00, 0x00, 0x86, 0x00, 0x86, 0x00, 0x02,
            0x00, 0x02, 0x00, 0x00, 0x23, 0x00, 0x02, 0x00, 0x02, 0x00, 0x86, 0x00, 0x00, 0x22, 0x00, 0x22,
            0x00, 0x22, 0x00, 0x02, 0x00, 0x00, 0x23, 0x00, 0x23, 0x00, 0x22, 0x00, 0x86, 0x00, 0x00, 0x22,
            0x00, 0x22, 0x00, 0x02, 0x00, 0x86, 0x00, 0x00, 0x03, 0x00, 0x01, 0x00, 0xB5, 0x01, 0x21, 0x00,
            0x00, 0x01, 0x00, 0x01, 0x00, 0x01, 0x00, 0x01, 0x00, 0x00, 0x43, 0x00, 0x87, 0x00, 0x86, 0x00,
            0x22, 0x00, 0x00, 0x02, 0x00, 0x20, 0x00, 0x22, 0x00, 0x23, 0x00, 0x00, 0x86, 0x00, 0x22, 0x00,
            0x22, 0x00, 0x02, 0x00, 0x00, 0x23, 0x00, 0x23, 0x00, 0x22, 0x00, 0x22, 0x00, 0x00, 0x86, 0x00,
            0x86, 0x00, 0x22, 0x00, 0x02, 0x00, 0x00, 0x23, 0x00, 0x23, 0x00, 0x22, 0x00, 0x86, 0x00, 0x00,
            0x22, 0x00, 0x03, 0x00, 0x01, 0x00, 0x01, 0x00, 0x00, 0xB7, 0x01, 0x21, 0x00, 0x01, 0x00, 0x43,
            0x00, 0x00, 0x23, 0x00, 0x02, 0x00, 0x20, 0x00, 0x22, 0x00, 0x00, 0x22, 0x00, 0x86, 0x00, 0x22,
            0x00, 0x86, 0x00, 0x00, 0x02, 0x00, 0x23, 0x00, 0x22, 0x00, 0x23, 0x00, 0x00, 0x86, 0x00, 0x87,
            0x00, 0x22, 0x00, 0x22, 0x00, 0x00, 0x02, 0x00, 0x20, 0x00, 0x22, 0x00, 0x22, 0x00, 0x00, 0x86,
            0x00, 0x86, 0x00, 0x22, 0x00, 0x02, 0x00, 0x00, 0x23, 0x00, 0x22, 0x00, 0x03, 0x00, 0x01, 0x00,
            0x00, 0x01, 0x00, 0x01, 0x00, 0x43, 0x00, 0x23, 0x00, 0x00, 0x86, 0x00, 0x22, 0x00, 0x86, 0x00,
            0x22, 0x00, 0x00, 0x22, 0x00, 0x02, 0x00, 0x23, 0x00, 0x02, 0x00, 0x00, 0x22, 0x00, 0x86, 0x00,
            0x22, 0x00, 0x86, 0x00, 0x00, 0x02, 0x00, 0x02, 0x00, 0x23, 0x00, 0x22, 0x00, 0x00, 0x23, 0x00,
            0x86, 0x00, 0x22, 0x00, 0x22, 0x00, 0x00, 0x02, 0x00, 0x20, 0x00, 0x22, 0x00, 0x22, 0x00, 0x00,
            0x86, 0x00, 0x22, 0x00, 0x22, 0x00, 0xA4, 0x01, 0x00, 0xA4, 0x01, 0xA4, 0x01, 0x22, 0x00, 0x86,
            0x00, 0x00, 0x02, 0x00, 0x22, 0x00, 0xC3, 0x01, 0x23, 0x00, 0x00, 0x22, 0x00, 0x22, 0x00, 0x86,
            0x00, 0x22, 0x00, 0x00, 0x22, 0x00, 0x02, 0x00, 0x23, 0x00, 0x02, 0x00, 0x00, 0x22, 0x00, 0x22,
            0x00, 0x86, 0x00, 0x22, 0x00, 0x00, 0x86, 0x00, 0x02, 0x00, 0x23, 0x00, 0x22, 0x00, 0x00, 0x23,
            0x00, 0x86, 0x00, 0x22, 0x00, 0x22, 0x00, 0x00, 0x02, 0x00, 0x23, 0x00, 0x22, 0x00, 0x86, 0x01,
            0x00, 0x87, 0x01, 0x88, 0x01, 0x22, 0x00, 0x20, 0x00, 0x00, 0x23, 0x00, 0x22, 0x00, 0x02, 0x00,
            0x86, 0x00, 0x00, 0x22, 0x00, 0x22, 0x00, 0x86, 0x00, 0x23, 0x00, 0x00, 0x22, 0x00, 0x22, 0x00,
            0x86, 0x00, 0x22, 0x00, 0x00, 0x22, 0x00, 0x22, 0x00, 0x20, 0x00, 0x23, 0x00, 0x00, 0x02, 0x00,
            0x23, 0x00, 0x86, 0x00, 0x23, 0x00, 0x00, 0x86, 0x00, 0x20, 0x00, 0x23, 0x00, 0x22, 0x00, 0x00,
            0x22, 0x00, 0x86, 0x00, 0x22, 0x00, 0xA4, 0x01, 0x00, 0xA4, 0x01, 0xA4, 0x01, 0x22, 0x00, 0x86,
            0x00, 0x00, 0x86, 0x00, 0x22, 0x00, 0x22, 0x00, 0x02, 0x00, 0x00, 0x23, 0x00, 0x23, 0x00, 0x20,
            0x00, 0x86, 0x00, 0x00, 0x23, 0x00, 0x22, 0x00, 0x86, 0x00, 0x23, 0x00, 0x00, 0x22, 0x00, 0x22,
            0x00, 0x86, 0x00, 0x86, 0x00, 0x00, 0x23, 0x00, 0x21, 0x00, 0x01, 0x00, 0x01, 0x00, 0x00, 0x01,
            0x00, 0x01, 0x00, 0x87, 0x00, 0x22, 0x00, 0x00, 0x22, 0x00, 0x86, 0x00, 0x23, 0x00, 0x02, 0x00,
            0x00, 0x20, 0x00, 0x86, 0x00, 0x22, 0x00, 0x02, 0x00, 0x00, 0x02, 0x00, 0x23, 0x00, 0x22, 0x00,
            0x23, 0x00, 0x00, 0x21, 0x00, 0x01, 0x00, 0x01, 0x00, 0x01, 0x00, 0x00, 0x01, 0x00, 0x23, 0x00,
            0x02, 0x00, 0x86, 0x00, 0x00, 0x23, 0x00, 0x22, 0x00, 0x02, 0x00, 0x20, 0x00, 0x00, 0x21, 0x00,
            0x01, 0x00, 0x01, 0x00, 0x01, 0x00, 0x00, 0x01, 0x00, 0x01, 0x00, 0x01, 0x00, 0x23, 0x00, 0x00,
            0x22, 0x00, 0x02, 0x00, 0x86, 0x00, 0x22, 0x00, 0x00, 0xC2, 0x01, 0x20, 0x00, 0x23, 0x00, 0x22,
            0x00, 0x00, 0x22, 0x00, 0x86, 0x00, 0x23, 0x00, 0x21, 0x00, 0x00, 0x01, 0x00, 0x01, 0x00, 0x01,
            0x00, 0x01, 0x00, 0x00, 0x01, 0x00, 0x01, 0x00, 0x23, 0x00, 0x02, 0x00, 0x00, 0x86, 0x00, 0x23,
            0x00, 0x23, 0x00, 0x21, 0x00, 0x00, 0xD2, 0x01, 0x21, 0x00, 0x01, 0x00, 0x01, 0x00, 0x00, 0x01,
            0x00, 0x01, 0x00, 0xD2, 0x01, 0x21, 0x00, 0x00, 0x23, 0x00, 0x22, 0x00, 0x02, 0x00, 0x23, 0x00,
            0x00, 0x02, 0x00, 0x86, 0x00, 0x86, 0x00, 0x22, 0x00, 0x00, 0x22, 0x00, 0x20, 0x00, 0x21, 0x00,
            0xD7, 0x01, 0x00, 0x21, 0x00, 0x01, 0x00, 0x01, 0x00, 0x01, 0x00, 0x00, 0x01, 0x00, 0xD7, 0x01,
            0x21, 0x00, 0x23, 0x00, 0x00, 0x86, 0x00, 0x87, 0x00, 0x21, 0x00, 0x01, 0x00, 0x00, 0x01, 0x00,
            0x01, 0x00, 0x01, 0x00, 0x01, 0x00, 0x00, 0x01, 0x00, 0x01, 0x00, 0x01, 0x00, 0x01, 0x00, 0x00,
            0x01, 0x00, 0x22, 0x00, 0x23, 0x00, 0x86, 0x00, 0x00, 0x22, 0x00, 0x02, 0x00, 0x86, 0x00, 0x23,
            0x00, 0x00, 0x22, 0x00, 0x21, 0x00, 0x01, 0x00, 0x01, 0x00, 0x00, 0x01, 0x00, 0x01, 0x00, 0x01,
            0x00, 0x01, 0x00, 0x00, 0x01, 0x00, 0x01, 0x00, 0x01, 0x00, 0x01, 0x00, 0x00, 0x02, 0x00, 0x02,
            0x00, 0x21, 0x00, 0x01, 0x00, 0x00, 0x01, 0x00, 0x01, 0x00, 0x01, 0x00, 0xCF, 0x01, 0x00, 0x21,
            0x00, 0x01, 0x00, 0x01, 0x00, 0x01, 0x00, 0x00, 0x01, 0x00, 0x22, 0x00, 0x86, 0x00, 0x02, 0x00,
            0x00, 0x23, 0x00, 0x22, 0x00, 0x02, 0x00, 0x86, 0x00, 0x00, 0x22, 0x00, 0x21, 0x00, 0x01, 0x00,
            0x01, 0x00, 0x00, 0x01, 0x00, 0x01, 0x00, 0xD4, 0x01, 0x21, 0x00, 0x00, 0x01, 0x00, 0x01, 0x00,
            0x01, 0x00, 0x01, 0x00, 0x00, 0x22, 0x00, 0x22, 0x00, 0x03, 0x00, 0xD1, 0x01, 0x00, 0x21, 0x00,
            0x01, 0x00, 0x01, 0x00, 0x01, 0x00, 0x00, 0x01, 0x00, 0x01, 0x00, 0x01, 0x00, 0xD1, 0x01, 0x00,
            0x03, 0x00, 0x23, 0x00, 0x02, 0x00, 0x22, 0x00, 0x00, 0x86, 0x00, 0x22, 0x00, 0x22, 0x00, 0x02,
            0x00, 0x00, 0x23, 0x00, 0x03, 0x00, 0xD6, 0x01, 0x21, 0x00, 0x00, 0x01, 0x00, 0x01, 0x00, 0x01,
            0x00, 0x01, 0x00, 0x00, 0x01, 0x00, 0x01, 0x00, 0xD6, 0x01, 0x03, 0x00, 0x00, 0x22, 0x00, 0x22,
            0x00, 0x22, 0x00, 0x21, 0x00, 0x00, 0x01, 0x00, 0xD0, 0x01, 0x21, 0x00, 0x01, 0x00, 0x00, 0x01,
            0x00, 0x01, 0x00, 0x01, 0x00, 0x43, 0x00, 0x00, 0x22, 0x00, 0x86, 0x00, 0x22, 0x00, 0x22, 0x00,
            0x00, 0x86, 0x00, 0x23, 0x00, 0x22, 0x00, 0x22, 0x00, 0x00, 0x86, 0x00, 0x22, 0x00, 0x03, 0x00,
            0x01, 0x00, 0x00, 0xD5, 0x01, 0x21, 0x00, 0x01, 0x00, 0x01, 0x00, 0x00, 0x01, 0x00, 0x01, 0x00,
            0x43, 0x00, 0x23, 0x00, 0x00, 0x22, 0x00, 0x22, 0x00, 0x22, 0x00, 0x86, 0x00, 0x00, 0x03, 0x00,
            0x01, 0x00, 0x01, 0x00, 0xD2, 0x01, 0x00, 0x21, 0x00, 0x01, 0x00, 0x43, 0x00, 0x22, 0x00, 0x00,
            0x22, 0x00, 0x02, 0x00, 0x23, 0x00, 0x22, 0x00, 0x00, 0xC3, 0x01, 0x86, 0x00, 0x22, 0x00, 0x22,
            0x00, 0x00, 0x86, 0x00, 0x23, 0x00, 0x22, 0x00, 0x03, 0x00, 0x00, 0x01, 0x00, 0x01, 0x00, 0xD7,
            0x01, 0x21, 0x00, 0x00, 0x01, 0x00, 0x43, 0x00, 0x22, 0x00, 0x86, 0x00, 0x00, 0x22, 0x00, 0x22,
            0x00, 0x22, 0x00, 0x02, 0x00, 0x00, 0x23, 0x00, 0x03, 0x00, 0x43, 0x00, 0x43, 0x00, 0x00, 0x43,
            0x00, 0x43, 0x00, 0x22, 0x00, 0x23, 0x00, 0x00, 0x22, 0x00, 0x22, 0x00, 0x86, 0x00, 0x23, 0x00,
            0x00, 0x02, 0x00, 0x02, 0x00, 0x23, 0x00, 0x22, 0x00, 0x00, 0x02, 0x00, 0x86, 0x00, 0x22, 0x00,
            0x22, 0x00, 0x00, 0x03, 0x00, 0x01, 0x00, 0x01, 0x00, 0x43, 0x00, 0x00, 0x43, 0x00, 0x22, 0x00,
            0x22, 0x00, 0x02, 0x00, 0x00, 0x23, 0x00, 0x23, 0x00, 0x22, 0x00, 0x22, 0x00, 0x00, 0x86, 0x00,
            0x22, 0x00, 0x22, 0x00, 0x22, 0x00, 0x00, 0x23, 0x00, 0x22, 0x00, 0x22, 0x00, 0x86, 0x00, 0x00,
            0x22, 0x00, 0x22, 0x00, 0x02, 0x00, 0x86, 0x00, 0x00, 0x22, 0x00, 0x22, 0x00, 0x86, 0x00, 0x23,
            0x00, 0x00, 0x22, 0x00, 0x02, 0x00, 0x23, 0x00, 0x22, 0x00, 0x00, 0x22, 0x00, 0x86, 0x00, 0x86,
            0x00, 0x22, 0x00, 0x00, 0x22, 0x00, 0x23, 0x00, 0x23, 0x00, 0x22, 0x00, 0x00, 0x86, 0x00, 0x87,
            0x00, 0x23, 0x00, 0x23, 0x00, 0x00, 0x20, 0x00, 0x23, 0x00, 0x23, 0x00, 0x23, 0x00, 0x00, 0x86,
            0x00, 0x23, 0x00, 0x23, 0x00, 0x20, 0x00, 0x00, 0x23, 0x00, 0x23, 0x00, 0x23, 0x00, 0x86, 0x00,
            0x00, 0x23, 0x00, 0x23, 0x00, 0x20, 0x00, 0x86, 0x00, 0x00, 0x23, 0x00, 0x23, 0x00, 0x86, 0x00,
            0x23, 0x00, 0x00, 0x23, 0x00, 0x20, 0x00, 0x20, 0x00, 0x23, 0x00, 0x00, 0x23, 0x00, 0x86, 0x00,
            0x86, 0x00, 0x23, 0x00, 0x00, 0x20, 0x00, 0x00,
        ],
        units: &[
            0xFE, 0x01, 0x00, 0x00, 0x00, 0x00, 0x00, 0x00, 0x00, 0x00, 0x00, 0x00,
            0x09, 0x05, 0x10, 0x00, 0x64, 0x63, 0x63, 0x00, 0x00, 0x04, 0x00, 0x00,
            0x06, 0x08, 0x11, 0x00, 0x64, 0x63, 0x63, 0x00, 0x00, 0x04, 0x00, 0x00,
            0x03, 0x03, 0x13, 0x00, 0x64, 0x63, 0x63, 0x00, 0x00, 0x04, 0x00, 0x00,
            0x05, 0x09, 0x13, 0x00, 0x64, 0x63, 0x63, 0x00, 0x00, 0x04, 0x00, 0x00,
            0x06, 0x05, 0x0E, 0x00, 0x64, 0x63, 0x63, 0x00, 0x00, 0x04, 0x00, 0x00,
            0x05, 0x06, 0x0F, 0x00, 0x64, 0x63, 0x63, 0x00, 0x00, 0x04, 0x00, 0x00,
            0x07, 0x06, 0x01, 0x00, 0x64, 0x63, 0x63, 0x00, 0x00, 0x04, 0x00, 0x00,
            0xFE, 0x02, 0x00, 0x00, 0x00, 0x00, 0x00, 0x00, 0x00, 0x00, 0x00, 0x00,
            0x17, 0x04, 0x10, 0x00, 0x64, 0x63, 0x63, 0x00, 0x00, 0x04, 0x00, 0x00,
            0x16, 0x05, 0x11, 0x00, 0x64, 0x63, 0x63, 0x00, 0x00, 0x04, 0x00, 0x00,
            0x1B, 0x04, 0x13, 0x00, 0x64, 0x63, 0x63, 0x00, 0x00, 0x04, 0x00, 0x00,
            0x1C, 0x03, 0x13, 0x00, 0x64, 0x63, 0x63, 0x00, 0x00, 0x04, 0x00, 0x00,
            0x19, 0x05, 0x0E, 0x00, 0x64, 0x63, 0x63, 0x00, 0x00, 0x04, 0x00, 0x00,
            0x18, 0x06, 0x0F, 0x00, 0x64, 0x63, 0x63, 0x00, 0x00, 0x04, 0x00, 0x00,
            0x1A, 0x06, 0x01, 0x00, 0x64, 0x63, 0x63, 0x00, 0x00, 0x04, 0x00, 0x00,
            0xFE, 0x03, 0x00, 0x00, 0x00, 0x00, 0x00, 0x00, 0x00, 0x00, 0x00, 0x00,
            0x02, 0x1B, 0x10, 0x00, 0x64, 0x63, 0x63, 0x00, 0x00, 0x04, 0x00, 0x00,
            0x06, 0x21, 0x11, 0x00, 0x64, 0x63, 0x63, 0x00, 0x00, 0x04, 0x00, 0x00,
            0x07, 0x20, 0x13, 0x00, 0x64, 0x63, 0x63, 0x00, 0x00, 0x04, 0x00, 0x00,
            0x03, 0x1C, 0x13, 0x00, 0x64, 0x63, 0x63, 0x00, 0x00, 0x04, 0x00, 0x00,
            0x06, 0x1C, 0x0E, 0x00, 0x64, 0x63, 0x63, 0x00, 0x00, 0x04, 0x00, 0x00,
            0x05, 0x1D, 0x0F, 0x00, 0x64, 0x63, 0x63, 0x00, 0x00, 0x04, 0x00, 0x00,
            0x07, 0x1D, 0x01, 0x00, 0x64, 0x63, 0x63, 0x00, 0x00, 0x04, 0x00, 0x00,
            0xFE, 0x04, 0x00, 0x00, 0x00, 0x00, 0x00, 0x00, 0x00, 0x00, 0x00, 0x00,
            0x16, 0x1A, 0x10, 0x00, 0x64, 0x63, 0x63, 0x00, 0x00, 0x04, 0x00, 0x00,
            0x19, 0x1F, 0x11, 0x00, 0x64, 0x63, 0x63, 0x00, 0x00, 0x04, 0x00, 0x00,
            0x1A, 0x20, 0x13, 0x00, 0x64, 0x63, 0x63, 0x00, 0x00, 0x04, 0x00, 0x00,
            0x18, 0x20, 0x13, 0x00, 0x64, 0x63, 0x63, 0x00, 0x00, 0x04, 0x00, 0x00,
            0x19, 0x1C, 0x0E, 0x00, 0x64, 0x63, 0x63, 0x00, 0x00, 0x04, 0x00, 0x00,
            0x18, 0x1D, 0x0F, 0x00, 0x64, 0x63, 0x63, 0x00, 0x00, 0x04, 0x00, 0x00,
            0x1A, 0x1D, 0x01, 0x00, 0x64, 0x63, 0x63, 0x00, 0x00, 0x04, 0x00, 0x00,
            0xFE, 0x05, 0x00, 0x00, 0x00, 0x00, 0x00, 0x00, 0x00, 0x00, 0x00, 0x00,
            0x0F, 0x15, 0x10, 0x00, 0x64, 0x63, 0x63, 0x00, 0x00, 0x04, 0x00, 0x00,
            0x10, 0x14, 0x11, 0x00, 0x64, 0x63, 0x63, 0x00, 0x00, 0x04, 0x00, 0x00,
            0x0C, 0x10, 0x13, 0x00, 0x64, 0x63, 0x63, 0x00, 0x00, 0x04, 0x00, 0x00,
            0x11, 0x0F, 0x13, 0x00, 0x64, 0x63, 0x63, 0x00, 0x00, 0x04, 0x00, 0x00,
            0x0F, 0x10, 0x0E, 0x00, 0x64, 0x63, 0x63, 0x00, 0x00, 0x04, 0x00, 0x00,
            0x0E, 0x11, 0x0F, 0x00, 0x64, 0x63, 0x63, 0x00, 0x00, 0x04, 0x00, 0x00,
            0x10, 0x11, 0x01, 0x00, 0x64, 0x63, 0x63, 0x00, 0x00, 0x04, 0x00, 0x00,
            0xFF, 0x00, 0x00, 0x00, 0x00, 0x00, 0x00, 0x00, 0x00, 0x00, 0x00, 0x00,
        ],
    },
    // The Citadel: 29x33, properties {0: 17, 1: 5, 2: 5, 3: 5, 4: 5, 5: 8}
    Map {
        name: "The Citadel",
        armies: 5,
        tab: 9,
        colours: &[1, 2, 3, 4, 5],
        obelisk: false,
        ds: false,
        wasteland: false,
        tiles: &[
            0x10, 0x7C, 0x07, 0x00, 0x00, 0x1D, 0x21, 0x2A, 0x00, 0x2A, 0x00, 0x09, 0x00, 0x00, 0x29, 0x00,
            0x20, 0x01, 0x42, 0x01, 0x42, 0x01, 0x00, 0x42, 0x01, 0x42, 0x01, 0x42, 0x01, 0x41, 0x01, 0x00,
            0x20, 0x00, 0x20, 0x00, 0x20, 0x00, 0x20, 0x00, 0x00, 0x20, 0x00, 0x20, 0x00, 0x20, 0x00, 0x20,
            0x00, 0x00, 0x20, 0x00, 0x20, 0x00, 0x20, 0x00, 0x20, 0x00, 0x00, 0x20, 0x00, 0x02, 0x00, 0x2B,
            0x00, 0x0B, 0x00, 0x00, 0x2A, 0x00, 0x2A, 0x00, 0x2A, 0x00, 0x2A, 0x00, 0x00, 0x28, 0x00, 0x02,
            0x00, 0x20, 0x00, 0x21, 0x00, 0x00, 0x01, 0x00, 0x01, 0x00, 0x01, 0x00, 0xA4, 0x01, 0x00, 0x43,
            0x01, 0xA4, 0x01, 0x01, 0x00, 0x01, 0x00, 0x00, 0x01, 0x00, 0x01, 0x00, 0x01, 0x00, 0xA4, 0x01,
            0x00, 0xA4, 0x01, 0xA4, 0x01, 0x01, 0x00, 0x01, 0x00, 0x00, 0x01, 0x00, 0x01, 0x00, 0x23, 0x00,
            0x02, 0x00, 0x00, 0x2C, 0x00, 0x2A, 0x00, 0x2A, 0x00, 0x2A, 0x00, 0x00, 0x2A, 0x00, 0x28, 0x00,
            0x22, 0x00, 0x21, 0x00, 0x00, 0xB6, 0x01, 0x21, 0x00, 0x01, 0x00, 0x01, 0x00, 0x00, 0xA4, 0x01,
            0xA4, 0x01, 0xA4, 0x01, 0x01, 0x00, 0x00, 0x01, 0x00, 0xB4, 0x01, 0x21, 0x00, 0x01, 0x00, 0x00,
            0x8F, 0x01, 0x90, 0x01, 0x91, 0x01, 0x01, 0x00, 0x00, 0x01, 0x00, 0x01, 0x00, 0xB6, 0x01, 0x21,
            0x00, 0x00, 0x22, 0x00, 0x2C, 0x00, 0x2A, 0x00, 0x2A, 0x00, 0x00, 0x2A, 0x00, 0x2A, 0x00, 0x28,
            0x00, 0x22, 0x00, 0x00, 0x21, 0x00, 0x01, 0x00, 0xB5, 0x01, 0x21, 0x00, 0x00, 0x01, 0x00, 0x8C,
            0x01, 0x8D, 0x01, 0x8E, 0x01, 0x00, 0x01, 0x00, 0x01, 0x00, 0x01, 0x00, 0x01, 0x00, 0x00, 0x01,
            0x00, 0xA4, 0x01, 0xA4, 0x01, 0xA4, 0x01, 0x00, 0x01, 0x00, 0x01, 0x00, 0xB5, 0x01, 0x21, 0x00,
            0x00, 0x01, 0x00, 0x22, 0x00, 0x2C, 0x00, 0x2A, 0x00, 0x00, 0x2A, 0x00, 0x2A, 0x00, 0x2A, 0x00,
            0x28, 0x00, 0x00, 0x22, 0x00, 0x21, 0x00, 0x01, 0x00, 0x01, 0x00, 0x00, 0x01, 0x00, 0x01, 0x00,
            0xA4, 0x01, 0xA4, 0x01, 0x00, 0xA4, 0x01, 0x01, 0x00, 0xB6, 0x01, 0x21, 0x00, 0x00, 0xB6, 0x01,
            0x21, 0x00, 0x01, 0x00, 0x01, 0x00, 0x00, 0x01, 0x00, 0x01, 0x00, 0x01, 0x00, 0x01, 0x00, 0x00,
            0x01, 0x00, 0x01, 0x00, 0x22, 0x00, 0x2C, 0x00, 0x00, 0x2A, 0x00, 0x2A, 0x00, 0x2A, 0x00, 0x2A,
            0x00, 0x00, 0x28, 0x00, 0x22, 0x00, 0x21, 0x00, 0x84, 0x01, 0x00, 0x21, 0x00, 0x01, 0x00, 0x01,
            0x00, 0x01, 0x00, 0x00, 0x01, 0x00, 0x01, 0x00, 0x01, 0x00, 0x01, 0x00, 0x00, 0xB7, 0x01, 0x21,
            0x00, 0x01, 0x00, 0x01, 0x00, 0x00, 0x01, 0x00, 0x01, 0x00, 0x01, 0x00, 0x01, 0x00, 0x00, 0x01,
            0x00, 0x85, 0x01, 0x21, 0x00, 0x22, 0x00, 0x00, 0x2C, 0x00, 0x2A, 0x00, 0x2A, 0x00, 0x2A, 0x00,
            0x00, 0x2A, 0x00, 0x28, 0x00, 0x22, 0x00, 0x03, 0x00, 0x00, 0x82, 0x01, 0x21, 0x00, 0x01, 0x00,
            0x82, 0x01, 0x00, 0x21, 0x00, 0x01, 0x00, 0x82, 0x01, 0x21, 0x00, 0x00, 0x01, 0x00, 0x40, 0x00,
            0x01, 0x00, 0x01, 0x00, 0x00, 0x82, 0x01, 0x21, 0x00, 0x01, 0x00, 0x82, 0x01, 0x00, 0x21, 0x00,
            0x01, 0x00, 0x82, 0x01, 0x03, 0x00, 0x00, 0x22, 0x00, 0x2C, 0x00, 0x2A, 0x00, 0x2A, 0x00, 0x00,
            0x2A, 0x00, 0x2A, 0x00, 0x28, 0x00, 0x23, 0x00, 0x00, 0x22, 0x00, 0x03, 0x00, 0x43, 0x00, 0x43,
            0x00, 0x00, 0x01, 0x00, 0x01, 0x00, 0x01, 0x00, 0x01, 0x00, 0x00, 0x01, 0x00, 0x01, 0x00, 0x40,
            0x00, 0x01, 0x00, 0x00, 0x01, 0x00, 0x01, 0x00, 0x01, 0x00, 0x01, 0x00, 0x00, 0x01, 0x00, 0x43,
            0x00, 0x43, 0x00, 0x43, 0x00, 0x00, 0x22, 0x00, 0x23, 0x00, 0x2C, 0x00, 0x2A, 0x00, 0x00, 0x2A,
            0x00, 0x2A, 0x00, 0x2A, 0x00, 0x48, 0x00, 0x00, 0x49, 0x00, 0x23, 0x00, 0x23, 0x00, 0x22, 0x00,
            0x00, 0x22, 0x00, 0x86, 0x00, 0x86, 0x00, 0x21, 0x00, 0x00, 0x01, 0x00, 0x01, 0x00, 0x01, 0x00,
            0x40, 0x00, 0x00, 0x01, 0x00, 0x01, 0x00, 0x01, 0x00, 0x01, 0x00, 0x00, 0x87, 0x00, 0x86, 0x00,
            0x22, 0x00, 0x22, 0x00, 0x00, 0x23, 0x00, 0x23, 0x00, 0x4B, 0x00, 0x4C, 0x00, 0x00, 0x2A, 0x00,
            0x2A, 0x00, 0x2A, 0x00, 0x09, 0x00, 0x00, 0x0A, 0x00, 0x0D, 0x00, 0x4A, 0x00, 0x49, 0x00, 0x00,
            0x23, 0x00, 0x23, 0x00, 0x21, 0x00, 0x01, 0x00, 0x00, 0x01, 0x00, 0x01, 0x00, 0x01, 0x00, 0x01,
            0x00, 0x00, 0x40, 0x00, 0x01, 0x00, 0x01, 0x00, 0x01, 0x00, 0x00, 0x01, 0x00, 0x01, 0x00, 0x01,
            0x00, 0x23, 0x00, 0x00, 0x23, 0x00, 0x4B, 0x00, 0x4A, 0x00, 0x2D, 0x00, 0x00, 0x0A, 0x00, 0x0B,
            0x00, 0x2A, 0x00, 0x2A, 0x00, 0x00, 0x28, 0x00, 0xC2, 0x01, 0x2B, 0x00, 0x0B, 0x00, 0x00, 0x48,
            0x00, 0x4A, 0x00, 0x49, 0x00, 0x01, 0x00, 0x00, 0x01, 0x00, 0x01, 0x00, 0x01, 0x00, 0x01, 0x00,
            0x00, 0x87, 0x00, 0x21, 0x00, 0x87, 0x00, 0x21, 0x00, 0x00, 0x01, 0x00, 0x01, 0x00, 0x01, 0x00,
            0x01, 0x00, 0x00, 0x4B, 0x00, 0x4A, 0x00, 0x4C, 0x00, 0x09, 0x00, 0x00, 0x29, 0x00, 0xC2, 0x01,
            0x2C, 0x00, 0x2A, 0x00, 0x00, 0x2A, 0x00, 0x28, 0x00, 0x01, 0x00, 0x01, 0x00, 0x00, 0x14, 0x00,
            0x14, 0x00, 0x14, 0x00, 0x14, 0x00, 0x00, 0x01, 0x00, 0x01, 0x00, 0x01, 0x00, 0x01, 0x00, 0x00,
            0x01, 0x00, 0x01, 0x00, 0x01, 0x00, 0x01, 0x00, 0x00, 0x01, 0x00, 0x01, 0x00, 0x01, 0x00, 0x01,
            0x00, 0x00, 0x01, 0x00, 0x14, 0x00, 0x14, 0x00, 0x14, 0x00, 0x00, 0x14, 0x00, 0x01, 0x00, 0x01,
            0x00, 0x2C, 0x00, 0x00, 0x2A, 0x00, 0x2A, 0x00, 0x28, 0x00, 0x01, 0x00, 0x00, 0xC3, 0x01, 0x2C,
            0x00, 0x2A, 0x00, 0x2A, 0x00, 0x00, 0x48, 0x00, 0x49, 0x00, 0x01, 0x00, 0x01, 0x00, 0x00, 0x01,
            0x00, 0x01, 0x00, 0x01, 0x00, 0x01, 0x00, 0x00, 0x01, 0x00, 0x01, 0x00, 0x01, 0x00, 0x01, 0x00,
            0x00, 0x01, 0x00, 0x4B, 0x00, 0x4C, 0x00, 0x2A, 0x00, 0x00, 0x2A, 0x00, 0x28, 0x00, 0xC3, 0x01,
            0x21, 0x00, 0x00, 0x2C, 0x00, 0x2A, 0x00, 0x2A, 0x00, 0x48, 0x00, 0x00, 0x4A, 0x00, 0x4A, 0x00,
            0x4C, 0x00, 0x09, 0x00, 0x00, 0x0A, 0x00, 0x0A, 0x00, 0x08, 0x01, 0x6C, 0x00, 0x00, 0x8B, 0x00,
            0x01, 0x00, 0x01, 0x00, 0x01, 0x00, 0x00, 0x01, 0x00, 0x01, 0x00, 0x01, 0x00, 0x01, 0x00, 0x00,
            0x6A, 0x00, 0x6C, 0x00, 0x09, 0x01, 0x0A, 0x00, 0x00, 0x0A, 0x00, 0x0B, 0x00, 0x48, 0x00, 0x4A,
            0x00, 0x00, 0x4A, 0x00, 0x4C, 0x00, 0x2A, 0x00, 0x2A, 0x00, 0x00, 0x2A, 0x00, 0x2A, 0x00, 0x09,
            0x00, 0x0A, 0x00, 0x00, 0x29, 0x00, 0x02, 0x00, 0x20, 0x00, 0x20, 0x00, 0x00, 0x21, 0x00, 0x01,
            0x00, 0x01, 0x00, 0x01, 0x00, 0x00, 0x01, 0x00, 0x01, 0x00, 0x01, 0x00, 0x01, 0x00, 0x00, 0x01,
            0x00, 0x01, 0x00, 0x01, 0x00, 0x20, 0x00, 0x00, 0x20, 0x00, 0x02, 0x00, 0x2B, 0x00, 0x0A, 0x00,
            0x00, 0x0B, 0x00, 0x2A, 0x00, 0x2A, 0x00, 0x2A, 0x00, 0x00, 0x2A, 0x00, 0x2A, 0x00, 0x09, 0x00,
            0x29, 0x00, 0x00, 0x20, 0x00, 0x20, 0x00, 0x23, 0x00, 0x21, 0x00, 0x00, 0x01, 0x00, 0x01, 0x00,
            0x01, 0x00, 0xC2, 0x01, 0x00, 0x21, 0x00, 0x01, 0x00, 0x01, 0x00, 0x01, 0x00, 0x00, 0x01, 0x00,
            0xC2, 0x01, 0x21, 0x00, 0x01, 0x00, 0x00, 0x01, 0x00, 0x01, 0x00, 0x23, 0x00, 0x20, 0x00, 0x00,
            0x20, 0x00, 0x2B, 0x00, 0x0B, 0x00, 0x2A, 0x00, 0x00, 0x2A, 0x00, 0x2A, 0x00, 0x09, 0x00, 0x29,
            0x00, 0x00, 0x87, 0x00, 0x21, 0x00, 0x01, 0x00, 0x01, 0x00, 0x00, 0x01, 0x00, 0x81, 0x01, 0x21,
            0x00, 0x87, 0x00, 0x00, 0x21, 0x00, 0x01, 0x00, 0x01, 0x00, 0x01, 0x00, 0x00, 0x01, 0x00, 0x01,
            0x00, 0x01, 0x00, 0x87, 0x00, 0x00, 0x21, 0x00, 0x01, 0x00, 0x01, 0x00, 0x01, 0x00, 0x00, 0x01,
            0x00, 0x01, 0x00, 0x87, 0x00, 0x2B, 0x00, 0x00, 0x0B, 0x00, 0x2A, 0x00, 0x2A, 0x00, 0x28, 0x00,
            0x00, 0x01, 0x00, 0x01, 0x00, 0x43, 0x00, 0x43, 0x00, 0x00, 0xC1, 0x01, 0x21, 0x00, 0x01, 0x00,
            0x01, 0x00, 0x00, 0x01, 0x00, 0x01, 0x00, 0x43, 0x00, 0x01, 0x00, 0x00, 0x01, 0x00, 0x01, 0x00,
            0x43, 0x00, 0x01, 0x00, 0x00, 0x01, 0x00, 0x01, 0x00, 0x01, 0x00, 0x01, 0x00, 0x00, 0xC1, 0x01,
            0x03, 0x00, 0x43, 0x00, 0x01, 0x00, 0x00, 0x01, 0x00, 0x2C, 0x00, 0x2A, 0x00, 0x2A, 0x00, 0x00,
            0x28, 0x00, 0x01, 0x00, 0x01, 0x00, 0x22, 0x00, 0x00, 0x22, 0x00, 0x21, 0x00, 0x01, 0x00, 0x01,
            0x00, 0x00, 0x01, 0x00, 0x01, 0x00, 0x01, 0x00, 0x22, 0x00, 0x00, 0x21, 0x00, 0x01, 0x00, 0x01,
            0x00, 0x22, 0x00, 0x00, 0x21, 0x00, 0x01, 0x00, 0x01, 0x00, 0x01, 0x00, 0x00, 0x01, 0x00, 0x01,
            0x00, 0x22, 0x00, 0x22, 0x00, 0x00, 0x21, 0x00, 0x01, 0x00, 0x2C, 0x00, 0x2A, 0x00, 0x00, 0x2A,
            0x00, 0x48, 0x00, 0x49, 0x00, 0x01, 0x00, 0x00, 0x23, 0x00, 0x23, 0x00, 0x21, 0x00, 0x87, 0x00,
            0x00, 0x21, 0x00, 0x01, 0x00, 0x01, 0x00, 0x01, 0x00, 0x00, 0x23, 0x00, 0x21, 0x00, 0x01, 0x00,
            0x01, 0x00, 0x00, 0x23, 0x00, 0x21, 0x00, 0x01, 0x00, 0x01, 0x00, 0x00, 0x01, 0x00, 0x87, 0x00,
            0x21, 0x00, 0x23, 0x00, 0x00, 0x23, 0x00, 0x21, 0x00, 0x4B, 0x00, 0x4C, 0x00, 0x00, 0x2A, 0x00,
            0x2A, 0x00, 0x2A, 0x00, 0x28, 0x00, 0x00, 0x01, 0x00, 0x01, 0x00, 0x01, 0x00, 0x01, 0x00, 0x00,
            0x01, 0x00, 0x01, 0x00, 0xC2, 0x01, 0x21, 0x00, 0x00, 0x01, 0x00, 0x01, 0x00, 0x01, 0x00, 0x01,
            0x00, 0x00, 0x01, 0x00, 0x01, 0x00, 0x01, 0x00, 0x01, 0x00, 0x00, 0xC2, 0x01, 0x21, 0x00, 0x01,
            0x00, 0x01, 0x00, 0x00, 0x01, 0x00, 0x01, 0x00, 0x01, 0x00, 0x2C, 0x00, 0x00, 0x2A, 0x00, 0x2A,
            0x00, 0x2A, 0x00, 0x2A, 0x00, 0x00, 0x28, 0x00, 0x01, 0x00, 0xC2, 0x01, 0x21, 0x00, 0x00, 0x01,
            0x00, 0x01, 0x00, 0x01, 0x00, 0x01, 0x00, 0x00, 0x01, 0x00, 0x01, 0x00, 0x01, 0x00, 0x01, 0x00,
            0x00, 0xC2, 0x01, 0x21, 0x00, 0x01, 0x00, 0x01, 0x00, 0x00, 0x01, 0x00, 0x01, 0x00, 0x01, 0x00,
            0x01, 0x00, 0x00, 0x01, 0x00, 0x01, 0x00, 0xC2, 0x01, 0x21, 0x00, 0x00, 0x2C, 0x00, 0x2A, 0x00,
            0x2A, 0x00, 0x2A, 0x00, 0x00, 0x2A, 0x00, 0x28, 0x00, 0x87, 0x00, 0x86, 0x00, 0x00, 0x21, 0x00,
            0x01, 0x00, 0x01, 0x00, 0x01, 0x00, 0x00, 0x01, 0x00, 0x01, 0x00, 0x01, 0x00, 0x01, 0x00, 0x00,
            0x01, 0x00, 0x01, 0x00, 0x01, 0x00, 0x01, 0x00, 0x00, 0x01, 0x00, 0x01, 0x00, 0x01, 0x00, 0x01,
            0x00, 0x00, 0x01, 0x00, 0x01, 0x00, 0x01, 0x00, 0x87, 0x00, 0x00, 0x86, 0x00, 0x2C, 0x00, 0x2A,
            0x00, 0x2A, 0x00, 0x00, 0x2A, 0x00, 0x2A, 0x00, 0x28, 0x00, 0x01, 0x00, 0x00, 0x01, 0x00, 0x01,
            0x00, 0x01, 0x00, 0x01, 0x00, 0x00, 0x87, 0x00, 0x21, 0x00, 0x01, 0x00, 0x01, 0x00, 0x00, 0x01,
            0x00, 0x01, 0x00, 0x01, 0x00, 0x01, 0x00, 0x00, 0x01, 0x00, 0x01, 0x00, 0x01, 0x00, 0x01, 0x00,
            0x00, 0x87, 0x00, 0x21, 0x00, 0x01, 0x00, 0x01, 0x00, 0x00, 0x01, 0x00, 0x01, 0x00, 0x2C, 0x00,
            0x2A, 0x00, 0x00, 0x2A, 0x00, 0x2A, 0x00, 0x2A, 0x00, 0x28, 0x00, 0x00, 0x01, 0x00, 0x01, 0x00,
            0x01, 0x00, 0x01, 0x00, 0x00, 0x01, 0x00, 0x01, 0x00, 0x01, 0x00, 0x01, 0x00, 0x00, 0x01, 0x00,
            0x01, 0x00, 0x01, 0x00, 0x87, 0x00, 0x00, 0x21, 0x00, 0x01, 0x00, 0x01, 0x00, 0x01, 0x00, 0x00,
            0x01, 0x00, 0x01, 0x00, 0x01, 0x00, 0x01, 0x00, 0x00, 0x01, 0x00, 0x01, 0x00, 0x01, 0x00, 0x2C,
            0x00, 0x00, 0x2A, 0x00, 0x2A, 0x00, 0x2A, 0x00, 0x2A, 0x00, 0x00, 0x28, 0x00, 0x01, 0x00, 0x01,
            0x00, 0x01, 0x00, 0x00, 0xC2, 0x01, 0x21, 0x00, 0x01, 0x00, 0x01, 0x00, 0x00, 0x01, 0x00, 0x01,
            0x00, 0xC2, 0x01, 0x21, 0x00, 0x00, 0x01, 0x00, 0x01, 0x00, 0xC2, 0x01, 0x21, 0x00, 0x00, 0x01,
            0x00, 0x01, 0x00, 0x01, 0x00, 0x01, 0x00, 0x00, 0xC2, 0x01, 0x21, 0x00, 0x01, 0x00, 0x01, 0x00,
            0x00, 0x2C, 0x00, 0x2A, 0x00, 0x2A, 0x00, 0x2A, 0x00, 0x00, 0x2A, 0x00, 0x28, 0x00, 0x01, 0x00,
            0x01, 0x00, 0x00, 0x40, 0x00, 0x01, 0x00, 0x01, 0x00, 0x01, 0x00, 0x00, 0x01, 0x00, 0x01, 0x00,
            0x40, 0x00, 0x01, 0x00, 0x00, 0x01, 0x00, 0x01, 0x00, 0x01, 0x00, 0x01, 0x00, 0x00, 0x40, 0x00,
            0x01, 0x00, 0x01, 0x00, 0x01, 0x00, 0x00, 0x01, 0x00, 0x01, 0x00, 0x40, 0x00, 0x01, 0x00, 0x00,
            0x01, 0x00, 0x2C, 0x00, 0x2A, 0x00, 0x2A, 0x00, 0x00, 0x2A, 0x00, 0x2A, 0x00, 0x28, 0x00, 0x01,
            0x00, 0x00, 0xC7, 0x01, 0x80, 0x00, 0x01, 0x00, 0x01, 0x00, 0x00, 0x01, 0x00, 0x01, 0x00, 0xCC,
            0x01, 0x80, 0x00, 0x00, 0x01, 0x00, 0x01, 0x00, 0x01, 0x00, 0x01, 0x00, 0x00, 0x01, 0x00, 0x40,
            0x00, 0xD1, 0x01, 0x21, 0x00, 0x00, 0x01, 0x00, 0x01, 0x00, 0x01, 0x00, 0x40, 0x00, 0x00, 0xD6,
            0x01, 0x21, 0x00, 0x2C, 0x00, 0x2A, 0x00, 0x00, 0x2A, 0x00, 0x2A, 0x00, 0x2A, 0x00, 0x28, 0x00,
            0x00, 0x01, 0x00, 0x01, 0x00, 0x40, 0x00, 0xC7, 0x01, 0x00, 0x21, 0x00, 0x01, 0x00, 0x01, 0x00,
            0x01, 0x00, 0x00, 0x40, 0x00, 0xCC, 0x01, 0x21, 0x00, 0x01, 0x00, 0x00, 0x01, 0x00, 0xD1, 0x01,
            0x80, 0x00, 0x01, 0x00, 0x00, 0x01, 0x00, 0x01, 0x00, 0x01, 0x00, 0xD6, 0x01, 0x00, 0x80, 0x00,
            0x01, 0x00, 0x01, 0x00, 0x2C, 0x00, 0x00, 0x2A, 0x00, 0x2A, 0x00, 0x2A, 0x00, 0x2A, 0x00, 0x00,
            0x28, 0x00, 0x01, 0x00, 0xC6, 0x01, 0xC5, 0x01, 0x00, 0x21, 0x00, 0x01, 0x00, 0x01, 0x00, 0x01,
            0x00, 0x00, 0xCB, 0x01, 0xCA, 0x01, 0x21, 0x00, 0x01, 0x00, 0x00, 0x01, 0x00, 0x01, 0x00, 0x01,
            0x00, 0xCF, 0x01, 0x00, 0xD0, 0x01, 0x21, 0x00, 0x01, 0x00, 0x01, 0x00, 0x00, 0x01, 0x00, 0xD4,
            0x01, 0xD5, 0x01, 0x21, 0x00, 0x00, 0x2C, 0x00, 0x2A, 0x00, 0x2A, 0x00, 0x2A, 0x00, 0x00, 0x2A,
            0x00, 0x28, 0x00, 0x01, 0x00, 0x01, 0x00, 0x00, 0x01, 0x00, 0x01, 0x00, 0xC8, 0x01, 0x21, 0x00,
            0x00, 0x01, 0x00, 0x01, 0x00, 0x01, 0x00, 0x01, 0x00, 0x00, 0xCD, 0x01, 0x21, 0x00, 0xD2, 0x01,
            0x21, 0x00, 0x00, 0x01, 0x00, 0x01, 0x00, 0x01, 0x00, 0x01, 0x00, 0x00, 0xD7, 0x01, 0x21, 0x00,
            0x01, 0x00, 0x01, 0x00, 0x00, 0x01, 0x00, 0x2C, 0x00, 0x2A, 0x00, 0x2A, 0x00, 0x00, 0x2A, 0x00,
            0x2A, 0x00, 0x28, 0x00, 0x01, 0x00, 0x00, 0x01, 0x00, 0x01, 0x00, 0x01, 0x00, 0x01, 0x00, 0x00,
            0x01, 0x00, 0x01, 0x00, 0x01, 0x00, 0x01, 0x00, 0x00, 0x01, 0x00, 0x01, 0x00, 0x01, 0x00, 0x01,
            0x00, 0x00, 0x01, 0x00, 0x01, 0x00, 0x01, 0x00, 0x01, 0x00, 0x00, 0x01, 0x00, 0x01, 0x00, 0x01,
            0x00, 0x01, 0x00, 0x00, 0x01, 0x00, 0x01, 0x00, 0x2C, 0x00, 0x2A, 0x00, 0x00, 0x2A, 0x00, 0x2A,
            0x00, 0x2A, 0x00, 0x48, 0x00, 0x00, 0x4A, 0x00, 0x4A, 0x00, 0x4A, 0x00, 0x4A, 0x00, 0x00, 0x4A,
            0x00, 0x4A, 0x00, 0x4A, 0x00, 0x4A, 0x00, 0x00, 0x4A, 0x00, 0x4A, 0x00, 0x4A, 0x00, 0x4A, 0x00,
            0x00, 0x4A, 0x00, 0x4A, 0x00, 0x4A, 0x00, 0x4A, 0x00, 0x00, 0x4A, 0x00, 0x4A, 0x00, 0x4A, 0x00,
            0x4A, 0x00, 0x00, 0x4A, 0x00, 0x4A, 0x00, 0x4A, 0x00, 0x4C, 0x00, 0x00, 0x2A, 0x00, 0x2A, 0x00,
        ],
        units: &[
            0xFE, 0x01, 0x00, 0x00, 0x00, 0x00, 0x00, 0x00, 0x00, 0x00, 0x00, 0x00,
            0x06, 0x1D, 0x01, 0x00, 0x64, 0x63, 0x63, 0x00, 0x00, 0x04, 0x00, 0x00,
            0x05, 0x1E, 0x02, 0x00, 0x64, 0x63, 0x63, 0x00, 0x00, 0x04, 0x00, 0x00,
            0x04, 0x1C, 0x05, 0x00, 0x64, 0x63, 0x63, 0x00, 0x00, 0x04, 0x00, 0x00,
            0x03, 0x1D, 0x0A, 0x00, 0x64, 0x63, 0x63, 0x00, 0x00, 0x04, 0x00, 0x00,
            0x07, 0x1D, 0x06, 0x00, 0x64, 0x63, 0x63, 0x00, 0x00, 0x04, 0x00, 0x00,
            0xFE, 0x02, 0x00, 0x00, 0x00, 0x00, 0x00, 0x00, 0x00, 0x00, 0x00, 0x00,
            0x0C, 0x1D, 0x01, 0x00, 0x64, 0x63, 0x63, 0x00, 0x00, 0x04, 0x00, 0x00,
            0x0B, 0x1E, 0x02, 0x00, 0x64, 0x63, 0x63, 0x00, 0x00, 0x04, 0x00, 0x00,
            0x0A, 0x1C, 0x05, 0x00, 0x64, 0x63, 0x63, 0x00, 0x00, 0x04, 0x00, 0x00,
            0x09, 0x1D, 0x0A, 0x00, 0x64, 0x63, 0x63, 0x00, 0x00, 0x04, 0x00, 0x00,
            0x0D, 0x1D, 0x06, 0x00, 0x64, 0x63, 0x63, 0x00, 0x00, 0x04, 0x00, 0x00,
            0xFE, 0x03, 0x00, 0x00, 0x00, 0x00, 0x00, 0x00, 0x00, 0x00, 0x00, 0x00,
            0x10, 0x1D, 0x01, 0x00, 0x64, 0x63, 0x63, 0x00, 0x00, 0x04, 0x00, 0x00,
            0x11, 0x1E, 0x02, 0x00, 0x64, 0x63, 0x63, 0x00, 0x00, 0x04, 0x00, 0x00,
            0x12, 0x1C, 0x05, 0x00, 0x64, 0x63, 0x63, 0x00, 0x00, 0x04, 0x00, 0x00,
            0x0F, 0x1D, 0x0A, 0x00, 0x64, 0x63, 0x63, 0x00, 0x00, 0x04, 0x00, 0x00,
            0x13, 0x1D, 0x06, 0x00, 0x64, 0x63, 0x63, 0x00, 0x00, 0x04, 0x00, 0x00,
            0xFE, 0x04, 0x00, 0x00, 0x00, 0x00, 0x00, 0x00, 0x00, 0x00, 0x00, 0x00,
            0x16, 0x1D, 0x01, 0x00, 0x64, 0x63, 0x63, 0x00, 0x00, 0x04, 0x00, 0x00,
            0x17, 0x1E, 0x02, 0x00, 0x64, 0x63, 0x63, 0x00, 0x00, 0x04, 0x00, 0x00,
            0x18, 0x1C, 0x05, 0x00, 0x64, 0x63, 0x63, 0x00, 0x00, 0x04, 0x00, 0x00,
            0x15, 0x1D, 0x0A, 0x00, 0x64, 0x63, 0x63, 0x00, 0x00, 0x04, 0x00, 0x00,
            0x19, 0x1D, 0x06, 0x00, 0x64, 0x63, 0x63, 0x00, 0x00, 0x04, 0x00, 0x00,
            0xFE, 0x05, 0x00, 0x00, 0x00, 0x00, 0x00, 0x00, 0x00, 0x00, 0x00, 0x00,
            0x0E, 0x01, 0x01, 0x00, 0x64, 0x63, 0x63, 0x00, 0x00, 0x04, 0x00, 0x00,
            0x0D, 0x02, 0x01, 0x00, 0x64, 0x63, 0x63, 0x00, 0x00, 0x04, 0x00, 0x00,
            0x0F, 0x02, 0x03, 0x00, 0x64, 0x63, 0x63, 0x00, 0x00, 0x04, 0x00, 0x00,
            0x0E, 0x03, 0x0E, 0x00, 0x64, 0x63, 0x63, 0x00, 0x00, 0x04, 0x00, 0x00,
            0xFF, 0x00, 0x00, 0x00, 0x00, 0x00, 0x00, 0x00, 0x00, 0x00, 0x00, 0x00,
        ],
    },
    // Obelisk Duel: 24x16, properties {0: 6, 1: 6, 2: 6, 3: 0, 4: 0, 5: 0}
    Map {
        name: "Obelisk Duel",
        armies: 2,
        tab: 3,
        colours: &[1, 5],
        obelisk: true,
        ds: false,
        wasteland: false,
        tiles: &[
            0x10, 0x02, 0x03, 0x00, 0x00, 0x18, 0x10, 0x09, 0x00, 0x0A, 0x00, 0x0A, 0x00, 0x00, 0x0A, 0x00,
            0x0A, 0x00, 0x0A, 0x00, 0x0A, 0x00, 0x00, 0x0A, 0x00, 0x0A, 0x00, 0x0A, 0x00, 0x0A, 0x00, 0x00,
            0x0A, 0x00, 0x0A, 0x00, 0x0A, 0x00, 0x0A, 0x00, 0x00, 0x0A, 0x00, 0x0A, 0x00, 0x0A, 0x00, 0x0A,
            0x00, 0x00, 0x0A, 0x00, 0x0A, 0x00, 0x0A, 0x00, 0x0A, 0x00, 0x00, 0x0B, 0x00, 0x28, 0x00, 0x01,
            0x00, 0x01, 0x00, 0x00, 0x01, 0x00, 0x01, 0x00, 0x01, 0x00, 0x01, 0x00, 0x00, 0x01, 0x00, 0x01,
            0x00, 0x01, 0x00, 0x01, 0x00, 0x00, 0x02, 0x00, 0x21, 0x00, 0x01, 0x00, 0x01, 0x00, 0x00, 0xC2,
            0x01, 0x21, 0x00, 0x01, 0x00, 0x01, 0x00, 0x00, 0x01, 0x00, 0xA4, 0x01, 0xA4, 0x01, 0xA4, 0x01,
            0x00, 0x2C, 0x00, 0x28, 0x00, 0x01, 0x00, 0x01, 0x00, 0x00, 0x01, 0x00, 0x01, 0x00, 0x01, 0x00,
            0x01, 0x00, 0x00, 0x01, 0x00, 0x01, 0x00, 0x01, 0x00, 0x01, 0x00, 0x00, 0x22, 0x00, 0x21, 0x00,
            0x01, 0x00, 0x01, 0x00, 0x00, 0x01, 0x00, 0x01, 0x00, 0x01, 0x00, 0x01, 0x00, 0x00, 0x01, 0x00,
            0x86, 0x01, 0x87, 0x01, 0x88, 0x01, 0x00, 0x2C, 0x00, 0x28, 0x00, 0x01, 0x00, 0x01, 0x00, 0x00,
            0x01, 0x00, 0x01, 0x00, 0xC7, 0x01, 0x21, 0x00, 0x00, 0x01, 0x00, 0xC2, 0x01, 0x21, 0x00, 0x01,
            0x00, 0x00, 0x23, 0x00, 0x21, 0x00, 0x01, 0x00, 0x01, 0x00, 0x00, 0x87, 0x00, 0x21, 0x00, 0x01,
            0x00, 0xCC, 0x01, 0x00, 0x21, 0x00, 0xA4, 0x01, 0xA4, 0x01, 0xA4, 0x01, 0x00, 0x2C, 0x00, 0x28,
            0x00, 0x01, 0x00, 0x01, 0x00, 0x00, 0x01, 0x00, 0x01, 0x00, 0x01, 0x00, 0x01, 0x00, 0x00, 0x01,
            0x00, 0x01, 0x00, 0x01, 0x00, 0x01, 0x00, 0x00, 0x01, 0x00, 0x01, 0x00, 0x01, 0x00, 0x92, 0x01,
            0x00, 0x21, 0x00, 0x01, 0x00, 0x01, 0x00, 0x01, 0x00, 0x00, 0x01, 0x00, 0x01, 0x00, 0x01, 0x00,
            0x01, 0x00, 0x00, 0x2C, 0x00, 0x28, 0x00, 0x01, 0x00, 0xC6, 0x01, 0x00, 0x21, 0x00, 0x01, 0x00,
            0x01, 0x00, 0x01, 0x00, 0x00, 0x87, 0x00, 0x21, 0x00, 0x01, 0x00, 0x01, 0x00, 0x00, 0x43, 0x00,
            0x01, 0x00, 0xC2, 0x01, 0x21, 0x00, 0x00, 0x01, 0x00, 0x01, 0x00, 0x01, 0x00, 0x01, 0x00, 0x00,
            0x01, 0x00, 0x01, 0x00, 0xCB, 0x01, 0x21, 0x00, 0x00, 0x2C, 0x00, 0x28, 0x00, 0x01, 0x00, 0x01,
            0x00, 0x00, 0x01, 0x00, 0x87, 0x00, 0x21, 0x00, 0x01, 0x00, 0x00, 0x01, 0x00, 0x01, 0x00, 0x01,
            0x00, 0x01, 0x00, 0x00, 0x23, 0x00, 0x21, 0x00, 0x01, 0x00, 0x01, 0x00, 0x00, 0x01, 0x00, 0x01,
            0x00, 0x01, 0x00, 0x01, 0x00, 0x00, 0x01, 0x00, 0x01, 0x00, 0x01, 0x00, 0x01, 0x00, 0x00, 0x2C,
            0x00, 0x28, 0x00, 0x01, 0x00, 0x01, 0x00, 0x00, 0x01, 0x00, 0x01, 0x00, 0x01, 0x00, 0x01, 0x00,
            0x00, 0x01, 0x00, 0x01, 0x00, 0x01, 0x00, 0x87, 0x00, 0x00, 0x21, 0x00, 0x01, 0x00, 0x01, 0x00,
            0x01, 0x00, 0x00, 0x01, 0x00, 0xA4, 0x01, 0xA4, 0x01, 0xA4, 0x01, 0x00, 0x01, 0x00, 0x01, 0x00,
            0x01, 0x00, 0x01, 0x00, 0x00, 0x2C, 0x00, 0x28, 0x00, 0x01, 0x00, 0x01, 0x00, 0x00, 0xC5, 0x01,
            0x21, 0x00, 0x01, 0x00, 0xC8, 0x01, 0x00, 0x21, 0x00, 0x01, 0x00, 0xC2, 0x01, 0x21, 0x00, 0x00,
            0x43, 0x00, 0x01, 0x00, 0x01, 0x00, 0x84, 0x01, 0x00, 0x21, 0x00, 0xA4, 0x01, 0x93, 0x01, 0xA4,
            0x01, 0x00, 0x01, 0x00, 0xCA, 0x01, 0x21, 0x00, 0x01, 0x00, 0x00, 0x2C, 0x00, 0x28, 0x00, 0x01,
            0x00, 0x01, 0x00, 0x00, 0x01, 0x00, 0x01, 0x00, 0x01, 0x00, 0x01, 0x00, 0x00, 0x01, 0x00, 0x01,
            0x00, 0x01, 0x00, 0x01, 0x00, 0x00, 0x23, 0x00, 0x86, 0x00, 0x21, 0x00, 0x01, 0x00, 0x00, 0x01,
            0x00, 0xA4, 0x01, 0xA4, 0x01, 0xA4, 0x01, 0x00, 0x01, 0x00, 0x01, 0x00, 0x01, 0x00, 0x01, 0x00,
            0x00, 0x2C, 0x00, 0x28, 0x00, 0x01, 0x00, 0x01, 0x00, 0x00, 0x01, 0x00, 0x01, 0x00, 0x01, 0x00,
            0x01, 0x00, 0x00, 0x87, 0x00, 0x21, 0x00, 0x01, 0x00, 0x01, 0x00, 0x00, 0x01, 0x00, 0x01, 0x00,
            0xC2, 0x01, 0x21, 0x00, 0x00, 0x01, 0x00, 0x01, 0x00, 0x01, 0x00, 0x01, 0x00, 0x00, 0x01, 0x00,
            0x01, 0x00, 0x01, 0x00, 0x01, 0x00, 0x00, 0x2C, 0x00, 0x28, 0x00, 0x01, 0x00, 0xC6, 0x01, 0x00,
            0x21, 0x00, 0x01, 0x00, 0x01, 0x00, 0x01, 0x00, 0x00, 0x01, 0x00, 0x01, 0x00, 0x01, 0x00, 0x01,
            0x00, 0x00, 0x43, 0x00, 0x01, 0x00, 0x01, 0x00, 0x92, 0x01, 0x00, 0x21, 0x00, 0x01, 0x00, 0x01,
            0x00, 0x01, 0x00, 0x00, 0x01, 0x00, 0x01, 0x00, 0xCB, 0x01, 0x21, 0x00, 0x00, 0x2C, 0x00, 0x28,
            0x00, 0x01, 0x00, 0x01, 0x00, 0x00, 0x01, 0x00, 0x01, 0x00, 0xC7, 0x01, 0x21, 0x00, 0x00, 0x01,
            0x00, 0xC2, 0x01, 0x21, 0x00, 0x01, 0x00, 0x00, 0x22, 0x00, 0x21, 0x00, 0x01, 0x00, 0x01, 0x00,
            0x00, 0x01, 0x00, 0x01, 0x00, 0x01, 0x00, 0xCC, 0x01, 0x00, 0x21, 0x00, 0x01, 0x00, 0x01, 0x00,
            0x01, 0x00, 0x00, 0x2C, 0x00, 0x28, 0x00, 0x01, 0x00, 0x01, 0x00, 0x00, 0x01, 0x00, 0x01, 0x00,
            0x01, 0x00, 0x01, 0x00, 0x00, 0x01, 0x00, 0x01, 0x00, 0x01, 0x00, 0x01, 0x00, 0x00, 0x22, 0x00,
            0x21, 0x00, 0x01, 0x00, 0x01, 0x00, 0x00, 0x01, 0x00, 0x87, 0x00, 0x21, 0x00, 0x01, 0x00, 0x00,
            0x01, 0x00, 0x01, 0x00, 0x01, 0x00, 0x01, 0x00, 0x00, 0x2C, 0x00, 0x28, 0x00, 0x01, 0x00, 0x01,
            0x00, 0x00, 0x01, 0x00, 0x01, 0x00, 0x01, 0x00, 0x01, 0x00, 0x00, 0x01, 0x00, 0x01, 0x00, 0x01,
            0x00, 0x01, 0x00, 0x00, 0x23, 0x00, 0x21, 0x00, 0x01, 0x00, 0x01, 0x00, 0x00, 0x01, 0x00, 0x01,
            0x00, 0x01, 0x00, 0x01, 0x00, 0x00, 0x01, 0x00, 0x01, 0x00, 0xCD, 0x01, 0x21, 0x00, 0x00, 0x2C,
            0x00, 0x48, 0x00, 0x4A, 0x00, 0x4A, 0x00, 0x00, 0x4A, 0x00, 0x4A, 0x00, 0x4A, 0x00, 0x4A, 0x00,
            0x00, 0x4A, 0x00, 0x4A, 0x00, 0x4A, 0x00, 0x4A, 0x00, 0x00, 0x4A, 0x00, 0x4A, 0x00, 0x4A, 0x00,
            0x4A, 0x00, 0x00, 0x4A, 0x00, 0x4A, 0x00, 0x4A, 0x00, 0x4A, 0x00, 0x00, 0x4A, 0x00, 0x4A, 0x00,
            0x4A, 0x00, 0x4A, 0x00, 0x00, 0x4C, 0x00, 0x00,
        ],
        units: &[
            0xFE, 0x01, 0x00, 0x00, 0x00, 0x00, 0x00, 0x00, 0x00, 0x00, 0x00, 0x00,
            0x03, 0x07, 0x01, 0x00, 0x64, 0x63, 0x63, 0x00, 0x00, 0x04, 0x00, 0x00,
            0x02, 0x08, 0x01, 0x00, 0x64, 0x63, 0x63, 0x00, 0x00, 0x04, 0x00, 0x00,
            0x04, 0x08, 0x02, 0x00, 0x64, 0x63, 0x63, 0x00, 0x00, 0x04, 0x00, 0x00,
            0x03, 0x09, 0x05, 0x00, 0x64, 0x63, 0x63, 0x00, 0x00, 0x04, 0x00, 0x00,
            0x03, 0x06, 0x05, 0x00, 0x64, 0x63, 0x63, 0x00, 0x00, 0x04, 0x00, 0x00,
            0x02, 0x07, 0x06, 0x00, 0x64, 0x63, 0x63, 0x00, 0x00, 0x04, 0x00, 0x00,
            0x04, 0x07, 0x0A, 0x00, 0x64, 0x63, 0x63, 0x00, 0x00, 0x04, 0x00, 0x00,
            0xFE, 0x02, 0x00, 0x00, 0x00, 0x00, 0x00, 0x00, 0x00, 0x00, 0x00, 0x00,
            0x14, 0x07, 0x01, 0x00, 0x64, 0x63, 0x63, 0x00, 0x00, 0x04, 0x00, 0x00,
            0x13, 0x08, 0x01, 0x00, 0x64, 0x63, 0x63, 0x00, 0x00, 0x04, 0x00, 0x00,
            0x15, 0x08, 0x02, 0x00, 0x64, 0x63, 0x63, 0x00, 0x00, 0x04, 0x00, 0x00,
            0x14, 0x09, 0x05, 0x00, 0x64, 0x63, 0x63, 0x00, 0x00, 0x04, 0x00, 0x00,
            0x14, 0x06, 0x0A, 0x00, 0x64, 0x63, 0x63, 0x00, 0x00, 0x04, 0x00, 0x00,
            0xFF, 0x00, 0x00, 0x00, 0x00, 0x00, 0x00, 0x00, 0x00, 0x00, 0x00, 0x00,
        ],
    },
    // Crystal Isles: 30x26, properties {0: 5, 1: 8, 2: 8, 3: 8, 4: 0, 5: 0}
    Map {
        name: "Crystal Isles",
        armies: 3,
        tab: 5,
        colours: &[1, 2, 5],
        obelisk: true,
        ds: false,
        wasteland: false,
        tiles: &[
            0x10, 0x1A, 0x06, 0x00, 0x00, 0x1E, 0x1A, 0x2A, 0x00, 0x2A, 0x00, 0x2A, 0x00, 0x00, 0x2A, 0x00,
            0x2A, 0x00, 0x2A, 0x00, 0x2A, 0x00, 0x00, 0x2A, 0x00, 0x2A, 0x00, 0x2A, 0x00, 0x2A, 0x00, 0x00,
            0x2A, 0x00, 0x2A, 0x00, 0x2A, 0x00, 0x2A, 0x00, 0x00, 0x2A, 0x00, 0x2A, 0x00, 0x2A, 0x00, 0x2A,
            0x00, 0x00, 0x2A, 0x00, 0x2A, 0x00, 0x2A, 0x00, 0x2A, 0x00, 0x00, 0x2A, 0x00, 0x2A, 0x00, 0x2A,
            0x00, 0x2A, 0x00, 0x00, 0x2A, 0x00, 0x2A, 0x00, 0x2A, 0x00, 0x2A, 0x00, 0x00, 0x2A, 0x00, 0x2A,
            0x00, 0x09, 0x00, 0x0A, 0x00, 0x00, 0x0A, 0x00, 0x0A, 0x00, 0x0A, 0x00, 0x0A, 0x00, 0x00, 0x0B,
            0x00, 0x2A, 0x00, 0x09, 0x00, 0x0A, 0x00, 0x00, 0x0A, 0x00, 0x0A, 0x00, 0x0A, 0x00, 0x0A, 0x00,
            0x00, 0x0B, 0x00, 0x2A, 0x00, 0x2A, 0x00, 0x09, 0x00, 0x00, 0x0A, 0x00, 0x0A, 0x00, 0x0A, 0x00,
            0x0A, 0x00, 0x00, 0x0A, 0x00, 0x0B, 0x00, 0x2A, 0x00, 0x2A, 0x00, 0x00, 0x2A, 0x00, 0x2A, 0x00,
            0x09, 0x00, 0x0A, 0x00, 0x00, 0x29, 0x00, 0x01, 0x00, 0x01, 0x00, 0x01, 0x00, 0x00, 0x01, 0x00,
            0x01, 0x00, 0x2B, 0x00, 0x0A, 0x00, 0x00, 0xA9, 0x00, 0x01, 0x00, 0x01, 0x00, 0x01, 0x00, 0x00,
            0x01, 0x00, 0x01, 0x00, 0x2C, 0x00, 0x09, 0x00, 0x00, 0x0A, 0x00, 0x29, 0x00, 0x01, 0x00, 0x01,
            0x00, 0x00, 0x01, 0x00, 0x01, 0x00, 0x01, 0x00, 0x2B, 0x00, 0x00, 0x0A, 0x00, 0x0B, 0x00, 0x2A,
            0x00, 0x2A, 0x00, 0x00, 0x28, 0x00, 0x01, 0x00, 0x01, 0x00, 0x01, 0x00, 0x00, 0x01, 0x00, 0xC7,
            0x01, 0x21, 0x00, 0x01, 0x00, 0x00, 0x01, 0x00, 0x01, 0x00, 0x0C, 0x00, 0x01, 0x00, 0x00, 0x01,
            0x00, 0xC2, 0x01, 0x21, 0x00, 0x01, 0x00, 0x00, 0x2C, 0x00, 0x28, 0x00, 0x01, 0x00, 0x01, 0x00,
            0x00, 0x01, 0x00, 0x01, 0x00, 0xCC, 0x01, 0x21, 0x00, 0x00, 0x01, 0x00, 0x01, 0x00, 0x01, 0x00,
            0x2C, 0x00, 0x00, 0x2A, 0x00, 0x09, 0x00, 0x29, 0x00, 0x01, 0x00, 0x00, 0xC6, 0x01, 0x21, 0x00,
            0x01, 0x00, 0x01, 0x00, 0x00, 0x01, 0x00, 0x01, 0x00, 0xC7, 0x01, 0x21, 0x00, 0x00, 0x89, 0x00,
            0x01, 0x00, 0x01, 0x00, 0x01, 0x00, 0x00, 0xC3, 0x01, 0x21, 0x00, 0xA8, 0x00, 0x29, 0x00, 0x00,
            0x01, 0x00, 0xCB, 0x01, 0x21, 0x00, 0x01, 0x00, 0x00, 0x01, 0x00, 0x01, 0x00, 0x01, 0x00, 0xCC,
            0x01, 0x00, 0x21, 0x00, 0x2B, 0x00, 0x0B, 0x00, 0x28, 0x00, 0x00, 0x01, 0x00, 0x01, 0x00, 0x01,
            0x00, 0x01, 0x00, 0x00, 0x01, 0x00, 0x01, 0x00, 0x01, 0x00, 0x01, 0x00, 0x00, 0x01, 0x00, 0x01,
            0x00, 0x01, 0x00, 0x4B, 0x00, 0x00, 0x4A, 0x00, 0x4A, 0x00, 0x4A, 0x00, 0x4A, 0x00, 0x00, 0xC9,
            0x00, 0x01, 0x00, 0x01, 0x00, 0x01, 0x00, 0x00, 0x01, 0x00, 0x01, 0x00, 0x01, 0x00, 0x01, 0x00,
            0x00, 0x01, 0x00, 0x01, 0x00, 0x01, 0x00, 0x01, 0x00, 0x00, 0x2C, 0x00, 0x28, 0x00, 0x01, 0x00,
            0x01, 0x00, 0x00, 0x01, 0x00, 0x01, 0x00, 0x01, 0x00, 0xC5, 0x01, 0x00, 0x21, 0x00, 0x01, 0x00,
            0x01, 0x00, 0x01, 0x00, 0x00, 0xC9, 0x01, 0x2C, 0x00, 0x2A, 0x00, 0x2A, 0x00, 0x00, 0x2A, 0x00,
            0x2A, 0x00, 0x28, 0x00, 0xCE, 0x01, 0x00, 0x21, 0x00, 0x01, 0x00, 0x01, 0x00, 0x01, 0x00, 0x00,
            0xCA, 0x01, 0x21, 0x00, 0x01, 0x00, 0x01, 0x00, 0x00, 0x01, 0x00, 0x01, 0x00, 0x2C, 0x00, 0x28,
            0x00, 0x00, 0x01, 0x00, 0x01, 0x00, 0x01, 0x00, 0x01, 0x00, 0x00, 0x01, 0x00, 0x01, 0x00, 0x01,
            0x00, 0x01, 0x00, 0x00, 0x01, 0x00, 0x01, 0x00, 0x01, 0x00, 0x2C, 0x00, 0x00, 0x2A, 0x00, 0x2A,
            0x00, 0x2A, 0x00, 0x2A, 0x00, 0x00, 0x28, 0x00, 0x01, 0x00, 0x01, 0x00, 0x01, 0x00, 0x00, 0x01,
            0x00, 0x01, 0x00, 0x01, 0x00, 0x01, 0x00, 0x00, 0x01, 0x00, 0x01, 0x00, 0x01, 0x00, 0x01, 0x00,
            0x00, 0x2C, 0x00, 0x48, 0x00, 0x49, 0x00, 0x01, 0x00, 0x00, 0xC7, 0x01, 0x21, 0x00, 0x01, 0x00,
            0x01, 0x00, 0x00, 0x01, 0x00, 0xC8, 0x01, 0x21, 0x00, 0x01, 0x00, 0x00, 0x4B, 0x00, 0x4C, 0x00,
            0x2A, 0x00, 0x2A, 0x00, 0x00, 0x2A, 0x00, 0x2A, 0x00, 0x48, 0x00, 0x49, 0x00, 0x00, 0x01, 0x00,
            0xCC, 0x01, 0x21, 0x00, 0x01, 0x00, 0x00, 0x01, 0x00, 0x01, 0x00, 0xCD, 0x01, 0x21, 0x00, 0x00,
            0x01, 0x00, 0x4B, 0x00, 0x4C, 0x00, 0x2A, 0x00, 0x00, 0x28, 0x00, 0x01, 0x00, 0x01, 0x00, 0x01,
            0x00, 0x00, 0x01, 0x00, 0xC9, 0x01, 0x21, 0x00, 0x01, 0x00, 0x00, 0x01, 0x00, 0x01, 0x00, 0x2C,
            0x00, 0x09, 0x00, 0x00, 0x0A, 0x00, 0x0A, 0x00, 0x0A, 0x00, 0x0A, 0x00, 0x00, 0x0A, 0x00, 0xA9,
            0x00, 0x01, 0x00, 0x01, 0x00, 0x00, 0x01, 0x00, 0x01, 0x00, 0xCE, 0x01, 0x21, 0x00, 0x00, 0x01,
            0x00, 0x01, 0x00, 0x01, 0x00, 0x2C, 0x00, 0x00, 0x2A, 0x00, 0x2A, 0x00, 0x48, 0x00, 0x4A, 0x00,
            0x00, 0x49, 0x00, 0x01, 0x00, 0x01, 0x00, 0x01, 0x00, 0x00, 0x01, 0x00, 0x01, 0x00, 0x4B, 0x00,
            0x4A, 0x00, 0x00, 0x4C, 0x00, 0x28, 0x00, 0x01, 0x00, 0x01, 0x00, 0x00, 0x01, 0x00, 0x01, 0x00,
            0x01, 0x00, 0xC8, 0x00, 0x00, 0x4A, 0x00, 0x49, 0x00, 0x01, 0x00, 0x01, 0x00, 0x00, 0x01, 0x00,
            0x01, 0x00, 0x01, 0x00, 0x4B, 0x00, 0x00, 0x4A, 0x00, 0x4C, 0x00, 0x2A, 0x00, 0x2A, 0x00, 0x00,
            0x2A, 0x00, 0x2A, 0x00, 0x48, 0x00, 0x4A, 0x00, 0x00, 0x4A, 0x00, 0x4A, 0x00, 0x4A, 0x00, 0x4A,
            0x00, 0x00, 0x4C, 0x00, 0x2A, 0x00, 0x2A, 0x00, 0x28, 0x00, 0x00, 0x01, 0x00, 0x01, 0x00, 0xC2,
            0x01, 0x21, 0x00, 0x00, 0x01, 0x00, 0x2C, 0x00, 0x2A, 0x00, 0x48, 0x00, 0x00, 0x4A, 0x00, 0x4A,
            0x00, 0x4A, 0x00, 0x4A, 0x00, 0x00, 0x4A, 0x00, 0x4C, 0x00, 0x2A, 0x00, 0x2A, 0x00, 0x00, 0x2A,
            0x00, 0x2A, 0x00, 0x2A, 0x00, 0x2A, 0x00, 0x00, 0x2A, 0x00, 0x2A, 0x00, 0x2A, 0x00, 0x2A, 0x00,
            0x00, 0x2A, 0x00, 0x2A, 0x00, 0x2A, 0x00, 0x2A, 0x00, 0x00, 0x2A, 0x00, 0x28, 0x00, 0x01, 0x00,
            0x01, 0x00, 0x00, 0x01, 0x00, 0x01, 0x00, 0x01, 0x00, 0x2C, 0x00, 0x00, 0x2A, 0x00, 0x2A, 0x00,
            0x2A, 0x00, 0x2A, 0x00, 0x00, 0x2A, 0x00, 0x2A, 0x00, 0x2A, 0x00, 0x2A, 0x00, 0x00, 0x2A, 0x00,
            0x2A, 0x00, 0x2A, 0x00, 0x2A, 0x00, 0x00, 0x2A, 0x00, 0x2A, 0x00, 0x2A, 0x00, 0x2A, 0x00, 0x00,
            0x2A, 0x00, 0x2A, 0x00, 0x2A, 0x00, 0x2A, 0x00, 0x00, 0x2A, 0x00, 0x2A, 0x00, 0x2A, 0x00, 0x48,
            0x00, 0x00, 0x4A, 0x00, 0x4A, 0x00, 0x4A, 0x00, 0x4A, 0x00, 0x00, 0x4A, 0x00, 0x4C, 0x00, 0x2A,
            0x00, 0x2A, 0x00, 0x00, 0x2A, 0x00, 0x2A, 0x00, 0x2A, 0x00, 0x2A, 0x00, 0x00, 0x2A, 0x00, 0x2A,
            0x00, 0x2A, 0x00, 0x2A, 0x00, 0x00, 0x2A, 0x00, 0x2A, 0x00, 0x09, 0x00, 0x0A, 0x00, 0x00, 0x0A,
            0x00, 0x0A, 0x00, 0x0A, 0x00, 0x0A, 0x00, 0x00, 0x0B, 0x00, 0x2A, 0x00, 0x2A, 0x00, 0x2A, 0x00,
            0x00, 0x2A, 0x00, 0x09, 0x00, 0x0A, 0x00, 0x0A, 0x00, 0x00, 0x0A, 0x00, 0x0A, 0x00, 0x0A, 0x00,
            0x0B, 0x00, 0x00, 0x2A, 0x00, 0x2A, 0x00, 0x2A, 0x00, 0x2A, 0x00, 0x00, 0x09, 0x00, 0x0A, 0x00,
            0x0A, 0x00, 0x0A, 0x00, 0x00, 0x0A, 0x00, 0x0A, 0x00, 0x0B, 0x00, 0x2A, 0x00, 0x00, 0x28, 0x00,
            0x01, 0x00, 0x01, 0x00, 0x01, 0x00, 0x00, 0x01, 0x00, 0x01, 0x00, 0x2C, 0x00, 0x2A, 0x00, 0x00,
            0x2A, 0x00, 0x09, 0x00, 0x0A, 0x00, 0x29, 0x00, 0x00, 0x01, 0x00, 0x01, 0x00, 0xD3, 0x01, 0x21,
            0x00, 0x00, 0x01, 0x00, 0x2B, 0x00, 0x0A, 0x00, 0x0B, 0x00, 0x00, 0x2A, 0x00, 0x2A, 0x00, 0x28,
            0x00, 0x01, 0x00, 0x00, 0x01, 0x00, 0x01, 0x00, 0x01, 0x00, 0x01, 0x00, 0x00, 0x2C, 0x00, 0x2A,
            0x00, 0x28, 0x00, 0x01, 0x00, 0x00, 0x01, 0x00, 0xC2, 0x01, 0x21, 0x00, 0x01, 0x00, 0x00, 0x2C,
            0x00, 0x2A, 0x00, 0x2A, 0x00, 0x28, 0x00, 0x00, 0x01, 0x00, 0x01, 0x00, 0x92, 0x01, 0x21, 0x00,
            0x00, 0xD1, 0x01, 0x21, 0x00, 0x01, 0x00, 0x01, 0x00, 0x00, 0x01, 0x00, 0x2C, 0x00, 0x2A, 0x00,
            0x2A, 0x00, 0x00, 0x28, 0x00, 0x01, 0x00, 0x01, 0x00, 0xC2, 0x01, 0x00, 0x21, 0x00, 0x01, 0x00,
            0x2C, 0x00, 0x2A, 0x00, 0x00, 0x28, 0x00, 0x01, 0x00, 0x01, 0x00, 0x01, 0x00, 0x00, 0x01, 0x00,
            0x01, 0x00, 0x2C, 0x00, 0x2A, 0x00, 0x00, 0x09, 0x00, 0x29, 0x00, 0x01, 0x00, 0xD0, 0x01, 0x00,
            0x21, 0x00, 0x01, 0x00, 0x01, 0x00, 0x01, 0x00, 0x00, 0x01, 0x00, 0xD1, 0x01, 0x21, 0x00, 0x2B,
            0x00, 0x00, 0x0B, 0x00, 0x2A, 0x00, 0x28, 0x00, 0x01, 0x00, 0x00, 0x01, 0x00, 0x01, 0x00, 0x01,
            0x00, 0x01, 0x00, 0x00, 0x2C, 0x00, 0x2A, 0x00, 0x48, 0x00, 0x4A, 0x00, 0x00, 0x4A, 0x00, 0x4A,
            0x00, 0x4A, 0x00, 0x4A, 0x00, 0x00, 0x4C, 0x00, 0x2A, 0x00, 0x28, 0x00, 0x01, 0x00, 0x00, 0xA4,
            0x01, 0xA4, 0x01, 0xA4, 0x01, 0x01, 0x00, 0x00, 0x01, 0x00, 0x01, 0x00, 0x01, 0x00, 0x01, 0x00,
            0x00, 0x01, 0x00, 0x01, 0x00, 0x2C, 0x00, 0x2A, 0x00, 0x00, 0x48, 0x00, 0x4A, 0x00, 0x4A, 0x00,
            0x4A, 0x00, 0x00, 0x4A, 0x00, 0x4A, 0x00, 0x4C, 0x00, 0x2A, 0x00, 0x00, 0x2A, 0x00, 0x2A, 0x00,
            0x2A, 0x00, 0x2A, 0x00, 0x00, 0x2A, 0x00, 0x2A, 0x00, 0x2A, 0x00, 0x2A, 0x00, 0x00, 0x28, 0x00,
            0x01, 0x00, 0xA4, 0x01, 0x93, 0x01, 0x00, 0xA4, 0x01, 0x01, 0x00, 0xCF, 0x01, 0x21, 0x00, 0x00,
            0x01, 0x00, 0x01, 0x00, 0x85, 0x01, 0x21, 0x00, 0x00, 0x2C, 0x00, 0x2A, 0x00, 0x2A, 0x00, 0x2A,
            0x00, 0x00, 0x2A, 0x00, 0x2A, 0x00, 0x2A, 0x00, 0x2A, 0x00, 0x00, 0x2A, 0x00, 0x2A, 0x00, 0x2A,
            0x00, 0x2A, 0x00, 0x00, 0x2A, 0x00, 0x2A, 0x00, 0x2A, 0x00, 0x2A, 0x00, 0x00, 0x2A, 0x00, 0x2A,
            0x00, 0x28, 0x00, 0x01, 0x00, 0x00, 0xA4, 0x01, 0xA4, 0x01, 0xA4, 0x01, 0x01, 0x00, 0x00, 0x01,
            0x00, 0x01, 0x00, 0x01, 0x00, 0x01, 0x00, 0x00, 0x01, 0x00, 0x01, 0x00, 0x2C, 0x00, 0x2A, 0x00,
            0x00, 0x2A, 0x00, 0x2A, 0x00, 0x2A, 0x00, 0x2A, 0x00, 0x00, 0x2A, 0x00, 0x2A, 0x00, 0x2A, 0x00,
            0x2A, 0x00, 0x00, 0x2A, 0x00, 0x2A, 0x00, 0x2A, 0x00, 0x2A, 0x00, 0x00, 0x2A, 0x00, 0x2A, 0x00,
            0x2A, 0x00, 0x2A, 0x00, 0x00, 0x48, 0x00, 0x49, 0x00, 0x01, 0x00, 0xD1, 0x01, 0x00, 0x21, 0x00,
            0x01, 0x00, 0x01, 0x00, 0x01, 0x00, 0x00, 0xD2, 0x01, 0x21, 0x00, 0x01, 0x00, 0x4B, 0x00, 0x00,
            0x4C, 0x00, 0x2A, 0x00, 0x2A, 0x00, 0x2A, 0x00, 0x00, 0x2A, 0x00, 0x2A, 0x00, 0x2A, 0x00, 0x2A,
            0x00, 0x00, 0x2A, 0x00, 0x2A, 0x00, 0x2A, 0x00, 0x2A, 0x00, 0x00, 0x2A, 0x00, 0x2A, 0x00, 0x2A,
            0x00, 0x2A, 0x00, 0x00, 0x2A, 0x00, 0x2A, 0x00, 0x2A, 0x00, 0x28, 0x00, 0x00, 0x01, 0x00, 0x01,
            0x00, 0x01, 0x00, 0x01, 0x00, 0x00, 0xD3, 0x01, 0x21, 0x00, 0x01, 0x00, 0x92, 0x01, 0x00, 0x21,
            0x00, 0x2C, 0x00, 0x2A, 0x00, 0x2A, 0x00, 0x00, 0x2A, 0x00, 0x2A, 0x00, 0x2A, 0x00, 0x2A, 0x00,
            0x00, 0x2A, 0x00, 0x2A, 0x00, 0x2A, 0x00, 0x2A, 0x00, 0x00, 0x2A, 0x00, 0x2A, 0x00, 0x2A, 0x00,
            0x2A, 0x00, 0x00, 0x2A, 0x00, 0x2A, 0x00, 0x2A, 0x00, 0x2A, 0x00, 0x00, 0x2A, 0x00, 0x48, 0x00,
            0x4A, 0x00, 0x49, 0x00, 0x00, 0x01, 0x00, 0x01, 0x00, 0x01, 0x00, 0x01, 0x00, 0x00, 0x01, 0x00,
            0x4B, 0x00, 0x4A, 0x00, 0x4C, 0x00, 0x00, 0x2A, 0x00, 0x2A, 0x00, 0x2A, 0x00, 0x2A, 0x00, 0x00,
            0x2A, 0x00, 0x2A, 0x00, 0x2A, 0x00, 0x2A, 0x00, 0x00, 0x2A, 0x00, 0x2A, 0x00, 0x2A, 0x00, 0x2A,
            0x00, 0x00, 0x2A, 0x00, 0x2A, 0x00, 0x2A, 0x00, 0x2A, 0x00, 0x00, 0x2A, 0x00, 0x2A, 0x00, 0x2A,
            0x00, 0x2A, 0x00, 0x00, 0x2A, 0x00, 0x48, 0x00, 0x4A, 0x00, 0x4A, 0x00, 0x00, 0x4A, 0x00, 0x4A,
            0x00, 0x4A, 0x00, 0x4C, 0x00, 0x00, 0x2A, 0x00, 0x2A, 0x00, 0x2A, 0x00, 0x2A, 0x00, 0x00, 0x2A,
            0x00, 0x2A, 0x00, 0x2A, 0x00, 0x2A, 0x00, 0x00, 0x2A, 0x00, 0x2A, 0x00, 0x2A, 0x00, 0x2A, 0x00,
            0x00, 0x2A, 0x00, 0x2A, 0x00, 0x2A, 0x00, 0x2A, 0x00, 0x00, 0x2A, 0x00, 0x2A, 0x00, 0x2A, 0x00,
            0x2A, 0x00, 0x00, 0x2A, 0x00, 0x2A, 0x00, 0x2A, 0x00, 0x2A, 0x00, 0x00, 0x2A, 0x00, 0x2A, 0x00,
            0x2A, 0x00, 0x2A, 0x00, 0x00, 0x2A, 0x00, 0x2A, 0x00, 0x2A, 0x00, 0x2A, 0x00, 0x00, 0x2A, 0x00,
            0x2A, 0x00, 0x2A, 0x00, 0x2A, 0x00, 0x00, 0x2A, 0x00, 0x2A, 0x00, 0x2A, 0x00, 0x2A, 0x00, 0x00,
            0x2A, 0x00, 0x00, 0x00,
        ],
        units: &[
            0xFE, 0x01, 0x00, 0x00, 0x00, 0x00, 0x00, 0x00, 0x00, 0x00, 0x00, 0x00,
            0x06, 0x05, 0x01, 0x00, 0x64, 0x63, 0x63, 0x00, 0x00, 0x04, 0x00, 0x00,
            0x05, 0x06, 0x02, 0x00, 0x64, 0x63, 0x63, 0x00, 0x00, 0x04, 0x00, 0x00,
            0x07, 0x06, 0x05, 0x00, 0x64, 0x63, 0x63, 0x00, 0x00, 0x04, 0x00, 0x00,
            0x06, 0x07, 0x0A, 0x00, 0x64, 0x63, 0x63, 0x00, 0x00, 0x04, 0x00, 0x00,
            0x0C, 0x06, 0x17, 0x00, 0x64, 0x63, 0x63, 0x00, 0x00, 0x04, 0x00, 0x00,
            0x0C, 0x07, 0x16, 0x00, 0x64, 0x63, 0x63, 0x00, 0x00, 0x04, 0x00, 0x00,
            0xFE, 0x02, 0x00, 0x00, 0x00, 0x00, 0x00, 0x00, 0x00, 0x00, 0x00, 0x00,
            0x17, 0x05, 0x01, 0x00, 0x64, 0x63, 0x63, 0x00, 0x00, 0x04, 0x00, 0x00,
            0x16, 0x06, 0x02, 0x00, 0x64, 0x63, 0x63, 0x00, 0x00, 0x04, 0x00, 0x00,
            0x18, 0x06, 0x05, 0x00, 0x64, 0x63, 0x63, 0x00, 0x00, 0x04, 0x00, 0x00,
            0x17, 0x07, 0x0A, 0x00, 0x64, 0x63, 0x63, 0x00, 0x00, 0x04, 0x00, 0x00,
            0x11, 0x06, 0x17, 0x00, 0x64, 0x63, 0x63, 0x00, 0x00, 0x04, 0x00, 0x00,
            0x11, 0x07, 0x16, 0x00, 0x64, 0x63, 0x63, 0x00, 0x00, 0x04, 0x00, 0x00,
            0xFE, 0x03, 0x00, 0x00, 0x00, 0x00, 0x00, 0x00, 0x00, 0x00, 0x00, 0x00,
            0x0F, 0x12, 0x01, 0x00, 0x64, 0x63, 0x63, 0x00, 0x00, 0x04, 0x00, 0x00,
            0x0E, 0x13, 0x02, 0x00, 0x64, 0x63, 0x63, 0x00, 0x00, 0x04, 0x00, 0x00,
            0x10, 0x13, 0x05, 0x00, 0x64, 0x63, 0x63, 0x00, 0x00, 0x04, 0x00, 0x00,
            0x0F, 0x14, 0x0A, 0x00, 0x64, 0x63, 0x63, 0x00, 0x00, 0x04, 0x00, 0x00,
            0x0F, 0x0E, 0x17, 0x00, 0x64, 0x63, 0x63, 0x00, 0x00, 0x04, 0x00, 0x00,
            0x10, 0x0E, 0x16, 0x00, 0x64, 0x63, 0x63, 0x00, 0x00, 0x04, 0x00, 0x00,
            0xFF, 0x00, 0x00, 0x00, 0x00, 0x00, 0x00, 0x00, 0x00, 0x00, 0x00, 0x00,
        ],
    },
    // Obelisk Plains: 28x28, properties {0: 20, 1: 6, 2: 6, 3: 6, 4: 6, 5: 0}
    Map {
        name: "Obelisk Plains",
        armies: 4,
        tab: 6,
        colours: &[1, 2, 3, 5],
        obelisk: true,
        ds: false,
        wasteland: false,
        tiles: &[
            0x10, 0x22, 0x06, 0x00, 0x00, 0x1C, 0x1C, 0x01, 0x00, 0x01, 0x00, 0x87, 0x00, 0x00, 0x21, 0x00,
            0x01, 0x00, 0x01, 0x00, 0x01, 0x00, 0x00, 0x01, 0x00, 0x87, 0x00, 0x21, 0x00, 0x01, 0x00, 0x00,
            0x01, 0x00, 0x01, 0x00, 0x01, 0x00, 0x01, 0x00, 0x00, 0x01, 0x00, 0x01, 0x00, 0x01, 0x00, 0x01,
            0x00, 0x00, 0x87, 0x00, 0x21, 0x00, 0x01, 0x00, 0x01, 0x00, 0x00, 0x01, 0x00, 0x01, 0x00, 0x87,
            0x00, 0x21, 0x00, 0x00, 0x01, 0x00, 0x01, 0x00, 0xC5, 0x01, 0x21, 0x00, 0x00, 0xC6, 0x01, 0x21,
            0x00, 0x01, 0x00, 0x01, 0x00, 0x00, 0xC2, 0x01, 0x21, 0x00, 0x01, 0x00, 0x01, 0x00, 0x00, 0x01,
            0x00, 0x01, 0x00, 0x01, 0x00, 0x01, 0x00, 0x00, 0x01, 0x00, 0x01, 0x00, 0x01, 0x00, 0x01, 0x00,
            0x00, 0x01, 0x00, 0xC2, 0x01, 0x21, 0x00, 0x01, 0x00, 0x00, 0x01, 0x00, 0xCB, 0x01, 0x21, 0x00,
            0xCA, 0x01, 0x00, 0x21, 0x00, 0x01, 0x00, 0xC6, 0x01, 0x21, 0x00, 0x00, 0xC7, 0x01, 0x21, 0x00,
            0x01, 0x00, 0x01, 0x00, 0x00, 0x01, 0x00, 0x01, 0x00, 0x01, 0x00, 0x87, 0x00, 0x00, 0x21, 0x00,
            0x01, 0x00, 0x01, 0x00, 0x01, 0x00, 0x00, 0x01, 0x00, 0x01, 0x00, 0x87, 0x00, 0x21, 0x00, 0x00,
            0x01, 0x00, 0x01, 0x00, 0x01, 0x00, 0x01, 0x00, 0x00, 0x01, 0x00, 0xCC, 0x01, 0x21, 0x00, 0xCB,
            0x01, 0x00, 0x21, 0x00, 0x01, 0x00, 0x01, 0x00, 0xC7, 0x01, 0x00, 0x21, 0x00, 0x01, 0x00, 0x87,
            0x00, 0x86, 0x00, 0x00, 0x21, 0x00, 0x01, 0x00, 0x01, 0x00, 0x01, 0x00, 0x00, 0x01, 0x00, 0x01,
            0x00, 0x01, 0x00, 0x01, 0x00, 0x00, 0x01, 0x00, 0x01, 0x00, 0x01, 0x00, 0x01, 0x00, 0x00, 0x01,
            0x00, 0x01, 0x00, 0x87, 0x00, 0x86, 0x00, 0x00, 0x21, 0x00, 0x01, 0x00, 0xCC, 0x01, 0x21, 0x00,
            0x00, 0x01, 0x00, 0x01, 0x00, 0xC8, 0x01, 0x21, 0x00, 0x00, 0x01, 0x00, 0x01, 0x00, 0x01, 0x00,
            0x87, 0x00, 0x00, 0x21, 0x00, 0x01, 0x00, 0xC2, 0x01, 0x21, 0x00, 0x00, 0x01, 0x00, 0x01, 0x00,
            0x01, 0x00, 0x01, 0x00, 0x00, 0x01, 0x00, 0x01, 0x00, 0x01, 0x00, 0xC2, 0x01, 0x00, 0x21, 0x00,
            0x01, 0x00, 0x87, 0x00, 0x21, 0x00, 0x00, 0x01, 0x00, 0x01, 0x00, 0x01, 0x00, 0xCD, 0x01, 0x00,
            0x21, 0x00, 0x01, 0x00, 0x01, 0x00, 0x87, 0x00, 0x00, 0x86, 0x00, 0x21, 0x00, 0x01, 0x00, 0x01,
            0x00, 0x00, 0x01, 0x00, 0x01, 0x00, 0x01, 0x00, 0x01, 0x00, 0x00, 0x01, 0x00, 0x01, 0x00, 0x01,
            0x00, 0x01, 0x00, 0x00, 0x01, 0x00, 0x01, 0x00, 0x01, 0x00, 0x01, 0x00, 0x00, 0x01, 0x00, 0x01,
            0x00, 0x01, 0x00, 0x01, 0x00, 0x00, 0x01, 0x00, 0x87, 0x00, 0x86, 0x00, 0x21, 0x00, 0x00, 0x01,
            0x00, 0x01, 0x00, 0x01, 0x00, 0x01, 0x00, 0x00, 0x01, 0x00, 0xC2, 0x01, 0x21, 0x00, 0x01, 0x00,
            0x00, 0x01, 0x00, 0x01, 0x00, 0x87, 0x00, 0x21, 0x00, 0x00, 0x01, 0x00, 0x01, 0x00, 0x01, 0x00,
            0x01, 0x00, 0x00, 0x01, 0x00, 0x01, 0x00, 0x01, 0x00, 0x87, 0x00, 0x00, 0x21, 0x00, 0x01, 0x00,
            0x01, 0x00, 0x01, 0x00, 0x00, 0xC2, 0x01, 0x21, 0x00, 0x01, 0x00, 0x01, 0x00, 0x00, 0x01, 0x00,
            0x87, 0x00, 0x21, 0x00, 0x01, 0x00, 0x00, 0x01, 0x00, 0x01, 0x00, 0x01, 0x00, 0x01, 0x00, 0x00,
            0x01, 0x00, 0x01, 0x00, 0x01, 0x00, 0x43, 0x00, 0x00, 0x43, 0x00, 0x01, 0x00, 0x01, 0x00, 0x01,
            0x00, 0x00, 0x01, 0x00, 0x43, 0x00, 0x43, 0x00, 0x01, 0x00, 0x00, 0x01, 0x00, 0x01, 0x00, 0x01,
            0x00, 0x01, 0x00, 0x00, 0x01, 0x00, 0x01, 0x00, 0x01, 0x00, 0x01, 0x00, 0x00, 0x87, 0x00, 0x01,
            0x00, 0x01, 0x00, 0x87, 0x00, 0x00, 0x21, 0x00, 0x01, 0x00, 0x01, 0x00, 0x01, 0x00, 0x00, 0x01,
            0x00, 0x01, 0x00, 0x01, 0x00, 0x22, 0x00, 0x00, 0x23, 0x00, 0x21, 0x00, 0x01, 0x00, 0x01, 0x00,
            0x00, 0x01, 0x00, 0x23, 0x00, 0x22, 0x00, 0x21, 0x00, 0x00, 0x01, 0x00, 0x01, 0x00, 0x01, 0x00,
            0x01, 0x00, 0x00, 0x01, 0x00, 0x01, 0x00, 0x87, 0x00, 0x21, 0x00, 0x00, 0x01, 0x00, 0x01, 0x00,
            0xC2, 0x01, 0x21, 0x00, 0x00, 0x01, 0x00, 0x01, 0x00, 0x87, 0x00, 0x21, 0x00, 0x00, 0x01, 0x00,
            0x01, 0x00, 0x01, 0x00, 0x23, 0x00, 0x00, 0x21, 0x00, 0x01, 0x00, 0x01, 0x00, 0x01, 0x00, 0x00,
            0x01, 0x00, 0x01, 0x00, 0x23, 0x00, 0x92, 0x01, 0x00, 0x21, 0x00, 0x01, 0x00, 0x01, 0x00, 0x87,
            0x00, 0x00, 0x21, 0x00, 0x01, 0x00, 0x01, 0x00, 0xC2, 0x01, 0x00, 0x21, 0x00, 0x01, 0x00, 0x01,
            0x00, 0x01, 0x00, 0x00, 0x01, 0x00, 0x01, 0x00, 0x01, 0x00, 0x01, 0x00, 0x00, 0x01, 0x00, 0x01,
            0x00, 0x01, 0x00, 0xC2, 0x01, 0x00, 0x21, 0x00, 0x01, 0x00, 0x01, 0x00, 0x01, 0x00, 0x00, 0x01,
            0x00, 0x01, 0x00, 0xC2, 0x01, 0x21, 0x00, 0x00, 0x01, 0x00, 0x01, 0x00, 0x01, 0x00, 0x01, 0x00,
            0x00, 0x01, 0x00, 0x01, 0x00, 0x01, 0x00, 0x01, 0x00, 0x00, 0x01, 0x00, 0x01, 0x00, 0x01, 0x00,
            0x01, 0x00, 0x00, 0x43, 0x00, 0x43, 0x00, 0x01, 0x00, 0x87, 0x00, 0x00, 0x21, 0x00, 0x01, 0x00,
            0x01, 0x00, 0x01, 0x00, 0x00, 0x01, 0x00, 0x01, 0x00, 0x01, 0x00, 0x01, 0x00, 0x00, 0x01, 0x00,
            0x01, 0x00, 0x01, 0x00, 0x01, 0x00, 0x00, 0x01, 0x00, 0x01, 0x00, 0x87, 0x00, 0x21, 0x00, 0x00,
            0x43, 0x00, 0x43, 0x00, 0x01, 0x00, 0x01, 0x00, 0x00, 0x01, 0x00, 0x01, 0x00, 0x01, 0x00, 0x01,
            0x00, 0x00, 0x23, 0x00, 0x23, 0x00, 0x21, 0x00, 0x01, 0x00, 0x00, 0x01, 0x00, 0x01, 0x00, 0x01,
            0x00, 0x01, 0x00, 0x00, 0x01, 0x00, 0x01, 0x00, 0x01, 0x00, 0x01, 0x00, 0x00, 0x01, 0x00, 0x01,
            0x00, 0x01, 0x00, 0x01, 0x00, 0x00, 0x01, 0x00, 0x01, 0x00, 0x01, 0x00, 0x01, 0x00, 0x00, 0x23,
            0x00, 0x23, 0x00, 0x21, 0x00, 0x01, 0x00, 0x00, 0x01, 0x00, 0x01, 0x00, 0x01, 0x00, 0x01, 0x00,
            0x00, 0x01, 0x00, 0x01, 0x00, 0x01, 0x00, 0x01, 0x00, 0x00, 0x01, 0x00, 0x01, 0x00, 0x01, 0x00,
            0x01, 0x00, 0x00, 0x01, 0x00, 0x01, 0x00, 0x92, 0x01, 0x21, 0x00, 0x00, 0x01, 0x00, 0x01, 0x00,
            0x01, 0x00, 0x01, 0x00, 0x00, 0x01, 0x00, 0x01, 0x00, 0x01, 0x00, 0x01, 0x00, 0x00, 0x01, 0x00,
            0x01, 0x00, 0x01, 0x00, 0x01, 0x00, 0x00, 0x01, 0x00, 0x01, 0x00, 0x01, 0x00, 0x01, 0x00, 0x00,
            0x43, 0x00, 0x43, 0x00, 0x01, 0x00, 0x01, 0x00, 0x00, 0x01, 0x00, 0x01, 0x00, 0x01, 0x00, 0x01,
            0x00, 0x00, 0x01, 0x00, 0x01, 0x00, 0x01, 0x00, 0x92, 0x01, 0x00, 0x21, 0x00, 0x01, 0x00, 0x01,
            0x00, 0x01, 0x00, 0x00, 0x01, 0x00, 0x01, 0x00, 0x01, 0x00, 0x01, 0x00, 0x00, 0x43, 0x00, 0x43,
            0x00, 0x01, 0x00, 0x01, 0x00, 0x00, 0x01, 0x00, 0x01, 0x00, 0x01, 0x00, 0x01, 0x00, 0x00, 0x23,
            0x00, 0x23, 0x00, 0x21, 0x00, 0x01, 0x00, 0x00, 0x01, 0x00, 0x01, 0x00, 0x01, 0x00, 0x01, 0x00,
            0x00, 0x01, 0x00, 0x01, 0x00, 0x01, 0x00, 0x01, 0x00, 0x00, 0x01, 0x00, 0x01, 0x00, 0x01, 0x00,
            0x01, 0x00, 0x00, 0x01, 0x00, 0x01, 0x00, 0x01, 0x00, 0x01, 0x00, 0x00, 0x23, 0x00, 0x23, 0x00,
            0x21, 0x00, 0x01, 0x00, 0x00, 0x01, 0x00, 0x01, 0x00, 0x01, 0x00, 0x01, 0x00, 0x00, 0x01, 0x00,
            0x01, 0x00, 0x01, 0x00, 0x87, 0x00, 0x00, 0x21, 0x00, 0x01, 0x00, 0x01, 0x00, 0x01, 0x00, 0x00,
            0x01, 0x00, 0x01, 0x00, 0x01, 0x00, 0x01, 0x00, 0x00, 0x01, 0x00, 0x01, 0x00, 0x01, 0x00, 0x01,
            0x00, 0x00, 0x01, 0x00, 0x01, 0x00, 0x87, 0x00, 0x21, 0x00, 0x00, 0x01, 0x00, 0x01, 0x00, 0x01,
            0x00, 0x01, 0x00, 0x00, 0x01, 0x00, 0x01, 0x00, 0x01, 0x00, 0x01, 0x00, 0x00, 0x01, 0x00, 0x01,
            0x00, 0x01, 0x00, 0x01, 0x00, 0x00, 0x01, 0x00, 0x01, 0x00, 0x01, 0x00, 0xC2, 0x01, 0x00, 0x21,
            0x00, 0x01, 0x00, 0x01, 0x00, 0x01, 0x00, 0x00, 0x01, 0x00, 0x01, 0x00, 0xC2, 0x01, 0x21, 0x00,
            0x00, 0x01, 0x00, 0x01, 0x00, 0x01, 0x00, 0x01, 0x00, 0x00, 0x01, 0x00, 0x01, 0x00, 0x01, 0x00,
            0x01, 0x00, 0x00, 0x01, 0x00, 0x01, 0x00, 0xC2, 0x01, 0x21, 0x00, 0x00, 0x01, 0x00, 0x01, 0x00,
            0x87, 0x00, 0x21, 0x00, 0x00, 0x01, 0x00, 0x01, 0x00, 0x92, 0x01, 0x02, 0x00, 0x00, 0x03, 0x00,
            0x01, 0x00, 0x01, 0x00, 0x01, 0x00, 0x00, 0x01, 0x00, 0x43, 0x00, 0x02, 0x00, 0x21, 0x00, 0x00,
            0x01, 0x00, 0x01, 0x00, 0x01, 0x00, 0x87, 0x00, 0x00, 0x21, 0x00, 0x01, 0x00, 0x01, 0x00, 0xC2,
            0x01, 0x00, 0x21, 0x00, 0x01, 0x00, 0x01, 0x00, 0x87, 0x00, 0x00, 0x21, 0x00, 0x01, 0x00, 0x01,
            0x00, 0x01, 0x00, 0x00, 0x01, 0x00, 0x01, 0x00, 0x01, 0x00, 0x23, 0x00, 0x00, 0x23, 0x00, 0x21,
            0x00, 0x01, 0x00, 0x01, 0x00, 0x00, 0x01, 0x00, 0x23, 0x00, 0x23, 0x00, 0x21, 0x00, 0x00, 0x01,
            0x00, 0x01, 0x00, 0x01, 0x00, 0x01, 0x00, 0x00, 0x01, 0x00, 0x01, 0x00, 0x87, 0x00, 0x21, 0x00,
            0x00, 0x01, 0x00, 0x87, 0x00, 0x21, 0x00, 0x01, 0x00, 0x00, 0x01, 0x00, 0x01, 0x00, 0x01, 0x00,
            0x01, 0x00, 0x00, 0x01, 0x00, 0x01, 0x00, 0x01, 0x00, 0x01, 0x00, 0x00, 0x01, 0x00, 0x01, 0x00,
            0x01, 0x00, 0x01, 0x00, 0x00, 0x01, 0x00, 0x01, 0x00, 0x01, 0x00, 0x01, 0x00, 0x00, 0x01, 0x00,
            0x01, 0x00, 0x01, 0x00, 0x01, 0x00, 0x00, 0x01, 0x00, 0x83, 0x01, 0x21, 0x00, 0x01, 0x00, 0x00,
            0x87, 0x00, 0x01, 0x00, 0x01, 0x00, 0x01, 0x00, 0x00, 0x01, 0x00, 0xC2, 0x01, 0x21, 0x00, 0x01,
            0x00, 0x00, 0x01, 0x00, 0x01, 0x00, 0x87, 0x00, 0x21, 0x00, 0x00, 0x01, 0x00, 0x01, 0x00, 0x01,
            0x00, 0x01, 0x00, 0x00, 0x01, 0x00, 0x01, 0x00, 0x01, 0x00, 0x87, 0x00, 0x00, 0x21, 0x00, 0x01,
            0x00, 0x01, 0x00, 0x01, 0x00, 0x00, 0xC2, 0x01, 0x21, 0x00, 0x01, 0x00, 0x01, 0x00, 0x00, 0x01,
            0x00, 0x01, 0x00, 0x01, 0x00, 0x87, 0x00, 0x00, 0x86, 0x00, 0x21, 0x00, 0x01, 0x00, 0x01, 0x00,
            0x00, 0x01, 0x00, 0x01, 0x00, 0x01, 0x00, 0x01, 0x00, 0x00, 0x01, 0x00, 0x01, 0x00, 0x01, 0x00,
            0x01, 0x00, 0x00, 0x01, 0x00, 0x01, 0x00, 0x01, 0x00, 0x01, 0x00, 0x00, 0x01, 0x00, 0x01, 0x00,
            0x01, 0x00, 0xA4, 0x01, 0x00, 0xA4, 0x01, 0xA4, 0x01, 0x86, 0x00, 0x21, 0x00, 0x00, 0x01, 0x00,
            0x01, 0x00, 0xD2, 0x01, 0x21, 0x00, 0x00, 0x01, 0x00, 0x01, 0x00, 0x01, 0x00, 0x87, 0x00, 0x00,
            0x21, 0x00, 0x01, 0x00, 0xC2, 0x01, 0x21, 0x00, 0x00, 0x01, 0x00, 0x01, 0x00, 0x01, 0x00, 0x01,
            0x00, 0x00, 0x01, 0x00, 0x01, 0x00, 0x01, 0x00, 0xC2, 0x01, 0x00, 0x21, 0x00, 0x01, 0x00, 0x87,
            0x00, 0xA4, 0x01, 0x00, 0x93, 0x01, 0xA4, 0x01, 0x01, 0x00, 0xD7, 0x01, 0x00, 0x21, 0x00, 0x01,
            0x00, 0x01, 0x00, 0xD1, 0x01, 0x00, 0x21, 0x00, 0x01, 0x00, 0x87, 0x00, 0x86, 0x00, 0x00, 0x21,
            0x00, 0x01, 0x00, 0x01, 0x00, 0x01, 0x00, 0x00, 0x01, 0x00, 0x01, 0x00, 0x01, 0x00, 0x01, 0x00,
            0x00, 0x01, 0x00, 0x01, 0x00, 0x01, 0x00, 0x01, 0x00, 0x00, 0x01, 0x00, 0x84, 0x01, 0x86, 0x00,
            0xA4, 0x01, 0x00, 0xA4, 0x01, 0xA4, 0x01, 0xD6, 0x01, 0x21, 0x00, 0x00, 0x01, 0x00, 0x01, 0x00,
            0xD0, 0x01, 0x21, 0x00, 0x00, 0xD1, 0x01, 0x21, 0x00, 0x01, 0x00, 0x01, 0x00, 0x00, 0x01, 0x00,
            0x01, 0x00, 0x01, 0x00, 0x87, 0x00, 0x00, 0x21, 0x00, 0x01, 0x00, 0x01, 0x00, 0x01, 0x00, 0x00,
            0x01, 0x00, 0x01, 0x00, 0x87, 0x00, 0x21, 0x00, 0x00, 0x01, 0x00, 0x01, 0x00, 0x01, 0x00, 0x01,
            0x00, 0x00, 0x01, 0x00, 0xD6, 0x01, 0x21, 0x00, 0xD5, 0x01, 0x00, 0x21, 0x00, 0x01, 0x00, 0xCF,
            0x01, 0x21, 0x00, 0x00, 0xD0, 0x01, 0x21, 0x00, 0x01, 0x00, 0x01, 0x00, 0x00, 0xC2, 0x01, 0x21,
            0x00, 0x01, 0x00, 0x01, 0x00, 0x00, 0x01, 0x00, 0x01, 0x00, 0x01, 0x00, 0x01, 0x00, 0x00, 0x01,
            0x00, 0x01, 0x00, 0x01, 0x00, 0x01, 0x00, 0x00, 0x01, 0x00, 0xC2, 0x01, 0x21, 0x00, 0x01, 0x00,
            0x00, 0x01, 0x00, 0xD5, 0x01, 0x21, 0x00, 0xD4, 0x01, 0x00, 0x21, 0x00, 0x01, 0x00, 0x01, 0x00,
            0x87, 0x00, 0x00, 0x21, 0x00, 0x01, 0x00, 0x01, 0x00, 0x01, 0x00, 0x00, 0x01, 0x00, 0x87, 0x00,
            0x21, 0x00, 0x01, 0x00, 0x00, 0x01, 0x00, 0x01, 0x00, 0x01, 0x00, 0x01, 0x00, 0x00, 0x01, 0x00,
            0x01, 0x00, 0x01, 0x00, 0x01, 0x00, 0x00, 0x87, 0x00, 0x21, 0x00, 0x01, 0x00, 0x01, 0x00, 0x00,
            0x01, 0x00, 0x01, 0x00, 0x87, 0x00, 0x21, 0x00, 0x00, 0x01, 0x00, 0x00,
        ],
        units: &[
            0xFE, 0x01, 0x00, 0x00, 0x00, 0x00, 0x00, 0x00, 0x00, 0x00, 0x00, 0x00,
            0x01, 0x00, 0x01, 0x00, 0x64, 0x63, 0x63, 0x00, 0x00, 0x04, 0x00, 0x00,
            0x00, 0x01, 0x01, 0x00, 0x64, 0x63, 0x63, 0x00, 0x00, 0x04, 0x00, 0x00,
            0x02, 0x01, 0x02, 0x00, 0x64, 0x63, 0x63, 0x00, 0x00, 0x04, 0x00, 0x00,
            0x00, 0x00, 0x05, 0x00, 0x64, 0x63, 0x63, 0x00, 0x00, 0x04, 0x00, 0x00,
            0x02, 0x00, 0x06, 0x00, 0x64, 0x63, 0x63, 0x00, 0x00, 0x04, 0x00, 0x00,
            0x00, 0x02, 0x0A, 0x00, 0x64, 0x63, 0x63, 0x00, 0x00, 0x04, 0x00, 0x00,
            0xFE, 0x02, 0x00, 0x00, 0x00, 0x00, 0x00, 0x00, 0x00, 0x00, 0x00, 0x00,
            0x1A, 0x00, 0x01, 0x00, 0x64, 0x63, 0x63, 0x00, 0x00, 0x04, 0x00, 0x00,
            0x19, 0x01, 0x01, 0x00, 0x64, 0x63, 0x63, 0x00, 0x00, 0x04, 0x00, 0x00,
            0x1B, 0x01, 0x02, 0x00, 0x64, 0x63, 0x63, 0x00, 0x00, 0x04, 0x00, 0x00,
            0x19, 0x00, 0x05, 0x00, 0x64, 0x63, 0x63, 0x00, 0x00, 0x04, 0x00, 0x00,
            0x1B, 0x00, 0x06, 0x00, 0x64, 0x63, 0x63, 0x00, 0x00, 0x04, 0x00, 0x00,
            0x19, 0x02, 0x0A, 0x00, 0x64, 0x63, 0x63, 0x00, 0x00, 0x04, 0x00, 0x00,
            0xFE, 0x03, 0x00, 0x00, 0x00, 0x00, 0x00, 0x00, 0x00, 0x00, 0x00, 0x00,
            0x00, 0x1A, 0x01, 0x00, 0x64, 0x63, 0x63, 0x00, 0x00, 0x04, 0x00, 0x00,
            0x02, 0x1A, 0x01, 0x00, 0x64, 0x63, 0x63, 0x00, 0x00, 0x04, 0x00, 0x00,
            0x01, 0x1B, 0x02, 0x00, 0x64, 0x63, 0x63, 0x00, 0x00, 0x04, 0x00, 0x00,
            0x01, 0x18, 0x05, 0x00, 0x64, 0x63, 0x63, 0x00, 0x00, 0x04, 0x00, 0x00,
            0x00, 0x19, 0x06, 0x00, 0x64, 0x63, 0x63, 0x00, 0x00, 0x04, 0x00, 0x00,
            0x02, 0x19, 0x0A, 0x00, 0x64, 0x63, 0x63, 0x00, 0x00, 0x04, 0x00, 0x00,
            0xFE, 0x04, 0x00, 0x00, 0x00, 0x00, 0x00, 0x00, 0x00, 0x00, 0x00, 0x00,
            0x19, 0x1A, 0x01, 0x00, 0x64, 0x63, 0x63, 0x00, 0x00, 0x04, 0x00, 0x00,
            0x1B, 0x1A, 0x01, 0x00, 0x64, 0x63, 0x63, 0x00, 0x00, 0x04, 0x00, 0x00,
            0x1A, 0x1B, 0x02, 0x00, 0x64, 0x63, 0x63, 0x00, 0x00, 0x04, 0x00, 0x00,
            0x1A, 0x18, 0x05, 0x00, 0x64, 0x63, 0x63, 0x00, 0x00, 0x04, 0x00, 0x00,
            0x19, 0x19, 0x06, 0x00, 0x64, 0x63, 0x63, 0x00, 0x00, 0x04, 0x00, 0x00,
            0x1B, 0x19, 0x0A, 0x00, 0x64, 0x63, 0x63, 0x00, 0x00, 0x04, 0x00, 0x00,
            0xFF, 0x00, 0x00, 0x00, 0x00, 0x00, 0x00, 0x00, 0x00, 0x00, 0x00, 0x00,
        ],
    },
    // Black Monolith: 30x30, properties {0: 40, 1: 9, 2: 9, 3: 9, 4: 9, 5: 8}
    Map {
        name: "Black Monolith",
        armies: 5,
        tab: 9,
        colours: &[1, 2, 3, 4, 5],
        obelisk: true,
        ds: false,
        wasteland: false,
        tiles: &[
            0x10, 0x0A, 0x07, 0x00, 0x00, 0x1E, 0x1E, 0x01, 0x00, 0x01, 0x00, 0x87, 0x00, 0x00, 0x21, 0x00,
            0x01, 0x00, 0x01, 0x00, 0x01, 0x00, 0x00, 0x87, 0x00, 0x21, 0x00, 0x01, 0x00, 0x20, 0x00, 0x00,
            0x02, 0x00, 0x21, 0x00, 0x01, 0x00, 0x01, 0x00, 0x00, 0x01, 0x00, 0x01, 0x00, 0x01, 0x00, 0x02,
            0x00, 0x00, 0x20, 0x00, 0x21, 0x00, 0x01, 0x00, 0x87, 0x00, 0x00, 0x21, 0x00, 0x01, 0x00, 0x01,
            0x00, 0x01, 0x00, 0x00, 0x87, 0x00, 0x21, 0x00, 0x01, 0x00, 0x01, 0x00, 0x00, 0xC5, 0x01, 0x21,
            0x00, 0xC6, 0x01, 0x21, 0x00, 0x00, 0xC7, 0x01, 0xC2, 0x01, 0x21, 0x00, 0x01, 0x00, 0x00, 0x01,
            0x00, 0x01, 0x00, 0x22, 0x00, 0x21, 0x00, 0x00, 0x01, 0x00, 0x01, 0x00, 0x01, 0x00, 0x01, 0x00,
            0x00, 0x01, 0x00, 0x22, 0x00, 0x21, 0x00, 0x01, 0x00, 0x00, 0x01, 0x00, 0x01, 0x00, 0xC2, 0x01,
            0xCC, 0x01, 0x00, 0x21, 0x00, 0xCB, 0x01, 0x21, 0x00, 0xCA, 0x01, 0x00, 0x21, 0x00, 0x01, 0x00,
            0xC6, 0x01, 0x21, 0x00, 0x00, 0xC7, 0x01, 0x21, 0x00, 0x01, 0x00, 0x01, 0x00, 0x00, 0x01, 0x00,
            0x01, 0x00, 0x01, 0x00, 0x87, 0x00, 0x00, 0x23, 0x00, 0x03, 0x00, 0x01, 0x00, 0x01, 0x00, 0x00,
            0x01, 0x00, 0x01, 0x00, 0x43, 0x00, 0x23, 0x00, 0x00, 0x86, 0x00, 0x21, 0x00, 0x01, 0x00, 0x01,
            0x00, 0x00, 0x01, 0x00, 0x01, 0x00, 0x01, 0x00, 0xCC, 0x01, 0x00, 0x21, 0x00, 0xCB, 0x01, 0x21,
            0x00, 0x01, 0x00, 0x00, 0x01, 0x00, 0xC7, 0x01, 0x21, 0x00, 0xC7, 0x01, 0x00, 0x86, 0x00, 0x86,
            0x00, 0x21, 0x00, 0x01, 0x00, 0x00, 0x01, 0x00, 0x01, 0x00, 0x01, 0x00, 0x22, 0x00, 0x00, 0x21,
            0x00, 0x01, 0x00, 0x01, 0x00, 0x01, 0x00, 0x00, 0x22, 0x00, 0x21, 0x00, 0x01, 0x00, 0x01, 0x00,
            0x00, 0x01, 0x00, 0x01, 0x00, 0x87, 0x00, 0x86, 0x00, 0x00, 0xCC, 0x01, 0x21, 0x00, 0xCC, 0x01,
            0x21, 0x00, 0x00, 0x01, 0x00, 0x01, 0x00, 0xC8, 0x01, 0xA1, 0x00, 0x00, 0x42, 0x00, 0x01, 0x00,
            0x01, 0x00, 0x87, 0x00, 0x00, 0x21, 0x00, 0x01, 0x00, 0xC2, 0x01, 0x21, 0x00, 0x00, 0x01, 0x00,
            0x23, 0x00, 0x21, 0x00, 0x01, 0x00, 0x00, 0x01, 0x00, 0x01, 0x00, 0x23, 0x00, 0x21, 0x00, 0x00,
            0x01, 0x00, 0xC2, 0x01, 0x21, 0x00, 0x01, 0x00, 0x00, 0x87, 0x00, 0x21, 0x00, 0x01, 0x00, 0x41,
            0x00, 0x00, 0x61, 0x00, 0xCD, 0x01, 0x21, 0x00, 0x01, 0x00, 0x00, 0xC7, 0x01, 0x86, 0x00, 0x80,
            0x00, 0x01, 0x00, 0x00, 0x01, 0x00, 0x43, 0x00, 0x43, 0x00, 0x01, 0x00, 0x00, 0x01, 0x00, 0x01,
            0x00, 0x01, 0x00, 0x87, 0x00, 0x00, 0x21, 0x00, 0x01, 0x00, 0x01, 0x00, 0x01, 0x00, 0x00, 0x87,
            0x00, 0x21, 0x00, 0x01, 0x00, 0x01, 0x00, 0x00, 0x01, 0x00, 0x43, 0x00, 0x43, 0x00, 0x01, 0x00,
            0x00, 0x01, 0x00, 0x40, 0x00, 0x87, 0x00, 0xCC, 0x01, 0x00, 0x21, 0x00, 0x01, 0x00, 0x01, 0x00,
            0x01, 0x00, 0x00, 0x40, 0x00, 0xC2, 0x01, 0x21, 0x00, 0x22, 0x00, 0x00, 0x22, 0x00, 0x21, 0x00,
            0x01, 0x00, 0x87, 0x00, 0x00, 0x21, 0x00, 0x01, 0x00, 0xC2, 0x01, 0x21, 0x00, 0x00, 0x01, 0x00,
            0xC2, 0x01, 0x21, 0x00, 0x01, 0x00, 0x00, 0x87, 0x00, 0x21, 0x00, 0x01, 0x00, 0x22, 0x00, 0x00,
            0x22, 0x00, 0x21, 0x00, 0xC2, 0x01, 0x80, 0x00, 0x00, 0x01, 0x00, 0x01, 0x00, 0x01, 0x00, 0x87,
            0x00, 0x00, 0x21, 0x00, 0x01, 0x00, 0x40, 0x00, 0x01, 0x00, 0x00, 0x01, 0x00, 0x23, 0x00, 0x23,
            0x00, 0x21, 0x00, 0x00, 0xC3, 0x01, 0x21, 0x00, 0x01, 0x00, 0x01, 0x00, 0x00, 0x01, 0x00, 0x01,
            0x00, 0x01, 0x00, 0x01, 0x00, 0x00, 0x01, 0x00, 0x01, 0x00, 0x01, 0x00, 0xC3, 0x01, 0x00, 0x21,
            0x00, 0x23, 0x00, 0x23, 0x00, 0x21, 0x00, 0x00, 0x01, 0x00, 0x40, 0x00, 0x01, 0x00, 0x01, 0x00,
            0x00, 0x87, 0x00, 0x01, 0x00, 0x01, 0x00, 0x87, 0x00, 0x00, 0xA0, 0x00, 0x61, 0x00, 0x61, 0x00,
            0x61, 0x00, 0x00, 0x61, 0x00, 0x61, 0x00, 0x61, 0x00, 0x61, 0x00, 0x00, 0x61, 0x00, 0x61, 0x00,
            0xE0, 0x00, 0x61, 0x00, 0x00, 0x61, 0x00, 0x61, 0x00, 0xE0, 0x00, 0x61, 0x00, 0x00, 0x61, 0x00,
            0x61, 0x00, 0x61, 0x00, 0x61, 0x00, 0x00, 0x61, 0x00, 0x61, 0x00, 0x61, 0x00, 0x62, 0x00, 0x00,
            0x87, 0x00, 0x21, 0x00, 0x01, 0x00, 0x43, 0x00, 0x00, 0xC2, 0x01, 0x03, 0x00, 0x01, 0x00, 0x01,
            0x00, 0x00, 0x87, 0x00, 0x21, 0x00, 0x01, 0x00, 0xC2, 0x01, 0x00, 0x21, 0x00, 0x01, 0x00, 0x01,
            0x00, 0x01, 0x00, 0x00, 0x40, 0x00, 0x01, 0x00, 0x01, 0x00, 0x01, 0x00, 0x00, 0x40, 0x00, 0x01,
            0x00, 0x01, 0x00, 0x01, 0x00, 0x00, 0xC2, 0x01, 0x21, 0x00, 0x01, 0x00, 0x87, 0x00, 0x00, 0x21,
            0x00, 0x01, 0x00, 0x43, 0x00, 0xC2, 0x01, 0x00, 0x03, 0x00, 0x23, 0x00, 0x20, 0x00, 0x22, 0x00,
            0x00, 0x03, 0x00, 0x01, 0x00, 0x01, 0x00, 0x01, 0x00, 0x00, 0x01, 0x00, 0x87, 0x00, 0x21, 0x00,
            0x01, 0x00, 0x00, 0x01, 0x00, 0x01, 0x00, 0x40, 0x00, 0x83, 0x01, 0x00, 0x21, 0x00, 0x83, 0x01,
            0x80, 0x00, 0x01, 0x00, 0x00, 0x01, 0x00, 0x01, 0x00, 0x87, 0x00, 0x21, 0x00, 0x00, 0x01, 0x00,
            0x01, 0x00, 0x01, 0x00, 0x43, 0x00, 0x00, 0x22, 0x00, 0x20, 0x00, 0x23, 0x00, 0x01, 0x00, 0x00,
            0x01, 0x00, 0x23, 0x00, 0x22, 0x00, 0x21, 0x00, 0x00, 0x01, 0x00, 0x01, 0x00, 0xC2, 0x01, 0x21,
            0x00, 0x00, 0x01, 0x00, 0x01, 0x00, 0x92, 0x01, 0x21, 0x00, 0x00, 0x40, 0x00, 0x01, 0x00, 0x01,
            0x00, 0x01, 0x00, 0x00, 0x40, 0x00, 0x01, 0x00, 0x92, 0x01, 0x21, 0x00, 0x00, 0x01, 0x00, 0xC2,
            0x01, 0x21, 0x00, 0x01, 0x00, 0x00, 0x01, 0x00, 0x22, 0x00, 0x23, 0x00, 0x21, 0x00, 0x00, 0x01,
            0x00, 0x01, 0x00, 0x01, 0x00, 0x01, 0x00, 0x00, 0x23, 0x00, 0x03, 0x00, 0xC2, 0x01, 0x21, 0x00,
            0x00, 0x01, 0x00, 0x01, 0x00, 0x01, 0x00, 0x01, 0x00, 0x00, 0xB5, 0x01, 0x21, 0x00, 0xE1, 0x00,
            0x61, 0x00, 0x00, 0x61, 0x00, 0x61, 0x00, 0xC1, 0x00, 0x01, 0x00, 0x00, 0xB6, 0x01, 0x21, 0x00,
            0x01, 0x00, 0x01, 0x00, 0x00, 0x01, 0x00, 0xC2, 0x01, 0x03, 0x00, 0x23, 0x00, 0x00, 0x21, 0x00,
            0x01, 0x00, 0x01, 0x00, 0x01, 0x00, 0x00, 0x01, 0x00, 0x01, 0x00, 0x01, 0x00, 0x23, 0x00, 0x00,
            0x20, 0x00, 0x21, 0x00, 0x01, 0x00, 0xC2, 0x01, 0x00, 0x21, 0x00, 0x01, 0x00, 0x01, 0x00, 0x01,
            0x00, 0x00, 0x40, 0x00, 0xA4, 0x01, 0xA4, 0x01, 0xA4, 0x01, 0x00, 0x40, 0x00, 0x01, 0x00, 0x01,
            0x00, 0x01, 0x00, 0x00, 0xC2, 0x01, 0x21, 0x00, 0x01, 0x00, 0x20, 0x00, 0x00, 0x23, 0x00, 0x21,
            0x00, 0x01, 0x00, 0x01, 0x00, 0x00, 0x01, 0x00, 0x01, 0x00, 0x01, 0x00, 0x01, 0x00, 0x00, 0x01,
            0x00, 0x01, 0x00, 0x01, 0x00, 0x81, 0x01, 0x00, 0x21, 0x00, 0x01, 0x00, 0x01, 0x00, 0x84, 0x01,
            0x00, 0x21, 0x00, 0x01, 0x00, 0x40, 0x00, 0xA4, 0x01, 0x00, 0x93, 0x01, 0xA4, 0x01, 0x40, 0x00,
            0x01, 0x00, 0x00, 0x85, 0x01, 0x21, 0x00, 0x01, 0x00, 0x01, 0x00, 0x00, 0x01, 0x00, 0x01, 0x00,
            0x01, 0x00, 0x01, 0x00, 0x00, 0x01, 0x00, 0x01, 0x00, 0x01, 0x00, 0x01, 0x00, 0x00, 0x01, 0x00,
            0x01, 0x00, 0x01, 0x00, 0x43, 0x00, 0x00, 0x43, 0x00, 0x01, 0x00, 0x01, 0x00, 0x01, 0x00, 0x00,
            0x01, 0x00, 0x01, 0x00, 0x01, 0x00, 0x01, 0x00, 0x00, 0x40, 0x00, 0xA4, 0x01, 0xA4, 0x01, 0xA4,
            0x01, 0x00, 0x40, 0x00, 0x01, 0x00, 0x01, 0x00, 0x01, 0x00, 0x00, 0x01, 0x00, 0x01, 0x00, 0x81,
            0x01, 0x03, 0x00, 0x00, 0x43, 0x00, 0x01, 0x00, 0x01, 0x00, 0x01, 0x00, 0x00, 0x01, 0x00, 0x01,
            0x00, 0x01, 0x00, 0x01, 0x00, 0x00, 0x43, 0x00, 0x23, 0x00, 0x23, 0x00, 0x21, 0x00, 0x00, 0x01,
            0x00, 0xC2, 0x01, 0x21, 0x00, 0x01, 0x00, 0x00, 0xB6, 0x01, 0x21, 0x00, 0xE1, 0x00, 0x61, 0x00,
            0x00, 0x61, 0x00, 0x61, 0x00, 0xC1, 0x00, 0x01, 0x00, 0x00, 0xB6, 0x01, 0x21, 0x00, 0xC2, 0x01,
            0x21, 0x00, 0x00, 0x01, 0x00, 0x23, 0x00, 0x23, 0x00, 0x03, 0x00, 0x00, 0x01, 0x00, 0x01, 0x00,
            0x01, 0x00, 0x01, 0x00, 0x00, 0x01, 0x00, 0x43, 0x00, 0x22, 0x00, 0x21, 0x00, 0x00, 0xC2, 0x01,
            0x21, 0x00, 0x01, 0x00, 0x01, 0x00, 0x00, 0x01, 0x00, 0x01, 0x00, 0xB6, 0x01, 0x21, 0x00, 0x00,
            0x40, 0x00, 0x01, 0x00, 0x01, 0x00, 0x01, 0x00, 0x00, 0x40, 0x00, 0x01, 0x00, 0xB5, 0x01, 0x21,
            0x00, 0x00, 0x01, 0x00, 0x01, 0x00, 0x01, 0x00, 0xC2, 0x01, 0x00, 0x21, 0x00, 0x22, 0x00, 0x03,
            0x00, 0x01, 0x00, 0x00, 0x01, 0x00, 0x43, 0x00, 0x43, 0x00, 0x22, 0x00, 0x00, 0x23, 0x00, 0x21,
            0x00, 0x01, 0x00, 0x01, 0x00, 0x00, 0xC2, 0x01, 0x21, 0x00, 0x01, 0x00, 0x01, 0x00, 0x00, 0x92,
            0x01, 0x21, 0x00, 0x40, 0x00, 0x01, 0x00, 0x00, 0xB4, 0x01, 0x21, 0x00, 0x40, 0x00, 0x01, 0x00,
            0x00, 0x92, 0x01, 0x21, 0x00, 0x01, 0x00, 0xC2, 0x01, 0x00, 0x21, 0x00, 0x01, 0x00, 0x01, 0x00,
            0x23, 0x00, 0x00, 0x22, 0x00, 0x03, 0x00, 0x43, 0x00, 0x23, 0x00, 0x00, 0x23, 0x00, 0x23, 0x00,
            0x21, 0x00, 0x01, 0x00, 0x00, 0x01, 0x00, 0x01, 0x00, 0x01, 0x00, 0x87, 0x00, 0x00, 0x21, 0x00,
            0x01, 0x00, 0x01, 0x00, 0x01, 0x00, 0x00, 0x40, 0x00, 0x82, 0x01, 0x21, 0x00, 0x82, 0x01, 0x00,
            0x80, 0x00, 0x01, 0x00, 0x01, 0x00, 0x01, 0x00, 0x00, 0x87, 0x00, 0x21, 0x00, 0x01, 0x00, 0x01,
            0x00, 0x00, 0x01, 0x00, 0x01, 0x00, 0x23, 0x00, 0x23, 0x00, 0x00, 0x23, 0x00, 0x01, 0x00, 0xC2,
            0x01, 0x21, 0x00, 0x00, 0x01, 0x00, 0x01, 0x00, 0x87, 0x00, 0x21, 0x00, 0x00, 0x01, 0x00, 0xC2,
            0x01, 0x21, 0x00, 0x01, 0x00, 0x00, 0x01, 0x00, 0x01, 0x00, 0x40, 0x00, 0x01, 0x00, 0x00, 0xB7,
            0x01, 0x21, 0x00, 0x40, 0x00, 0x01, 0x00, 0x00, 0x01, 0x00, 0x01, 0x00, 0xC2, 0x01, 0x21, 0x00,
            0x00, 0x01, 0x00, 0x87, 0x00, 0x21, 0x00, 0x01, 0x00, 0x00, 0x01, 0x00, 0xC2, 0x01, 0x21, 0x00,
            0x01, 0x00, 0x00, 0x01, 0x00, 0x87, 0x00, 0x81, 0x00, 0x61, 0x00, 0x00, 0x61, 0x00, 0x61, 0x00,
            0x61, 0x00, 0x61, 0x00, 0x00, 0x61, 0x00, 0x61, 0x00, 0x61, 0x00, 0x61, 0x00, 0x00, 0xC0, 0x00,
            0x61, 0x00, 0x61, 0x00, 0x61, 0x00, 0x00, 0xC0, 0x00, 0x61, 0x00, 0x61, 0x00, 0x61, 0x00, 0x00,
            0x61, 0x00, 0x61, 0x00, 0x61, 0x00, 0x61, 0x00, 0x00, 0x61, 0x00, 0x42, 0x00, 0x87, 0x00, 0x21,
            0x00, 0x00, 0x01, 0x00, 0x87, 0x00, 0x21, 0x00, 0x01, 0x00, 0x00, 0x40, 0x00, 0x01, 0x00, 0x01,
            0x00, 0x02, 0x00, 0x00, 0x02, 0x00, 0x21, 0x00, 0xC3, 0x01, 0x21, 0x00, 0x00, 0x01, 0x00, 0x01,
            0x00, 0x01, 0x00, 0x01, 0x00, 0x00, 0x01, 0x00, 0x01, 0x00, 0x01, 0x00, 0x01, 0x00, 0x00, 0x01,
            0x00, 0xC3, 0x01, 0x21, 0x00, 0x02, 0x00, 0x00, 0x02, 0x00, 0x21, 0x00, 0x01, 0x00, 0x40, 0x00,
            0x00, 0x01, 0x00, 0x01, 0x00, 0x87, 0x00, 0x01, 0x00, 0x00, 0x01, 0x00, 0x01, 0x00, 0x40, 0x00,
            0xC2, 0x01, 0x00, 0x21, 0x00, 0x23, 0x00, 0x23, 0x00, 0x21, 0x00, 0x00, 0x01, 0x00, 0x87, 0x00,
            0x21, 0x00, 0x01, 0x00, 0x00, 0xC2, 0x01, 0x21, 0x00, 0x01, 0x00, 0xC2, 0x01, 0x00, 0x21, 0x00,
            0x01, 0x00, 0x87, 0x00, 0x21, 0x00, 0x00, 0x01, 0x00, 0x23, 0x00, 0x23, 0x00, 0x21, 0x00, 0x00,
            0xC2, 0x01, 0x80, 0x00, 0x01, 0x00, 0x01, 0x00, 0x00, 0x01, 0x00, 0x01, 0x00, 0xD1, 0x01, 0x86,
            0x00, 0x00, 0x80, 0x00, 0x01, 0x00, 0x01, 0x00, 0x01, 0x00, 0x00, 0x01, 0x00, 0x01, 0x00, 0x01,
            0x00, 0x01, 0x00, 0x00, 0x01, 0x00, 0x87, 0x00, 0x21, 0x00, 0x01, 0x00, 0x00, 0x01, 0x00, 0x01,
            0x00, 0x87, 0x00, 0x21, 0x00, 0x00, 0x01, 0x00, 0x01, 0x00, 0x01, 0x00, 0x01, 0x00, 0x00, 0x01,
            0x00, 0x01, 0x00, 0x01, 0x00, 0x40, 0x00, 0x00, 0x87, 0x00, 0xD6, 0x01, 0x21, 0x00, 0x01, 0x00,
            0x00, 0xD2, 0x01, 0xA1, 0x00, 0x62, 0x00, 0x01, 0x00, 0x00, 0x01, 0x00, 0x87, 0x00, 0x21, 0x00,
            0x01, 0x00, 0x00, 0xC2, 0x01, 0x21, 0x00, 0x01, 0x00, 0x02, 0x00, 0x00, 0x21, 0x00, 0x01, 0x00,
            0x01, 0x00, 0x01, 0x00, 0x00, 0x02, 0x00, 0x21, 0x00, 0x01, 0x00, 0xC2, 0x01, 0x00, 0x21, 0x00,
            0x01, 0x00, 0x87, 0x00, 0x21, 0x00, 0x00, 0x01, 0x00, 0x60, 0x00, 0x61, 0x00, 0xD7, 0x01, 0x00,
            0x21, 0x00, 0x01, 0x00, 0x01, 0x00, 0xD1, 0x01, 0x00, 0x21, 0x00, 0xD1, 0x01, 0x86, 0x00, 0x86,
            0x00, 0x00, 0x21, 0x00, 0x01, 0x00, 0x01, 0x00, 0x01, 0x00, 0x00, 0x43, 0x00, 0x23, 0x00, 0x21,
            0x00, 0x01, 0x00, 0x00, 0x01, 0x00, 0x01, 0x00, 0x23, 0x00, 0x03, 0x00, 0x00, 0x01, 0x00, 0x01,
            0x00, 0x01, 0x00, 0x01, 0x00, 0x00, 0x87, 0x00, 0x86, 0x00, 0xD6, 0x01, 0x21, 0x00, 0x00, 0xD6,
            0x01, 0x21, 0x00, 0x01, 0x00, 0x01, 0x00, 0x00, 0xD0, 0x01, 0x21, 0x00, 0xD1, 0x01, 0x21, 0x00,
            0x00, 0x01, 0x00, 0x01, 0x00, 0x01, 0x00, 0x01, 0x00, 0x00, 0x01, 0x00, 0x87, 0x00, 0x22, 0x00,
            0x21, 0x00, 0x00, 0x01, 0x00, 0x01, 0x00, 0x01, 0x00, 0x01, 0x00, 0x00, 0x01, 0x00, 0x22, 0x00,
            0x86, 0x00, 0x21, 0x00, 0x00, 0x01, 0x00, 0x01, 0x00, 0x01, 0x00, 0x01, 0x00, 0x00, 0x01, 0x00,
            0xD6, 0x01, 0x21, 0x00, 0xD5, 0x01, 0x00, 0x21, 0x00, 0x01, 0x00, 0xCF, 0x01, 0x21, 0x00, 0x00,
            0xD0, 0x01, 0x21, 0x00, 0xD1, 0x01, 0xC2, 0x01, 0x00, 0x21, 0x00, 0x01, 0x00, 0x01, 0x00, 0x43,
            0x00, 0x00, 0x22, 0x00, 0x21, 0x00, 0x01, 0x00, 0x01, 0x00, 0x00, 0x01, 0x00, 0x01, 0x00, 0x01,
            0x00, 0x22, 0x00, 0x00, 0x03, 0x00, 0x01, 0x00, 0x01, 0x00, 0x01, 0x00, 0x00, 0xC2, 0x01, 0xD6,
            0x01, 0x21, 0x00, 0xD5, 0x01, 0x00, 0x21, 0x00, 0xD4, 0x01, 0x21, 0x00, 0x01, 0x00, 0x00, 0x01,
            0x00, 0x87, 0x00, 0x21, 0x00, 0x01, 0x00, 0x00, 0x01, 0x00, 0x01, 0x00, 0x87, 0x00, 0x21, 0x00,
            0x00, 0x01, 0x00, 0x23, 0x00, 0x23, 0x00, 0x21, 0x00, 0x00, 0x01, 0x00, 0x01, 0x00, 0x01, 0x00,
            0x01, 0x00, 0x00, 0x01, 0x00, 0x23, 0x00, 0x23, 0x00, 0x21, 0x00, 0x00, 0x01, 0x00, 0x87, 0x00,
            0x21, 0x00, 0x01, 0x00, 0x00, 0x01, 0x00, 0x01, 0x00, 0x87, 0x00, 0x21, 0x00, 0x00, 0x01, 0x00,
        ],
        units: &[
            0xFE, 0x01, 0x00, 0x00, 0x00, 0x00, 0x00, 0x00, 0x00, 0x00, 0x00, 0x00,
            0x01, 0x00, 0x01, 0x00, 0x64, 0x63, 0x63, 0x00, 0x00, 0x04, 0x00, 0x00,
            0x00, 0x01, 0x01, 0x00, 0x64, 0x63, 0x63, 0x00, 0x00, 0x04, 0x00, 0x00,
            0x02, 0x01, 0x02, 0x00, 0x64, 0x63, 0x63, 0x00, 0x00, 0x04, 0x00, 0x00,
            0x00, 0x00, 0x05, 0x00, 0x64, 0x63, 0x63, 0x00, 0x00, 0x04, 0x00, 0x00,
            0x02, 0x00, 0x06, 0x00, 0x64, 0x63, 0x63, 0x00, 0x00, 0x04, 0x00, 0x00,
            0x00, 0x02, 0x0A, 0x00, 0x64, 0x63, 0x63, 0x00, 0x00, 0x04, 0x00, 0x00,
            0xFE, 0x02, 0x00, 0x00, 0x00, 0x00, 0x00, 0x00, 0x00, 0x00, 0x00, 0x00,
            0x1C, 0x00, 0x01, 0x00, 0x64, 0x63, 0x63, 0x00, 0x00, 0x04, 0x00, 0x00,
            0x1B, 0x01, 0x01, 0x00, 0x64, 0x63, 0x63, 0x00, 0x00, 0x04, 0x00, 0x00,
            0x1D, 0x01, 0x02, 0x00, 0x64, 0x63, 0x63, 0x00, 0x00, 0x04, 0x00, 0x00,
            0x1B, 0x00, 0x05, 0x00, 0x64, 0x63, 0x63, 0x00, 0x00, 0x04, 0x00, 0x00,
            0x1D, 0x00, 0x06, 0x00, 0x64, 0x63, 0x63, 0x00, 0x00, 0x04, 0x00, 0x00,
            0x1B, 0x02, 0x0A, 0x00, 0x64, 0x63, 0x63, 0x00, 0x00, 0x04, 0x00, 0x00,
            0xFE, 0x03, 0x00, 0x00, 0x00, 0x00, 0x00, 0x00, 0x00, 0x00, 0x00, 0x00,
            0x00, 0x1C, 0x01, 0x00, 0x64, 0x63, 0x63, 0x00, 0x00, 0x04, 0x00, 0x00,
            0x02, 0x1C, 0x01, 0x00, 0x64, 0x63, 0x63, 0x00, 0x00, 0x04, 0x00, 0x00,
            0x01, 0x1D, 0x02, 0x00, 0x64, 0x63, 0x63, 0x00, 0x00, 0x04, 0x00, 0x00,
            0x01, 0x1A, 0x05, 0x00, 0x64, 0x63, 0x63, 0x00, 0x00, 0x04, 0x00, 0x00,
            0x00, 0x1B, 0x06, 0x00, 0x64, 0x63, 0x63, 0x00, 0x00, 0x04, 0x00, 0x00,
            0x02, 0x1B, 0x0A, 0x00, 0x64, 0x63, 0x63, 0x00, 0x00, 0x04, 0x00, 0x00,
            0xFE, 0x04, 0x00, 0x00, 0x00, 0x00, 0x00, 0x00, 0x00, 0x00, 0x00, 0x00,
            0x1B, 0x1C, 0x01, 0x00, 0x64, 0x63, 0x63, 0x00, 0x00, 0x04, 0x00, 0x00,
            0x1D, 0x1C, 0x01, 0x00, 0x64, 0x63, 0x63, 0x00, 0x00, 0x04, 0x00, 0x00,
            0x1C, 0x1D, 0x02, 0x00, 0x64, 0x63, 0x63, 0x00, 0x00, 0x04, 0x00, 0x00,
            0x1C, 0x1A, 0x05, 0x00, 0x64, 0x63, 0x63, 0x00, 0x00, 0x04, 0x00, 0x00,
            0x1B, 0x1B, 0x06, 0x00, 0x64, 0x63, 0x63, 0x00, 0x00, 0x04, 0x00, 0x00,
            0x1D, 0x1B, 0x0A, 0x00, 0x64, 0x63, 0x63, 0x00, 0x00, 0x04, 0x00, 0x00,
            0xFE, 0x05, 0x00, 0x00, 0x00, 0x00, 0x00, 0x00, 0x00, 0x00, 0x00, 0x00,
            0x0F, 0x11, 0x01, 0x00, 0x64, 0x63, 0x63, 0x00, 0x00, 0x04, 0x00, 0x00,
            0x0E, 0x12, 0x01, 0x00, 0x64, 0x63, 0x63, 0x00, 0x00, 0x04, 0x00, 0x00,
            0x10, 0x12, 0x02, 0x00, 0x64, 0x63, 0x63, 0x00, 0x00, 0x04, 0x00, 0x00,
            0x0F, 0x13, 0x05, 0x00, 0x64, 0x63, 0x63, 0x00, 0x00, 0x04, 0x00, 0x00,
            0x0E, 0x11, 0x06, 0x00, 0x64, 0x63, 0x63, 0x00, 0x00, 0x04, 0x00, 0x00,
            0x10, 0x11, 0x0A, 0x00, 0x64, 0x63, 0x63, 0x00, 0x00, 0x04, 0x00, 0x00,
            0xFF, 0x00, 0x00, 0x00, 0x00, 0x00, 0x00, 0x00, 0x00, 0x00, 0x00, 0x00,
        ],
    },
    // Black Rampart: 25x36, properties {0: 18, 1: 7, 2: 7, 3: 7, 4: 7, 5: 8}
    Map {
        name: "Black Rampart",
        armies: 5,
        tab: 9,
        colours: &[1, 2, 3, 4, 5],
        obelisk: false,
        ds: false,
        wasteland: false,
        tiles: &[
            0x10, 0x0A, 0x07, 0x00, 0x00, 0x19, 0x24, 0x01, 0x00, 0x01, 0x00, 0x01, 0x00, 0x00, 0x43, 0x01,
            0x01, 0x00, 0x01, 0x00, 0x01, 0x00, 0x00, 0x01, 0x00, 0x01, 0x00, 0x01, 0x00, 0x01, 0x00, 0x00,
            0x01, 0x00, 0x01, 0x00, 0x01, 0x00, 0x01, 0x00, 0x00, 0x01, 0x00, 0x01, 0x00, 0x01, 0x00, 0x01,
            0x00, 0x00, 0x01, 0x00, 0x01, 0x00, 0x01, 0x00, 0x01, 0x00, 0x00, 0x01, 0x00, 0x01, 0x00, 0x43,
            0x00, 0x43, 0x00, 0x00, 0x01, 0x00, 0x43, 0x01, 0x01, 0x00, 0x01, 0x00, 0x00, 0x01, 0x00, 0x01,
            0x00, 0x01, 0x00, 0x01, 0x00, 0x00, 0x01, 0x00, 0xA4, 0x01, 0xA4, 0x01, 0xA4, 0x01, 0x00, 0x01,
            0x00, 0x01, 0x00, 0x01, 0x00, 0x01, 0x00, 0x00, 0x01, 0x00, 0x01, 0x00, 0x01, 0x00, 0x01, 0x00,
            0x00, 0x01, 0x00, 0x43, 0x00, 0x43, 0x00, 0x23, 0x00, 0x00, 0x23, 0x00, 0x21, 0x00, 0x43, 0x01,
            0x01, 0x00, 0x00, 0x01, 0x00, 0x01, 0x00, 0x01, 0x00, 0x01, 0x00, 0x00, 0x01, 0x00, 0x01, 0x00,
            0x8F, 0x01, 0x90, 0x01, 0x00, 0x91, 0x01, 0x01, 0x00, 0x01, 0x00, 0x01, 0x00, 0x00, 0x01, 0x00,
            0x01, 0x00, 0x01, 0x00, 0x01, 0x00, 0x00, 0x01, 0x00, 0x01, 0x00, 0x23, 0x00, 0x23, 0x00, 0x00,
            0x01, 0x00, 0x01, 0x00, 0x01, 0x00, 0x43, 0x01, 0x00, 0x01, 0x00, 0x01, 0x00, 0xB6, 0x01, 0x21,
            0x00, 0x00, 0x01, 0x00, 0x01, 0x00, 0x01, 0x00, 0xA4, 0x01, 0x00, 0xA4, 0x01, 0xA4, 0x01, 0x01,
            0x00, 0x01, 0x00, 0x00, 0x01, 0x00, 0x01, 0x00, 0xB6, 0x01, 0x21, 0x00, 0x00, 0x01, 0x00, 0x01,
            0x00, 0x01, 0x00, 0x01, 0x00, 0x00, 0x01, 0x00, 0x01, 0x00, 0x01, 0x00, 0xA4, 0x01, 0x00, 0x43,
            0x01, 0xA4, 0x01, 0x01, 0x00, 0x01, 0x00, 0x00, 0x01, 0x00, 0x01, 0x00, 0x01, 0x00, 0x01, 0x00,
            0x00, 0x01, 0x00, 0x01, 0x00, 0x01, 0x00, 0x01, 0x00, 0x00, 0x01, 0x00, 0x01, 0x00, 0x01, 0x00,
            0x01, 0x00, 0x00, 0x01, 0x00, 0x01, 0x00, 0x01, 0x00, 0x01, 0x00, 0x00, 0x01, 0x00, 0x01, 0x00,
            0x01, 0x00, 0x01, 0x00, 0x00, 0xA4, 0x01, 0xA4, 0x01, 0xA4, 0x01, 0x01, 0x00, 0x00, 0x01, 0x00,
            0x01, 0x00, 0x01, 0x00, 0xB5, 0x01, 0x00, 0x21, 0x00, 0x01, 0x00, 0x01, 0x00, 0x01, 0x00, 0x00,
            0x01, 0x00, 0xB5, 0x01, 0x21, 0x00, 0x01, 0x00, 0x00, 0x01, 0x00, 0x01, 0x00, 0xA4, 0x01, 0xA4,
            0x01, 0x00, 0xA4, 0x01, 0x01, 0x00, 0x01, 0x00, 0x01, 0x00, 0x00, 0x01, 0x00, 0x8C, 0x01, 0x8D,
            0x01, 0x8E, 0x01, 0x00, 0x01, 0x00, 0x01, 0x00, 0x01, 0x00, 0x01, 0x00, 0x00, 0x01, 0x00, 0x01,
            0x00, 0x01, 0x00, 0xB4, 0x01, 0x00, 0x21, 0x00, 0x01, 0x00, 0x01, 0x00, 0x01, 0x00, 0x00, 0x01,
            0x00, 0x01, 0x00, 0x01, 0x00, 0x86, 0x01, 0x00, 0x87, 0x01, 0x88, 0x01, 0x01, 0x00, 0x01, 0x00,
            0x00, 0x43, 0x00, 0x01, 0x00, 0xA4, 0x01, 0xA4, 0x01, 0x00, 0xA4, 0x01, 0x01, 0x00, 0x01, 0x00,
            0xB6, 0x01, 0x00, 0x21, 0x00, 0x01, 0x00, 0x01, 0x00, 0x01, 0x00, 0x00, 0x01, 0x00, 0x01, 0x00,
            0x01, 0x00, 0x01, 0x00, 0x00, 0x01, 0x00, 0xB6, 0x01, 0x21, 0x00, 0x01, 0x00, 0x00, 0xA4, 0x01,
            0xA4, 0x01, 0xA4, 0x01, 0x01, 0x00, 0x00, 0x43, 0x00, 0x23, 0x00, 0x21, 0x00, 0x01, 0x00, 0x00,
            0x01, 0x00, 0x01, 0x00, 0x01, 0x00, 0x01, 0x00, 0x00, 0x01, 0x00, 0x01, 0x00, 0x01, 0x00, 0x01,
            0x00, 0x00, 0x01, 0x00, 0xB7, 0x01, 0x21, 0x00, 0x01, 0x00, 0x00, 0x01, 0x00, 0x01, 0x00, 0x01,
            0x00, 0x01, 0x00, 0x00, 0x01, 0x00, 0x01, 0x00, 0x01, 0x00, 0x01, 0x00, 0x00, 0x01, 0x00, 0x23,
            0x00, 0x01, 0x00, 0x01, 0x00, 0x00, 0x01, 0x00, 0x01, 0x00, 0x01, 0x00, 0x82, 0x01, 0x00, 0x21,
            0x00, 0x01, 0x00, 0x40, 0x00, 0x01, 0x00, 0x00, 0x82, 0x01, 0x21, 0x00, 0x01, 0x00, 0x01, 0x00,
            0x00, 0x82, 0x01, 0x21, 0x00, 0x40, 0x00, 0x01, 0x00, 0x00, 0x01, 0x00, 0x82, 0x01, 0x21, 0x00,
            0x01, 0x00, 0x00, 0x01, 0x00, 0x01, 0x00, 0x01, 0x00, 0x42, 0x01, 0x00, 0x42, 0x01, 0x42, 0x01,
            0x42, 0x01, 0x62, 0x01, 0x00, 0x42, 0x01, 0x42, 0x01, 0x21, 0x01, 0x40, 0x00, 0x00, 0x20, 0x01,
            0x42, 0x01, 0x42, 0x01, 0x42, 0x01, 0x00, 0x42, 0x01, 0x42, 0x01, 0x21, 0x01, 0x40, 0x00, 0x00,
            0x20, 0x01, 0x42, 0x01, 0x42, 0x01, 0x62, 0x01, 0x00, 0x42, 0x01, 0x42, 0x01, 0x42, 0x01, 0x42,
            0x01, 0x00, 0x01, 0x00, 0x01, 0x00, 0x01, 0x00, 0x01, 0x00, 0x00, 0x01, 0x00, 0x01, 0x00, 0x01,
            0x00, 0x01, 0x00, 0x00, 0x40, 0x00, 0x01, 0x00, 0x01, 0x00, 0x01, 0x00, 0x00, 0x40, 0x00, 0x01,
            0x00, 0x01, 0x00, 0x01, 0x00, 0x00, 0x40, 0x00, 0x01, 0x00, 0x01, 0x00, 0x01, 0x00, 0x00, 0x01,
            0x00, 0x01, 0x00, 0x01, 0x00, 0x01, 0x00, 0x00, 0x01, 0x00, 0x01, 0x00, 0x87, 0x00, 0x86, 0x00,
            0x00, 0x21, 0x00, 0x01, 0x00, 0xC2, 0x01, 0x21, 0x00, 0x00, 0x01, 0x00, 0x40, 0x00, 0x01, 0x00,
            0x01, 0x00, 0x00, 0x01, 0x00, 0x40, 0x00, 0x01, 0x00, 0x01, 0x00, 0x00, 0x01, 0x00, 0x40, 0x00,
            0x01, 0x00, 0x01, 0x00, 0x00, 0xC2, 0x01, 0x21, 0x00, 0x01, 0x00, 0x87, 0x00, 0x00, 0x86, 0x00,
            0x21, 0x00, 0x01, 0x00, 0x01, 0x00, 0x00, 0x01, 0x00, 0x43, 0x00, 0x01, 0x00, 0x01, 0x00, 0x00,
            0x01, 0x00, 0x01, 0x00, 0x40, 0x00, 0x01, 0x00, 0x00, 0x01, 0x00, 0x01, 0x00, 0x40, 0x00, 0x01,
            0x00, 0x00, 0x01, 0x00, 0x01, 0x00, 0x40, 0x00, 0x01, 0x00, 0x00, 0x01, 0x00, 0x01, 0x00, 0x01,
            0x00, 0x43, 0x00, 0x00, 0x01, 0x00, 0x01, 0x00, 0x01, 0x00, 0x01, 0x00, 0x00, 0x01, 0x00, 0x01,
            0x00, 0x23, 0x00, 0x21, 0x00, 0x00, 0x01, 0x00, 0x01, 0x00, 0x01, 0x00, 0x60, 0x00, 0x00, 0x61,
            0x00, 0x61, 0x00, 0x61, 0x00, 0x00, 0x01, 0x00, 0x61, 0x00, 0x61, 0x00, 0x61, 0x00, 0x62, 0x00,
            0x00, 0x01, 0x00, 0x01, 0x00, 0x01, 0x00, 0x01, 0x00, 0x00, 0x23, 0x00, 0x21, 0x00, 0x01, 0x00,
            0x01, 0x00, 0x00, 0x01, 0x00, 0x01, 0x00, 0x01, 0x00, 0x01, 0x00, 0x00, 0x01, 0x00, 0x01, 0x00,
            0x01, 0x00, 0x01, 0x00, 0x00, 0x01, 0x00, 0x01, 0x00, 0x01, 0x00, 0x01, 0x00, 0x00, 0x40, 0x00,
            0x01, 0x00, 0x01, 0x00, 0x01, 0x00, 0x00, 0x01, 0x00, 0x01, 0x00, 0x01, 0x00, 0x01, 0x00, 0x00,
            0x01, 0x00, 0x01, 0x00, 0x01, 0x00, 0x01, 0x00, 0x00, 0x01, 0x00, 0x43, 0x00, 0x01, 0x00, 0xD1,
            0x01, 0x00, 0x21, 0x00, 0x01, 0x00, 0x01, 0x00, 0x87, 0x00, 0x00, 0x21, 0x00, 0x01, 0x00, 0x01,
            0x00, 0x01, 0x00, 0x00, 0x01, 0x00, 0x40, 0x00, 0x01, 0x00, 0x01, 0x00, 0x00, 0x01, 0x00, 0x01,
            0x00, 0x01, 0x00, 0x87, 0x00, 0x00, 0x21, 0x00, 0x01, 0x00, 0x01, 0x00, 0xD6, 0x01, 0x00, 0x21,
            0x00, 0x43, 0x00, 0x23, 0x00, 0x21, 0x00, 0x00, 0x01, 0x00, 0x01, 0x00, 0x01, 0x00, 0x01, 0x00,
            0x00, 0x01, 0x00, 0x01, 0x00, 0x01, 0x00, 0x01, 0x00, 0x00, 0xC2, 0x01, 0x21, 0x00, 0x40, 0x00,
            0x01, 0x00, 0x00, 0xC2, 0x01, 0x21, 0x00, 0x01, 0x00, 0x01, 0x00, 0x00, 0x01, 0x00, 0x01, 0x00,
            0x01, 0x00, 0x01, 0x00, 0x00, 0x01, 0x00, 0x01, 0x00, 0x23, 0x00, 0x01, 0x00, 0x00, 0x01, 0x00,
            0x01, 0x00, 0xD0, 0x01, 0x21, 0x00, 0x00, 0x01, 0x00, 0x01, 0x00, 0xC3, 0x01, 0x21, 0x00, 0x00,
            0x01, 0x00, 0x01, 0x00, 0x01, 0x00, 0x40, 0x00, 0x00, 0x01, 0x00, 0x01, 0x00, 0x01, 0x00, 0x01,
            0x00, 0x00, 0xC3, 0x01, 0x21, 0x00, 0x01, 0x00, 0x01, 0x00, 0x00, 0xD5, 0x01, 0x21, 0x00, 0x01,
            0x00, 0x01, 0x00, 0x00, 0x01, 0x00, 0x01, 0x00, 0xCF, 0x01, 0x21, 0x00, 0x00, 0x01, 0x00, 0xD1,
            0x01, 0x21, 0x00, 0x01, 0x00, 0x00, 0x01, 0x00, 0x01, 0x00, 0x01, 0x00, 0x01, 0x00, 0x00, 0x40,
            0x00, 0x01, 0x00, 0x01, 0x00, 0x01, 0x00, 0x00, 0x01, 0x00, 0x01, 0x00, 0x01, 0x00, 0xD6, 0x01,
            0x00, 0x21, 0x00, 0x01, 0x00, 0xD4, 0x01, 0x21, 0x00, 0x00, 0x01, 0x00, 0x01, 0x00, 0x01, 0x00,
            0x01, 0x00, 0x00, 0x01, 0x00, 0x01, 0x00, 0x01, 0x00, 0x01, 0x00, 0x00, 0x01, 0x00, 0x01, 0x00,
            0x87, 0x00, 0x21, 0x00, 0x00, 0x01, 0x00, 0x40, 0x00, 0x01, 0x00, 0x01, 0x00, 0x00, 0x87, 0x00,
            0x21, 0x00, 0x01, 0x00, 0x01, 0x00, 0x00, 0x01, 0x00, 0x01, 0x00, 0x01, 0x00, 0x01, 0x00, 0x00,
            0x01, 0x00, 0x01, 0x00, 0x01, 0x00, 0x01, 0x00, 0x00, 0xD0, 0x01, 0x21, 0x00, 0x01, 0x00, 0x01,
            0x00, 0x00, 0xD2, 0x01, 0x21, 0x00, 0x01, 0x00, 0x01, 0x00, 0x00, 0x01, 0x00, 0x01, 0x00, 0x40,
            0x00, 0x01, 0x00, 0x00, 0x01, 0x00, 0x01, 0x00, 0x01, 0x00, 0x01, 0x00, 0x00, 0xD7, 0x01, 0x21,
            0x00, 0x01, 0x00, 0x01, 0x00, 0x00, 0xD5, 0x01, 0x21, 0x00, 0x01, 0x00, 0x01, 0x00, 0x00, 0x01,
            0x00, 0x01, 0x00, 0x01, 0x00, 0xD1, 0x01, 0x00, 0x21, 0x00, 0x01, 0x00, 0x01, 0x00, 0xC2, 0x01,
            0x00, 0x21, 0x00, 0x01, 0x00, 0x01, 0x00, 0x40, 0x00, 0x00, 0x01, 0x00, 0x01, 0x00, 0x01, 0x00,
            0xC2, 0x01, 0x00, 0x21, 0x00, 0x01, 0x00, 0x01, 0x00, 0xD6, 0x01, 0x00, 0x21, 0x00, 0x01, 0x00,
            0x01, 0x00, 0x01, 0x00, 0x00, 0x01, 0x00, 0x01, 0x00, 0x01, 0x00, 0x01, 0x00, 0x00, 0x87, 0x00,
            0x21, 0x00, 0x01, 0x00, 0x43, 0x00, 0x00, 0x01, 0x00, 0x01, 0x00, 0x01, 0x00, 0x01, 0x00, 0x00,
            0x40, 0x00, 0x01, 0x00, 0x01, 0x00, 0x01, 0x00, 0x00, 0x01, 0x00, 0x43, 0x00, 0x01, 0x00, 0x01,
            0x00, 0x00, 0x87, 0x00, 0x21, 0x00, 0x01, 0x00, 0x01, 0x00, 0x00, 0x01, 0x00, 0x01, 0x00, 0xC2,
            0x01, 0x21, 0x00, 0x00, 0x01, 0x00, 0x01, 0x00, 0x01, 0x00, 0x01, 0x00, 0x00, 0x23, 0x00, 0x21,
            0x00, 0x01, 0x00, 0x01, 0x00, 0x00, 0x01, 0x00, 0x40, 0x00, 0x01, 0x00, 0x01, 0x00, 0x00, 0x01,
            0x00, 0x01, 0x00, 0x23, 0x00, 0x21, 0x00, 0x00, 0x01, 0x00, 0x01, 0x00, 0x01, 0x00, 0x01, 0x00,
            0x00, 0xC2, 0x01, 0x21, 0x00, 0x01, 0x00, 0x01, 0x00, 0x00, 0x01, 0x00, 0x01, 0x00, 0x01, 0x00,
            0x01, 0x00, 0x00, 0x01, 0x00, 0x01, 0x00, 0x01, 0x00, 0x01, 0x00, 0x00, 0xC2, 0x01, 0x21, 0x00,
            0x40, 0x00, 0x01, 0x00, 0x00, 0xC2, 0x01, 0x21, 0x00, 0x01, 0x00, 0x01, 0x00, 0x00, 0x01, 0x00,
            0x01, 0x00, 0x01, 0x00, 0x01, 0x00, 0x00, 0x01, 0x00, 0x01, 0x00, 0x01, 0x00, 0x87, 0x00, 0x00,
            0x21, 0x00, 0x01, 0x00, 0x01, 0x00, 0x01, 0x00, 0x00, 0x01, 0x00, 0x01, 0x00, 0x01, 0x00, 0x01,
            0x00, 0x00, 0x01, 0x00, 0x01, 0x00, 0x01, 0x00, 0x40, 0x00, 0x00, 0x01, 0x00, 0x01, 0x00, 0x01,
            0x00, 0x01, 0x00, 0x00, 0x01, 0x00, 0x01, 0x00, 0x01, 0x00, 0x01, 0x00, 0x00, 0x01, 0x00, 0x01,
            0x00, 0x01, 0x00, 0x87, 0x00, 0x00, 0x01, 0x00, 0x01, 0x00, 0x01, 0x00, 0x61, 0x00, 0x00, 0x61,
            0x00, 0x61, 0x00, 0x61, 0x00, 0x61, 0x00, 0x00, 0x61, 0x00, 0x61, 0x00, 0x61, 0x00, 0x61, 0x00,
            0x00, 0x00, 0x01, 0x61, 0x00, 0x61, 0x00, 0x61, 0x00, 0x00, 0x61, 0x00, 0x61, 0x00, 0x61, 0x00,
            0x61, 0x00, 0x00, 0x61, 0x00, 0x61, 0x00, 0x01, 0x00, 0x01, 0x00, 0x00, 0x01, 0x00, 0x01, 0x00,
            0x43, 0x00, 0x01, 0x00, 0x00, 0x01, 0x00, 0x01, 0x00, 0x01, 0x00, 0x01, 0x00, 0x00, 0x01, 0x00,
            0x01, 0x00, 0x01, 0x00, 0x01, 0x00, 0x00, 0x01, 0x00, 0x40, 0x00, 0x01, 0x00, 0x01, 0x00, 0x00,
            0x01, 0x00, 0x01, 0x00, 0x01, 0x00, 0x01, 0x00, 0x00, 0x01, 0x00, 0x01, 0x00, 0x01, 0x00, 0x01,
            0x00, 0x00, 0x43, 0x00, 0x01, 0x00, 0x01, 0x00, 0x23, 0x00, 0x00, 0x21, 0x00, 0xC7, 0x01, 0x21,
            0x00, 0x01, 0x00, 0x00, 0xC2, 0x01, 0x21, 0x00, 0x01, 0x00, 0x01, 0x00, 0x00, 0x01, 0x00, 0x01,
            0x00, 0x40, 0x00, 0x01, 0x00, 0x00, 0x01, 0x00, 0x01, 0x00, 0x01, 0x00, 0x01, 0x00, 0x00, 0xC2,
            0x01, 0x21, 0x00, 0x01, 0x00, 0xCC, 0x01, 0x00, 0x21, 0x00, 0x23, 0x00, 0x21, 0x00, 0x01, 0x00,
            0x00, 0x01, 0x00, 0x01, 0x00, 0x01, 0x00, 0x01, 0x00, 0x00, 0x01, 0x00, 0x01, 0x00, 0x01, 0x00,
            0x87, 0x00, 0x00, 0x21, 0x00, 0x01, 0x00, 0xC2, 0x01, 0x80, 0x00, 0x00, 0xC2, 0x01, 0x21, 0x00,
            0x01, 0x00, 0x87, 0x00, 0x00, 0x21, 0x00, 0x01, 0x00, 0x01, 0x00, 0x01, 0x00, 0x00, 0x01, 0x00,
            0x01, 0x00, 0x01, 0x00, 0x01, 0x00, 0x00, 0x01, 0x00, 0x01, 0x00, 0x01, 0x00, 0x01, 0x00, 0x00,
            0xC6, 0x01, 0x21, 0x00, 0x01, 0x00, 0x01, 0x00, 0x00, 0x01, 0x00, 0x01, 0x00, 0x01, 0x00, 0x01,
            0x00, 0x00, 0x40, 0x00, 0x01, 0x00, 0x01, 0x00, 0x01, 0x00, 0x00, 0x01, 0x00, 0x01, 0x00, 0x01,
            0x00, 0x01, 0x00, 0x00, 0xCB, 0x01, 0x21, 0x00, 0x01, 0x00, 0x01, 0x00, 0x00, 0x01, 0x00, 0x01,
            0x00, 0x01, 0x00, 0x01, 0x00, 0x00, 0xC5, 0x01, 0x21, 0x00, 0x01, 0x00, 0xC7, 0x01, 0x00, 0x21,
            0x00, 0x01, 0x00, 0x01, 0x00, 0x43, 0x00, 0x00, 0x01, 0x00, 0x40, 0x00, 0x01, 0x00, 0x43, 0x00,
            0x00, 0x01, 0x00, 0x01, 0x00, 0x01, 0x00, 0xCC, 0x01, 0x00, 0x21, 0x00, 0x01, 0x00, 0xCA, 0x01,
            0x21, 0x00, 0x00, 0x01, 0x00, 0x01, 0x00, 0x01, 0x00, 0x01, 0x00, 0x00, 0x01, 0x00, 0x01, 0x00,
            0x01, 0x00, 0x01, 0x00, 0x00, 0x01, 0x00, 0x01, 0x00, 0x01, 0x00, 0x01, 0x00, 0x00, 0x23, 0x00,
            0x21, 0x00, 0x40, 0x00, 0x01, 0x00, 0x00, 0x23, 0x00, 0x21, 0x00, 0x01, 0x00, 0x01, 0x00, 0x00,
            0x01, 0x00, 0x01, 0x00, 0x01, 0x00, 0x01, 0x00, 0x00, 0x01, 0x00, 0x01, 0x00, 0x01, 0x00, 0x01,
            0x00, 0x00, 0x01, 0x00, 0x01, 0x00, 0xC6, 0x01, 0x21, 0x00, 0x00, 0x87, 0x00, 0x21, 0x00, 0xC8,
            0x01, 0x21, 0x00, 0x00, 0xC2, 0x01, 0x21, 0x00, 0x01, 0x00, 0x40, 0x00, 0x00, 0x01, 0x00, 0x01,
            0x00, 0xC2, 0x01, 0x21, 0x00, 0x00, 0xCD, 0x01, 0x21, 0x00, 0x87, 0x00, 0x21, 0x00, 0x00, 0xCB,
            0x01, 0x21, 0x00, 0x01, 0x00, 0x01, 0x00, 0x00, 0x01, 0x00, 0x01, 0x00, 0x01, 0x00, 0x01, 0x00,
            0x00, 0x01, 0x00, 0xC7, 0x01, 0x21, 0x00, 0x01, 0x00, 0x00, 0x01, 0x00, 0x01, 0x00, 0x01, 0x00,
            0x01, 0x00, 0x00, 0x40, 0x00, 0x01, 0x00, 0x01, 0x00, 0x01, 0x00, 0x00, 0x01, 0x00, 0x01, 0x00,
            0x01, 0x00, 0xCC, 0x01, 0x00, 0x21, 0x00, 0x01, 0x00, 0x01, 0x00, 0x01, 0x00, 0x00, 0x01, 0x00,
        ],
        units: &[
            0xFE, 0x01, 0x00, 0x00, 0x00, 0x00, 0x00, 0x00, 0x00, 0x00, 0x00, 0x00,
            0x03, 0x1F, 0x01, 0x00, 0x64, 0x63, 0x63, 0x00, 0x00, 0x04, 0x00, 0x00,
            0x02, 0x20, 0x01, 0x00, 0x64, 0x63, 0x63, 0x00, 0x00, 0x04, 0x00, 0x00,
            0x04, 0x20, 0x02, 0x00, 0x64, 0x63, 0x63, 0x00, 0x00, 0x04, 0x00, 0x00,
            0x03, 0x21, 0x05, 0x00, 0x64, 0x63, 0x63, 0x00, 0x00, 0x04, 0x00, 0x00,
            0x03, 0x1E, 0x06, 0x00, 0x64, 0x63, 0x63, 0x00, 0x00, 0x04, 0x00, 0x00,
            0x02, 0x1F, 0x0A, 0x00, 0x64, 0x63, 0x63, 0x00, 0x00, 0x04, 0x00, 0x00,
            0xFE, 0x02, 0x00, 0x00, 0x00, 0x00, 0x00, 0x00, 0x00, 0x00, 0x00, 0x00,
            0x15, 0x1F, 0x01, 0x00, 0x64, 0x63, 0x63, 0x00, 0x00, 0x04, 0x00, 0x00,
            0x14, 0x20, 0x01, 0x00, 0x64, 0x63, 0x63, 0x00, 0x00, 0x04, 0x00, 0x00,
            0x16, 0x20, 0x02, 0x00, 0x64, 0x63, 0x63, 0x00, 0x00, 0x04, 0x00, 0x00,
            0x15, 0x21, 0x05, 0x00, 0x64, 0x63, 0x63, 0x00, 0x00, 0x04, 0x00, 0x00,
            0x15, 0x1E, 0x06, 0x00, 0x64, 0x63, 0x63, 0x00, 0x00, 0x04, 0x00, 0x00,
            0x16, 0x1F, 0x0A, 0x00, 0x64, 0x63, 0x63, 0x00, 0x00, 0x04, 0x00, 0x00,
            0xFE, 0x03, 0x00, 0x00, 0x00, 0x00, 0x00, 0x00, 0x00, 0x00, 0x00, 0x00,
            0x02, 0x12, 0x01, 0x00, 0x64, 0x63, 0x63, 0x00, 0x00, 0x04, 0x00, 0x00,
            0x01, 0x13, 0x01, 0x00, 0x64, 0x63, 0x63, 0x00, 0x00, 0x04, 0x00, 0x00,
            0x03, 0x13, 0x02, 0x00, 0x64, 0x63, 0x63, 0x00, 0x00, 0x04, 0x00, 0x00,
            0x02, 0x14, 0x05, 0x00, 0x64, 0x63, 0x63, 0x00, 0x00, 0x04, 0x00, 0x00,
            0x02, 0x11, 0x06, 0x00, 0x64, 0x63, 0x63, 0x00, 0x00, 0x04, 0x00, 0x00,
            0x01, 0x12, 0x0A, 0x00, 0x64, 0x63, 0x63, 0x00, 0x00, 0x04, 0x00, 0x00,
            0xFE, 0x04, 0x00, 0x00, 0x00, 0x00, 0x00, 0x00, 0x00, 0x00, 0x00, 0x00,
            0x16, 0x12, 0x01, 0x00, 0x64, 0x63, 0x63, 0x00, 0x00, 0x04, 0x00, 0x00,
            0x15, 0x13, 0x01, 0x00, 0x64, 0x63, 0x63, 0x00, 0x00, 0x04, 0x00, 0x00,
            0x17, 0x13, 0x02, 0x00, 0x64, 0x63, 0x63, 0x00, 0x00, 0x04, 0x00, 0x00,
            0x16, 0x14, 0x05, 0x00, 0x64, 0x63, 0x63, 0x00, 0x00, 0x04, 0x00, 0x00,
            0x16, 0x11, 0x06, 0x00, 0x64, 0x63, 0x63, 0x00, 0x00, 0x04, 0x00, 0x00,
            0x17, 0x12, 0x0A, 0x00, 0x64, 0x63, 0x63, 0x00, 0x00, 0x04, 0x00, 0x00,
            0xFE, 0x05, 0x00, 0x00, 0x00, 0x00, 0x00, 0x00, 0x00, 0x00, 0x00, 0x00,
            0x0C, 0x05, 0x01, 0x00, 0x64, 0x63, 0x63, 0x00, 0x00, 0x04, 0x00, 0x00,
            0x0B, 0x06, 0x01, 0x00, 0x64, 0x63, 0x63, 0x00, 0x00, 0x04, 0x00, 0x00,
            0x0D, 0x06, 0x02, 0x00, 0x64, 0x63, 0x63, 0x00, 0x00, 0x04, 0x00, 0x00,
            0x0C, 0x07, 0x05, 0x00, 0x64, 0x63, 0x63, 0x00, 0x00, 0x04, 0x00, 0x00,
            0x0C, 0x04, 0x06, 0x00, 0x64, 0x63, 0x63, 0x00, 0x00, 0x04, 0x00, 0x00,
            0x0B, 0x05, 0x0A, 0x00, 0x64, 0x63, 0x63, 0x00, 0x00, 0x04, 0x00, 0x00,
            0xFF, 0x00, 0x00, 0x00, 0x00, 0x00, 0x00, 0x00, 0x00, 0x00, 0x00, 0x00,
        ],
    },
    // Rust Basin: 25x17, properties {0: 12, 1: 8, 2: 8, 3: 0, 4: 0, 5: 0}
    Map {
        name: "Rust Basin",
        armies: 2,
        tab: 3,
        colours: &[1, 2],
        obelisk: true,
        ds: true,
        wasteland: true,
        tiles: &[
            0x10, 0x54, 0x03, 0x00, 0x00, 0x19, 0x11, 0x2A, 0x00, 0x2A, 0x00, 0x2A, 0x00, 0x00, 0x2A, 0x00,
            0x2A, 0x00, 0x2A, 0x00, 0x09, 0x00, 0x00, 0x0A, 0x00, 0x0A, 0x00, 0x0A, 0x00, 0x0A, 0x00, 0x00,
            0x0A, 0x00, 0x69, 0x00, 0x0A, 0x00, 0x0A, 0x00, 0x00, 0x0A, 0x00, 0x0A, 0x00, 0x0A, 0x00, 0x0A,
            0x00, 0x00, 0x0A, 0x00, 0x0A, 0x00, 0x0A, 0x00, 0x0B, 0x00, 0x00, 0x2A, 0x00, 0x2A, 0x00, 0x2A,
            0x00, 0x2A, 0x00, 0x00, 0x2A, 0x00, 0x2A, 0x00, 0x2A, 0x00, 0x2A, 0x00, 0x00, 0x28, 0x00, 0x01,
            0x00, 0x87, 0x00, 0x21, 0x00, 0x00, 0x20, 0x00, 0x20, 0x00, 0x18, 0x00, 0x01, 0x00, 0x00, 0x20,
            0x01, 0x42, 0x01, 0x42, 0x01, 0x42, 0x01, 0x00, 0x41, 0x01, 0x01, 0x00, 0x20, 0x00, 0x20, 0x00,
            0x00, 0xF2, 0x00, 0x6E, 0x00, 0x0B, 0x00, 0x2A, 0x00, 0x00, 0x2A, 0x00, 0x2A, 0x00, 0x68, 0x01,
            0x2A, 0x00, 0x00, 0x2A, 0x00, 0x28, 0x00, 0xC9, 0x01, 0x21, 0x00, 0x00, 0x87, 0x00, 0x21, 0x00,
            0xC2, 0x01, 0x18, 0x00, 0x00, 0x92, 0x01, 0xC2, 0x01, 0x21, 0x00, 0x87, 0x00, 0x00, 0x21, 0x00,
            0x43, 0x01, 0x86, 0x00, 0x21, 0x00, 0x00, 0x01, 0x00, 0x01, 0x00, 0x01, 0x00, 0x2C, 0x00, 0x00,
            0x2A, 0x00, 0x2A, 0x00, 0x2A, 0x00, 0x2A, 0x00, 0x00, 0x2A, 0x00, 0x2A, 0x00, 0x28, 0x00, 0x01,
            0x00, 0x00, 0xC6, 0x01, 0x21, 0x00, 0x01, 0x00, 0x01, 0x00, 0x00, 0x18, 0x00, 0x01, 0x00, 0x20,
            0x00, 0x21, 0x00, 0x00, 0xCD, 0x01, 0x21, 0x00, 0x63, 0x01, 0x01, 0x00, 0x00, 0xCC, 0x01, 0x21,
            0x00, 0x01, 0x00, 0xC2, 0x01, 0x00, 0x2C, 0x00, 0x09, 0x00, 0x6D, 0x00, 0x10, 0x00, 0x00, 0x10,
            0x00, 0x10, 0x00, 0x10, 0x00, 0xF3, 0x00, 0x00, 0x41, 0x00, 0x61, 0x00, 0x61, 0x00, 0x61, 0x00,
            0x00, 0x61, 0x00, 0x14, 0x00, 0x61, 0x00, 0x61, 0x00, 0x00, 0x61, 0x00, 0x61, 0x00, 0x42, 0x00,
            0xCB, 0x01, 0x00, 0x21, 0x00, 0x01, 0x00, 0x01, 0x00, 0x01, 0x00, 0x00, 0x01, 0x00, 0x2C, 0x00,
            0x28, 0x00, 0x02, 0x00, 0x00, 0x21, 0x00, 0x01, 0x00, 0x87, 0x00, 0x21, 0x00, 0x00, 0x01, 0x00,
            0x40, 0x00, 0x01, 0x00, 0x01, 0x00, 0x00, 0x01, 0x00, 0x01, 0x00, 0x18, 0x00, 0x01, 0x00, 0x00,
            0x01, 0x00, 0x87, 0x00, 0x21, 0x00, 0x40, 0x00, 0x00, 0x01, 0x00, 0x01, 0x00, 0x01, 0x00, 0x87,
            0x00, 0x00, 0x21, 0x00, 0x01, 0x00, 0x2C, 0x00, 0x28, 0x00, 0x00, 0x23, 0x00, 0xC7, 0x01, 0x21,
            0x00, 0x20, 0x00, 0x00, 0x21, 0x00, 0x01, 0x00, 0x40, 0x00, 0x01, 0x00, 0x00, 0xC2, 0x01, 0x03,
            0x00, 0x87, 0x00, 0x18, 0x00, 0x00, 0xC2, 0x01, 0x21, 0x00, 0xD9, 0x01, 0x21, 0x00, 0x00, 0x40,
            0x00, 0x01, 0x00, 0xCC, 0x01, 0x21, 0x00, 0x00, 0x01, 0x00, 0x01, 0x00, 0x01, 0x00, 0x2C, 0x00,
            0x00, 0x28, 0x00, 0x01, 0x00, 0x01, 0x00, 0x01, 0x00, 0x00, 0x87, 0x00, 0x21, 0x00, 0x01, 0x00,
            0x40, 0x00, 0x00, 0x01, 0x00, 0x01, 0x00, 0x23, 0x00, 0x21, 0x00, 0x00, 0x18, 0x00, 0x01, 0x00,
            0x01, 0x00, 0x01, 0x00, 0x00, 0x01, 0x00, 0x40, 0x00, 0x01, 0x00, 0x01, 0x00, 0x00, 0x01, 0x00,
            0x01, 0x00, 0x87, 0x00, 0x21, 0x00, 0x00, 0x2C, 0x00, 0x28, 0x00, 0x01, 0x00, 0x01, 0x00, 0x00,
            0xC5, 0x01, 0xA1, 0x00, 0x61, 0x00, 0x61, 0x00, 0x00, 0x00, 0x01, 0x61, 0x00, 0x61, 0x00, 0x61,
            0x00, 0x00, 0x61, 0x00, 0x14, 0x00, 0x61, 0x00, 0x61, 0x00, 0x00, 0x61, 0x00, 0x61, 0x00, 0x00,
            0x01, 0x61, 0x00, 0x00, 0x61, 0x00, 0x61, 0x00, 0xCA, 0x01, 0x21, 0x00, 0x00, 0x01, 0x00, 0x2C,
            0x00, 0x28, 0x00, 0x01, 0x00, 0x00, 0x87, 0x00, 0x21, 0x00, 0x01, 0x00, 0x01, 0x00, 0x00, 0x01,
            0x00, 0x40, 0x00, 0x01, 0x00, 0x01, 0x00, 0x00, 0x01, 0x00, 0x01, 0x00, 0x18, 0x00, 0x01, 0x00,
            0x00, 0x20, 0x00, 0x21, 0x00, 0x01, 0x00, 0x40, 0x00, 0x00, 0x01, 0x00, 0x01, 0x00, 0x87, 0x00,
            0x21, 0x00, 0x00, 0x01, 0x00, 0x43, 0x00, 0x2C, 0x00, 0x28, 0x00, 0x00, 0x01, 0x00, 0x01, 0x00,
            0x01, 0x00, 0x01, 0x00, 0x00, 0xC7, 0x01, 0x21, 0x00, 0x40, 0x00, 0x01, 0x00, 0x00, 0xD9, 0x01,
            0x21, 0x00, 0xC2, 0x01, 0x18, 0x00, 0x00, 0x87, 0x00, 0x21, 0x00, 0xC2, 0x01, 0x21, 0x00, 0x00,
            0x40, 0x00, 0x01, 0x00, 0x01, 0x00, 0x20, 0x00, 0x00, 0x21, 0x00, 0xCC, 0x01, 0x22, 0x00, 0x2C,
            0x00, 0x00, 0x28, 0x00, 0x01, 0x00, 0x01, 0x00, 0x87, 0x00, 0x00, 0x21, 0x00, 0x01, 0x00, 0x01,
            0x00, 0x40, 0x00, 0x00, 0x01, 0x00, 0x87, 0x00, 0x21, 0x00, 0x01, 0x00, 0x00, 0x18, 0x00, 0x01,
            0x00, 0x01, 0x00, 0x01, 0x00, 0x00, 0x01, 0x00, 0x40, 0x00, 0x01, 0x00, 0x01, 0x00, 0x00, 0x87,
            0x00, 0x21, 0x00, 0x01, 0x00, 0x23, 0x00, 0x00, 0x2C, 0x00, 0x28, 0x00, 0x01, 0x00, 0x01, 0x00,
            0x00, 0x01, 0x00, 0x01, 0x00, 0x01, 0x00, 0xC6, 0x01, 0x00, 0xA0, 0x00, 0x61, 0x00, 0x61, 0x00,
            0x61, 0x00, 0x00, 0x61, 0x00, 0x14, 0x00, 0x61, 0x00, 0x61, 0x00, 0x00, 0x61, 0x00, 0x61, 0x00,
            0x62, 0x00, 0x12, 0x01, 0x00, 0x50, 0x00, 0x50, 0x00, 0x50, 0x00, 0x50, 0x00, 0x00, 0xCE, 0x00,
            0x4C, 0x00, 0x28, 0x00, 0xC2, 0x01, 0x00, 0x21, 0x00, 0x01, 0x00, 0xC7, 0x01, 0x21, 0x00, 0x00,
            0x63, 0x01, 0x01, 0x00, 0xC8, 0x01, 0x21, 0x00, 0x00, 0x20, 0x00, 0x21, 0x00, 0x18, 0x00, 0x01,
            0x00, 0x00, 0x01, 0x00, 0x01, 0x00, 0xCB, 0x01, 0x21, 0x00, 0x00, 0x2C, 0x00, 0x2A, 0x00, 0x2A,
            0x00, 0x2A, 0x00, 0x00, 0x2A, 0x00, 0x2A, 0x00, 0x2A, 0x00, 0x28, 0x00, 0x00, 0x01, 0x00, 0x01,
            0x00, 0x43, 0x00, 0x43, 0x00, 0x00, 0x87, 0x00, 0x43, 0x01, 0x01, 0x00, 0x87, 0x00, 0x00, 0x21,
            0x00, 0xC2, 0x01, 0x92, 0x01, 0x18, 0x00, 0x00, 0xC2, 0x01, 0x03, 0x00, 0x87, 0x00, 0x21, 0x00,
            0x00, 0xCE, 0x01, 0x2C, 0x00, 0x2A, 0x00, 0x2A, 0x00, 0x00, 0x68, 0x01, 0x2A, 0x00, 0x2A, 0x00,
            0x2A, 0x00, 0x00, 0x48, 0x00, 0xCD, 0x00, 0x13, 0x01, 0x23, 0x00, 0x00, 0x23, 0x00, 0x21, 0x00,
            0x60, 0x01, 0x42, 0x01, 0x00, 0x42, 0x01, 0x42, 0x01, 0x21, 0x01, 0x01, 0x00, 0x00, 0x18, 0x00,
            0x20, 0x00, 0x23, 0x00, 0x21, 0x00, 0x00, 0x87, 0x00, 0x21, 0x00, 0x2C, 0x00, 0x2A, 0x00, 0x00,
            0x2A, 0x00, 0x2A, 0x00, 0x2A, 0x00, 0x2A, 0x00, 0x00, 0x2A, 0x00, 0x2A, 0x00, 0x2A, 0x00, 0x48,
            0x00, 0x00, 0x4A, 0x00, 0x4A, 0x00, 0x4A, 0x00, 0x4A, 0x00, 0x00, 0x4A, 0x00, 0x4A, 0x00, 0x4A,
            0x00, 0x4A, 0x00, 0x00, 0x4A, 0x00, 0x88, 0x00, 0x4A, 0x00, 0x4A, 0x00, 0x00, 0x4A, 0x00, 0x4A,
            0x00, 0x4A, 0x00, 0x4C, 0x00, 0x00, 0x2A, 0x00, 0x2A, 0x00, 0x2A, 0x00, 0x2A, 0x00, 0x00, 0x2A,
            0x00, 0x2A, 0x00, 0x00,
        ],
        units: &[
            0xFE, 0x01, 0x00, 0x00, 0x00, 0x00, 0x00, 0x00, 0x00, 0x00, 0x00, 0x00,
            0x03, 0x07, 0x01, 0x00, 0x64, 0x63, 0x63, 0x00, 0x00, 0x04, 0x00, 0x00,
            0x02, 0x08, 0x01, 0x00, 0x64, 0x63, 0x63, 0x00, 0x00, 0x04, 0x00, 0x00,
            0x03, 0x09, 0x02, 0x00, 0x64, 0x63, 0x63, 0x00, 0x00, 0x04, 0x00, 0x00,
            0x03, 0x06, 0x05, 0x00, 0x64, 0x63, 0x63, 0x00, 0x00, 0x04, 0x00, 0x00,
            0x02, 0x07, 0x06, 0x00, 0x64, 0x63, 0x63, 0x00, 0x00, 0x04, 0x00, 0x00,
            0x04, 0x07, 0x0A, 0x00, 0x64, 0x63, 0x63, 0x00, 0x00, 0x04, 0x00, 0x00,
            0x06, 0x0E, 0x09, 0x00, 0x64, 0x63, 0x63, 0x00, 0x00, 0x04, 0x00, 0x00,
            0xFE, 0x02, 0x00, 0x00, 0x00, 0x00, 0x00, 0x00, 0x00, 0x00, 0x00, 0x00,
            0x15, 0x07, 0x01, 0x00, 0x64, 0x63, 0x63, 0x00, 0x00, 0x04, 0x00, 0x00,
            0x16, 0x08, 0x01, 0x00, 0x64, 0x63, 0x63, 0x00, 0x00, 0x04, 0x00, 0x00,
            0x15, 0x09, 0x02, 0x00, 0x64, 0x63, 0x63, 0x00, 0x00, 0x04, 0x00, 0x00,
            0x15, 0x06, 0x05, 0x00, 0x64, 0x63, 0x63, 0x00, 0x00, 0x04, 0x00, 0x00,
            0x14, 0x07, 0x06, 0x00, 0x64, 0x63, 0x63, 0x00, 0x00, 0x04, 0x00, 0x00,
            0x16, 0x07, 0x0A, 0x00, 0x64, 0x63, 0x63, 0x00, 0x00, 0x04, 0x00, 0x00,
            0x12, 0x02, 0x09, 0x00, 0x64, 0x63, 0x63, 0x00, 0x00, 0x04, 0x00, 0x00,
            0xFF, 0x00, 0x00, 0x00, 0x00, 0x00, 0x00, 0x00, 0x00, 0x00, 0x00, 0x00,
        ],
    },
    // Dune Fork: 29x22, properties {0: 11, 1: 9, 2: 9, 3: 9, 4: 0, 5: 0}
    Map {
        name: "Dune Fork",
        armies: 3,
        tab: 5,
        colours: &[1, 2, 3],
        obelisk: true,
        ds: true,
        wasteland: true,
        tiles: &[
            0x10, 0xFE, 0x04, 0x00, 0x00, 0x1D, 0x16, 0x2A, 0x00, 0x2A, 0x00, 0x2A, 0x00, 0x00, 0x2A, 0x00,
            0x2A, 0x00, 0x09, 0x00, 0x0A, 0x00, 0x00, 0x0A, 0x00, 0x0A, 0x00, 0x0A, 0x00, 0x0A, 0x00, 0x00,
            0x0A, 0x00, 0x0A, 0x00, 0x0A, 0x00, 0x0A, 0x00, 0x00, 0x0A, 0x00, 0x0A, 0x00, 0x0A, 0x00, 0x0A,
            0x00, 0x00, 0x0A, 0x00, 0x0A, 0x00, 0x0A, 0x00, 0x0A, 0x00, 0x00, 0x0B, 0x00, 0x2A, 0x00, 0x2A,
            0x00, 0x2A, 0x00, 0x00, 0x2A, 0x00, 0x2A, 0x00, 0x2A, 0x00, 0x2A, 0x00, 0x00, 0x2A, 0x00, 0x68,
            0x01, 0x2A, 0x00, 0x28, 0x00, 0x00, 0x01, 0x00, 0x87, 0x00, 0x21, 0x00, 0x43, 0x00, 0x00, 0x20,
            0x00, 0x21, 0x00, 0x01, 0x00, 0x01, 0x00, 0x00, 0x92, 0x01, 0x21, 0x00, 0x01, 0x00, 0x01, 0x00,
            0x00, 0x20, 0x00, 0x03, 0x00, 0x01, 0x00, 0x87, 0x00, 0x00, 0x21, 0x00, 0x2C, 0x00, 0x2A, 0x00,
            0x68, 0x01, 0x00, 0x2A, 0x00, 0x2A, 0x00, 0x2A, 0x00, 0x2A, 0x00, 0x00, 0x2A, 0x00, 0x2A, 0x00,
            0x2A, 0x00, 0x2A, 0x00, 0x00, 0x28, 0x00, 0xC9, 0x01, 0x21, 0x00, 0x01, 0x00, 0x00, 0x23, 0x00,
            0x21, 0x00, 0xC2, 0x01, 0x21, 0x00, 0x00, 0x01, 0x00, 0x01, 0x00, 0x01, 0x00, 0x01, 0x00, 0x00,
            0xC2, 0x01, 0x21, 0x00, 0x23, 0x00, 0x21, 0x00, 0x00, 0x01, 0x00, 0xCE, 0x01, 0x2C, 0x00, 0x2A,
            0x00, 0x00, 0x2A, 0x00, 0x2A, 0x00, 0x2A, 0x00, 0x2A, 0x00, 0x00, 0x09, 0x00, 0x6D, 0x00, 0x10,
            0x00, 0x10, 0x00, 0x00, 0x10, 0x00, 0xF3, 0x00, 0x43, 0x00, 0x01, 0x00, 0x00, 0x87, 0x00, 0xC7,
            0x01, 0x21, 0x00, 0x01, 0x00, 0x00, 0x01, 0x00, 0x01, 0x00, 0xD9, 0x01, 0x21, 0x00, 0x00, 0x01,
            0x00, 0x01, 0x00, 0x01, 0x00, 0xCC, 0x01, 0x00, 0x86, 0x00, 0x21, 0x00, 0x43, 0x00, 0xF2, 0x00,
            0x00, 0x10, 0x00, 0x10, 0x00, 0x10, 0x00, 0x6E, 0x00, 0x00, 0x0B, 0x00, 0x28, 0x00, 0x01, 0x00,
            0x01, 0x00, 0x00, 0x01, 0x00, 0x01, 0x00, 0x01, 0x00, 0x23, 0x00, 0x00, 0x21, 0x00, 0xC6, 0x01,
            0x21, 0x00, 0x01, 0x00, 0x00, 0x01, 0x00, 0x01, 0x00, 0x87, 0x00, 0x21, 0x00, 0x00, 0x87, 0x00,
            0x21, 0x00, 0x01, 0x00, 0x01, 0x00, 0x00, 0x01, 0x00, 0xCB, 0x01, 0x21, 0x00, 0x23, 0x00, 0x00,
            0x21, 0x00, 0x01, 0x00, 0x01, 0x00, 0x01, 0x00, 0x00, 0x01, 0x00, 0x2C, 0x00, 0x28, 0x00, 0x01,
            0x00, 0x00, 0x01, 0x00, 0xC5, 0x01, 0xA1, 0x00, 0x61, 0x00, 0x00, 0x61, 0x00, 0xE0, 0x00, 0x61,
            0x00, 0x61, 0x00, 0x00, 0x61, 0x00, 0x61, 0x00, 0x61, 0x00, 0x61, 0x00, 0x00, 0x61, 0x00, 0x61,
            0x00, 0x61, 0x00, 0x61, 0x00, 0x00, 0x61, 0x00, 0x61, 0x00, 0x61, 0x00, 0xE0, 0x00, 0x00, 0x61,
            0x00, 0x61, 0x00, 0x61, 0x00, 0xCA, 0x01, 0x00, 0x21, 0x00, 0x01, 0x00, 0x2C, 0x00, 0x8A, 0x00,
            0x00, 0x54, 0x00, 0x87, 0x00, 0x21, 0x00, 0x01, 0x00, 0x00, 0x01, 0x00, 0x01, 0x00, 0x40, 0x00,
            0x01, 0x00, 0x00, 0x01, 0x00, 0x01, 0x00, 0x02, 0x01, 0x01, 0x00, 0x00, 0x01, 0x00, 0x18, 0x00,
            0x01, 0x00, 0x01, 0x00, 0x00, 0x02, 0x01, 0x01, 0x00, 0x01, 0x00, 0x01, 0x00, 0x00, 0x40, 0x00,
            0x01, 0x00, 0x01, 0x00, 0x01, 0x00, 0x00, 0x01, 0x00, 0x87, 0x00, 0x53, 0x00, 0x6B, 0x00, 0x00,
            0x28, 0x00, 0x01, 0x00, 0xC7, 0x01, 0x21, 0x00, 0x00, 0x01, 0x00, 0x01, 0x00, 0x01, 0x00, 0x40,
            0x00, 0x00, 0x01, 0x00, 0x01, 0x00, 0xC6, 0x01, 0x63, 0x01, 0x00, 0x01, 0x00, 0x01, 0x00, 0x18,
            0x00, 0x01, 0x00, 0x00, 0x01, 0x00, 0x63, 0x01, 0xCB, 0x01, 0x21, 0x00, 0x00, 0x01, 0x00, 0x40,
            0x00, 0x01, 0x00, 0x01, 0x00, 0x00, 0x01, 0x00, 0x01, 0x00, 0xCC, 0x01, 0x21, 0x00, 0x00, 0x2C,
            0x00, 0x28, 0x00, 0x43, 0x00, 0x01, 0x00, 0x00, 0x01, 0x00, 0xC8, 0x01, 0x21, 0x00, 0xC7, 0x01,
            0x00, 0x80, 0x00, 0x01, 0x00, 0x01, 0x00, 0x01, 0x00, 0x00, 0x43, 0x01, 0xC2, 0x01, 0x03, 0x00,
            0x18, 0x00, 0x00, 0x43, 0x00, 0xC2, 0x01, 0x43, 0x01, 0x01, 0x00, 0x00, 0x01, 0x00, 0x01, 0x00,
            0x40, 0x00, 0xCC, 0x01, 0x00, 0x21, 0x00, 0xCD, 0x01, 0x21, 0x00, 0x01, 0x00, 0x00, 0x43, 0x00,
            0x2C, 0x00, 0x28, 0x00, 0x23, 0x00, 0x00, 0x86, 0x00, 0x21, 0x00, 0x01, 0x00, 0x01, 0x00, 0x00,
            0x01, 0x00, 0x40, 0x00, 0x01, 0x00, 0x01, 0x00, 0x00, 0x01, 0x00, 0x43, 0x01, 0x01, 0x00, 0x23,
            0x00, 0x00, 0x18, 0x00, 0x23, 0x00, 0x21, 0x00, 0x43, 0x01, 0x00, 0x01, 0x00, 0x01, 0x00, 0x01,
            0x00, 0x40, 0x00, 0x00, 0x01, 0x00, 0x01, 0x00, 0x01, 0x00, 0x01, 0x00, 0x00, 0x87, 0x00, 0x23,
            0x00, 0x2C, 0x00, 0x28, 0x00, 0x00, 0x01, 0x00, 0x01, 0x00, 0x01, 0x00, 0xC7, 0x01, 0x00, 0x21,
            0x00, 0x01, 0x00, 0x40, 0x00, 0x01, 0x00, 0x00, 0x87, 0x00, 0x21, 0x00, 0x03, 0x01, 0x01, 0x00,
            0x00, 0x01, 0x00, 0x18, 0x00, 0x01, 0x00, 0x01, 0x00, 0x00, 0x03, 0x01, 0x01, 0x00, 0x87, 0x00,
            0x21, 0x00, 0x00, 0x40, 0x00, 0x01, 0x00, 0x01, 0x00, 0xCC, 0x01, 0x00, 0x21, 0x00, 0x01, 0x00,
            0x01, 0x00, 0x2C, 0x00, 0x00, 0x8A, 0x00, 0x19, 0x00, 0x19, 0x00, 0x19, 0x00, 0x00, 0x19, 0x00,
            0x19, 0x00, 0x19, 0x00, 0x36, 0x00, 0x00, 0x19, 0x00, 0x19, 0x00, 0x19, 0x00, 0x19, 0x00, 0x00,
            0x19, 0x00, 0x19, 0x00, 0x1A, 0x00, 0x19, 0x00, 0x00, 0x19, 0x00, 0x19, 0x00, 0x19, 0x00, 0x19,
            0x00, 0x00, 0x19, 0x00, 0x36, 0x00, 0x19, 0x00, 0x19, 0x00, 0x00, 0x19, 0x00, 0x19, 0x00, 0x19,
            0x00, 0x19, 0x00, 0x00, 0x6B, 0x00, 0x28, 0x00, 0x43, 0x00, 0x87, 0x00, 0x00, 0x21, 0x00, 0x01,
            0x00, 0x01, 0x00, 0x01, 0x00, 0x00, 0x40, 0x00, 0x01, 0x00, 0x01, 0x00, 0x01, 0x00, 0x00, 0x01,
            0x00, 0x20, 0x01, 0x42, 0x01, 0x62, 0x01, 0x00, 0x42, 0x01, 0x21, 0x01, 0x01, 0x00, 0x01, 0x00,
            0x00, 0x01, 0x00, 0x01, 0x00, 0x40, 0x00, 0x01, 0x00, 0x00, 0x01, 0x00, 0x01, 0x00, 0x01, 0x00,
            0x87, 0x00, 0x00, 0x03, 0x00, 0x2C, 0x00, 0x28, 0x00, 0x23, 0x00, 0x00, 0x21, 0x00, 0x01, 0x00,
            0x01, 0x00, 0xD9, 0x01, 0x00, 0x21, 0x00, 0x40, 0x00, 0x01, 0x00, 0x87, 0x00, 0x00, 0x21, 0x00,
            0x01, 0x00, 0x01, 0x00, 0x01, 0x00, 0x00, 0xD0, 0x01, 0x21, 0x00, 0x01, 0x00, 0x01, 0x00, 0x00,
            0x01, 0x00, 0x87, 0x00, 0x21, 0x00, 0x40, 0x00, 0x00, 0x01, 0x00, 0xD9, 0x01, 0x21, 0x00, 0x01,
            0x00, 0x00, 0x01, 0x00, 0x23, 0x00, 0x2C, 0x00, 0x28, 0x00, 0x00, 0x43, 0x00, 0xC2, 0x01, 0x21,
            0x00, 0x01, 0x00, 0x00, 0x01, 0x00, 0x01, 0x00, 0x60, 0x00, 0x61, 0x00, 0x00, 0x61, 0x00, 0x61,
            0x00, 0x61, 0x00, 0x61, 0x00, 0x00, 0x61, 0x00, 0x61, 0x00, 0x61, 0x00, 0x61, 0x00, 0x00, 0x61,
            0x00, 0x61, 0x00, 0x61, 0x00, 0x61, 0x00, 0x00, 0x62, 0x00, 0x01, 0x00, 0x01, 0x00, 0x01, 0x00,
            0x00, 0x01, 0x00, 0xC2, 0x01, 0x03, 0x00, 0x2C, 0x00, 0x00, 0x28, 0x00, 0x23, 0x00, 0x21, 0x00,
            0x01, 0x00, 0x00, 0x01, 0x00, 0x92, 0x01, 0x21, 0x00, 0x01, 0x00, 0x00, 0x01, 0x00, 0x43, 0x00,
            0x01, 0x00, 0xD1, 0x01, 0x00, 0x21, 0x00, 0x01, 0x00, 0xCF, 0x01, 0x21, 0x00, 0x00, 0x01, 0x00,
            0xD1, 0x01, 0x21, 0x00, 0x43, 0x00, 0x00, 0x01, 0x00, 0x01, 0x00, 0x01, 0x00, 0x92, 0x01, 0x00,
            0x21, 0x00, 0x01, 0x00, 0x01, 0x00, 0x23, 0x00, 0x00, 0x2C, 0x00, 0x28, 0x00, 0x01, 0x00, 0x01,
            0x00, 0x00, 0x87, 0x00, 0x21, 0x00, 0x01, 0x00, 0x01, 0x00, 0x00, 0x01, 0x00, 0x01, 0x00, 0x23,
            0x00, 0x21, 0x00, 0x00, 0x01, 0x00, 0xD1, 0x01, 0x21, 0x00, 0xD0, 0x01, 0x00, 0x21, 0x00, 0xD1,
            0x01, 0x21, 0x00, 0x01, 0x00, 0x00, 0x23, 0x00, 0x21, 0x00, 0x01, 0x00, 0x01, 0x00, 0x00, 0x01,
            0x00, 0x01, 0x00, 0x87, 0x00, 0x21, 0x00, 0x00, 0x01, 0x00, 0x2C, 0x00, 0x28, 0x00, 0x01, 0x00,
            0x00, 0x01, 0x00, 0x43, 0x00, 0x01, 0x00, 0x01, 0x00, 0x00, 0x87, 0x00, 0x21, 0x00, 0x01, 0x00,
            0xC2, 0x01, 0x00, 0x21, 0x00, 0x01, 0x00, 0x01, 0x00, 0x01, 0x00, 0x00, 0xD2, 0x01, 0x21, 0x00,
            0x01, 0x00, 0x01, 0x00, 0x00, 0x01, 0x00, 0xC2, 0x01, 0x21, 0x00, 0x01, 0x00, 0x00, 0x87, 0x00,
            0x21, 0x00, 0x01, 0x00, 0x43, 0x00, 0x00, 0x01, 0x00, 0x01, 0x00, 0x2C, 0x00, 0x28, 0x00, 0x00,
            0x01, 0x00, 0x01, 0x00, 0x23, 0x00, 0x21, 0x00, 0x00, 0x01, 0x00, 0x01, 0x00, 0x01, 0x00, 0x01,
            0x00, 0x00, 0x01, 0x00, 0x01, 0x00, 0x12, 0x01, 0x50, 0x00, 0x00, 0x13, 0x01, 0xD3, 0x01, 0x12,
            0x01, 0x50, 0x00, 0x00, 0x13, 0x01, 0x01, 0x00, 0x01, 0x00, 0x01, 0x00, 0x00, 0x01, 0x00, 0x01,
            0x00, 0x01, 0x00, 0x01, 0x00, 0x00, 0x23, 0x00, 0x21, 0x00, 0x01, 0x00, 0x2C, 0x00, 0x00, 0x28,
            0x00, 0x01, 0x00, 0x01, 0x00, 0x01, 0x00, 0x00, 0x01, 0x00, 0x01, 0x00, 0x01, 0x00, 0x01, 0x00,
            0x00, 0x01, 0x00, 0x01, 0x00, 0x4B, 0x00, 0x4C, 0x00, 0x00, 0x2A, 0x00, 0x48, 0x00, 0x4A, 0x00,
            0x4C, 0x00, 0x00, 0x2A, 0x00, 0x48, 0x00, 0x49, 0x00, 0x01, 0x00, 0x00, 0x01, 0x00, 0x01, 0x00,
            0x01, 0x00, 0x01, 0x00, 0x00, 0x01, 0x00, 0x01, 0x00, 0x01, 0x00, 0x01, 0x00, 0x00, 0x2C, 0x00,
            0x28, 0x00, 0x01, 0x00, 0x01, 0x00, 0x00, 0x01, 0x00, 0x87, 0x00, 0x21, 0x00, 0x01, 0x00, 0x00,
            0x01, 0x00, 0x01, 0x00, 0x01, 0x00, 0x2C, 0x00, 0x00, 0x68, 0x01, 0x2A, 0x00, 0x2A, 0x00, 0x2A,
            0x00, 0x00, 0x2A, 0x00, 0x2A, 0x00, 0x68, 0x01, 0x28, 0x00, 0x00, 0x01, 0x00, 0x01, 0x00, 0x01,
            0x00, 0x01, 0x00, 0x00, 0x01, 0x00, 0x87, 0x00, 0x21, 0x00, 0x01, 0x00, 0x00, 0x01, 0x00, 0x2C,
            0x00, 0x48, 0x00, 0x4A, 0x00, 0x00, 0x4A, 0x00, 0x4A, 0x00, 0x4A, 0x00, 0x4A, 0x00, 0x00, 0x4A,
            0x00, 0x4A, 0x00, 0x4A, 0x00, 0x4A, 0x00, 0x00, 0x4C, 0x00, 0x2A, 0x00, 0x2A, 0x00, 0x2A, 0x00,
            0x00, 0x2A, 0x00, 0x2A, 0x00, 0x2A, 0x00, 0x2A, 0x00, 0x00, 0x48, 0x00, 0x4A, 0x00, 0x4A, 0x00,
            0x4A, 0x00, 0x00, 0x4A, 0x00, 0x4A, 0x00, 0x4A, 0x00, 0x4A, 0x00, 0x00, 0x4A, 0x00, 0x4A, 0x00,
            0x4C, 0x00, 0x00, 0x00,
        ],
        units: &[
            0xFE, 0x01, 0x00, 0x00, 0x00, 0x00, 0x00, 0x00, 0x00, 0x00, 0x00, 0x00,
            0x03, 0x04, 0x01, 0x00, 0x64, 0x63, 0x63, 0x00, 0x00, 0x04, 0x00, 0x00,
            0x02, 0x05, 0x01, 0x00, 0x64, 0x63, 0x63, 0x00, 0x00, 0x04, 0x00, 0x00,
            0x03, 0x06, 0x02, 0x00, 0x64, 0x63, 0x63, 0x00, 0x00, 0x04, 0x00, 0x00,
            0x02, 0x04, 0x05, 0x00, 0x64, 0x63, 0x63, 0x00, 0x00, 0x04, 0x00, 0x00,
            0x04, 0x04, 0x06, 0x00, 0x64, 0x63, 0x63, 0x00, 0x00, 0x04, 0x00, 0x00,
            0x01, 0x05, 0x0A, 0x00, 0x64, 0x63, 0x63, 0x00, 0x00, 0x04, 0x00, 0x00,
            0x0B, 0x06, 0x09, 0x00, 0x64, 0x63, 0x63, 0x00, 0x00, 0x04, 0x00, 0x00,
            0xFE, 0x02, 0x00, 0x00, 0x00, 0x00, 0x00, 0x00, 0x00, 0x00, 0x00, 0x00,
            0x19, 0x04, 0x01, 0x00, 0x64, 0x63, 0x63, 0x00, 0x00, 0x04, 0x00, 0x00,
            0x1A, 0x05, 0x01, 0x00, 0x64, 0x63, 0x63, 0x00, 0x00, 0x04, 0x00, 0x00,
            0x19, 0x06, 0x02, 0x00, 0x64, 0x63, 0x63, 0x00, 0x00, 0x04, 0x00, 0x00,
            0x18, 0x04, 0x05, 0x00, 0x64, 0x63, 0x63, 0x00, 0x00, 0x04, 0x00, 0x00,
            0x1A, 0x04, 0x06, 0x00, 0x64, 0x63, 0x63, 0x00, 0x00, 0x04, 0x00, 0x00,
            0x1B, 0x05, 0x0A, 0x00, 0x64, 0x63, 0x63, 0x00, 0x00, 0x04, 0x00, 0x00,
            0x11, 0x06, 0x09, 0x00, 0x64, 0x63, 0x63, 0x00, 0x00, 0x04, 0x00, 0x00,
            0xFE, 0x03, 0x00, 0x00, 0x00, 0x00, 0x00, 0x00, 0x00, 0x00, 0x00, 0x00,
            0x0D, 0x0F, 0x01, 0x00, 0x64, 0x63, 0x63, 0x00, 0x00, 0x04, 0x00, 0x00,
            0x0F, 0x0F, 0x01, 0x00, 0x64, 0x63, 0x63, 0x00, 0x00, 0x04, 0x00, 0x00,
            0x0C, 0x0F, 0x02, 0x00, 0x64, 0x63, 0x63, 0x00, 0x00, 0x04, 0x00, 0x00,
            0x10, 0x0F, 0x05, 0x00, 0x64, 0x63, 0x63, 0x00, 0x00, 0x04, 0x00, 0x00,
            0x0D, 0x10, 0x06, 0x00, 0x64, 0x63, 0x63, 0x00, 0x00, 0x04, 0x00, 0x00,
            0x0F, 0x10, 0x0A, 0x00, 0x64, 0x63, 0x63, 0x00, 0x00, 0x04, 0x00, 0x00,
            0x0D, 0x0C, 0x09, 0x00, 0x64, 0x63, 0x63, 0x00, 0x00, 0x04, 0x00, 0x00,
            0xFF, 0x00, 0x00, 0x00, 0x00, 0x00, 0x00, 0x00, 0x00, 0x00, 0x00, 0x00,
        ],
    },
    // Cinder Flats: 29x29, properties {0: 12, 1: 10, 2: 10, 3: 10, 4: 10, 5: 0}
    Map {
        name: "Cinder Flats",
        armies: 4,
        tab: 6,
        colours: &[1, 2, 3, 4],
        obelisk: true,
        ds: true,
        wasteland: true,
        tiles: &[
            0x10, 0x94, 0x06, 0x00, 0x00, 0x1D, 0x1D, 0x09, 0x00, 0x0A, 0x00, 0x0A, 0x00, 0x00, 0x0A, 0x00,
            0x0A, 0x00, 0x0A, 0x00, 0x0A, 0x00, 0x00, 0x0A, 0x00, 0x0A, 0x00, 0x0A, 0x00, 0x0B, 0x00, 0x00,
            0x2A, 0x00, 0x2A, 0x00, 0x2A, 0x00, 0x2A, 0x00, 0x00, 0x2A, 0x00, 0x2A, 0x00, 0x2A, 0x00, 0x09,
            0x00, 0x00, 0x0A, 0x00, 0x0A, 0x00, 0x0A, 0x00, 0x0A, 0x00, 0x00, 0x0A, 0x00, 0x0A, 0x00, 0x0A,
            0x00, 0x0A, 0x00, 0x00, 0x0A, 0x00, 0x0B, 0x00, 0x28, 0x00, 0x01, 0x00, 0x00, 0x87, 0x00, 0x21,
            0x00, 0x01, 0x00, 0x20, 0x00, 0x00, 0x21, 0x00, 0xC2, 0x01, 0x21, 0x00, 0x01, 0x00, 0x00, 0x2C,
            0x00, 0x2A, 0x00, 0x2A, 0x00, 0x2A, 0x00, 0x00, 0x2A, 0x00, 0x2A, 0x00, 0x2A, 0x00, 0x2A, 0x00,
            0x00, 0x28, 0x00, 0x01, 0x00, 0x01, 0x00, 0xC2, 0x01, 0x00, 0x21, 0x00, 0x20, 0x00, 0x21, 0x00,
            0x01, 0x00, 0x00, 0x87, 0x00, 0x21, 0x00, 0x2C, 0x00, 0x28, 0x00, 0x00, 0x01, 0x00, 0xC7, 0x01,
            0x21, 0x00, 0x87, 0x00, 0x00, 0x21, 0x00, 0x01, 0x00, 0x01, 0x00, 0x01, 0x00, 0x00, 0xC9, 0x01,
            0x2C, 0x00, 0x2A, 0x00, 0x68, 0x01, 0x00, 0x2A, 0x00, 0x2A, 0x00, 0x2A, 0x00, 0x68, 0x01, 0x00,
            0x2A, 0x00, 0x28, 0x00, 0xCE, 0x01, 0x21, 0x00, 0x00, 0x01, 0x00, 0x01, 0x00, 0x01, 0x00, 0x87,
            0x00, 0x00, 0x21, 0x00, 0xCC, 0x01, 0x21, 0x00, 0x2C, 0x00, 0x00, 0x28, 0x00, 0x87, 0x00, 0x21,
            0x00, 0x01, 0x00, 0x00, 0x01, 0x00, 0xC6, 0x01, 0x21, 0x00, 0x01, 0x00, 0x00, 0x01, 0x00, 0x01,
            0x00, 0x2C, 0x00, 0x2A, 0x00, 0x00, 0x2A, 0x00, 0x2A, 0x00, 0x2A, 0x00, 0x2A, 0x00, 0x00, 0x2A,
            0x00, 0x2A, 0x00, 0x28, 0x00, 0x01, 0x00, 0x00, 0x01, 0x00, 0x01, 0x00, 0x01, 0x00, 0xCB, 0x01,
            0x00, 0x21, 0x00, 0x01, 0x00, 0x01, 0x00, 0x87, 0x00, 0x00, 0x2C, 0x00, 0x28, 0x00, 0x01, 0x00,
            0x01, 0x00, 0x00, 0x01, 0x00, 0xC5, 0x01, 0xA1, 0x00, 0x61, 0x00, 0x00, 0x42, 0x00, 0x01, 0x00,
            0x01, 0x00, 0xF2, 0x00, 0x00, 0x10, 0x00, 0x6E, 0x00, 0x0A, 0x00, 0xFC, 0x00, 0x00, 0x0A, 0x00,
            0x6D, 0x00, 0x10, 0x00, 0xF3, 0x00, 0x00, 0x01, 0x00, 0x01, 0x00, 0x41, 0x00, 0x61, 0x00, 0x00,
            0x61, 0x00, 0xCA, 0x01, 0x21, 0x00, 0x01, 0x00, 0x00, 0x01, 0x00, 0x2C, 0x00, 0x28, 0x00, 0x01,
            0x00, 0x00, 0x87, 0x00, 0x03, 0x00, 0x01, 0x00, 0x01, 0x00, 0x00, 0x01, 0x00, 0x40, 0x00, 0x01,
            0x00, 0xC7, 0x01, 0x00, 0x21, 0x00, 0x01, 0x00, 0x01, 0x00, 0x87, 0x00, 0x00, 0x18, 0x00, 0x87,
            0x00, 0x21, 0x00, 0x01, 0x00, 0x00, 0x01, 0x00, 0xCC, 0x01, 0x21, 0x00, 0x40, 0x00, 0x00, 0x01,
            0x00, 0x01, 0x00, 0x01, 0x00, 0x43, 0x00, 0x00, 0x87, 0x00, 0x21, 0x00, 0x2C, 0x00, 0x28, 0x00,
            0x00, 0x01, 0x00, 0x01, 0x00, 0x23, 0x00, 0x21, 0x00, 0x00, 0x01, 0x00, 0x01, 0x00, 0x40, 0x00,
            0x01, 0x00, 0x00, 0x01, 0x00, 0x01, 0x00, 0x01, 0x00, 0x01, 0x00, 0x00, 0x20, 0x00, 0x18, 0x00,
            0x20, 0x00, 0x21, 0x00, 0x00, 0x01, 0x00, 0x01, 0x00, 0x01, 0x00, 0x01, 0x00, 0x00, 0x40, 0x00,
            0x01, 0x00, 0x01, 0x00, 0x01, 0x00, 0x00, 0x23, 0x00, 0x21, 0x00, 0x01, 0x00, 0x2C, 0x00, 0x00,
            0x28, 0x00, 0x01, 0x00, 0x01, 0x00, 0xC8, 0x01, 0x00, 0x21, 0x00, 0x01, 0x00, 0x01, 0x00, 0xE1,
            0x00, 0x00, 0x61, 0x00, 0x61, 0x00, 0x61, 0x00, 0x61, 0x00, 0x00, 0x61, 0x00, 0x61, 0x00, 0x14,
            0x00, 0x61, 0x00, 0x00, 0x61, 0x00, 0x61, 0x00, 0x61, 0x00, 0x61, 0x00, 0x00, 0x61, 0x00, 0xC1,
            0x00, 0x01, 0x00, 0x01, 0x00, 0x00, 0x01, 0x00, 0xCD, 0x01, 0x21, 0x00, 0x01, 0x00, 0x00, 0x2C,
            0x00, 0x28, 0x00, 0x01, 0x00, 0x01, 0x00, 0x00, 0x01, 0x00, 0x01, 0x00, 0x87, 0x00, 0xC7, 0x01,
            0x00, 0x80, 0x00, 0x01, 0x00, 0x20, 0x00, 0x21, 0x00, 0x00, 0x01, 0x00, 0x01, 0x00, 0x01, 0x00,
            0x18, 0x00, 0x00, 0x01, 0x00, 0x01, 0x00, 0x01, 0x00, 0x01, 0x00, 0x00, 0x20, 0x00, 0x21, 0x00,
            0x40, 0x00, 0xCC, 0x01, 0x00, 0x86, 0x00, 0x21, 0x00, 0x01, 0x00, 0x01, 0x00, 0x00, 0x01, 0x00,
            0x2C, 0x00, 0x28, 0x00, 0x01, 0x00, 0x00, 0xC9, 0x01, 0x21, 0x00, 0x01, 0x00, 0x01, 0x00, 0x00,
            0x01, 0x00, 0x40, 0x00, 0x01, 0x00, 0x01, 0x00, 0x00, 0x87, 0x00, 0xC6, 0x01, 0x21, 0x00, 0x01,
            0x00, 0x00, 0x18, 0x00, 0x01, 0x00, 0x01, 0x00, 0xCB, 0x01, 0x00, 0x86, 0x00, 0x21, 0x00, 0x01,
            0x00, 0x40, 0x00, 0x00, 0x01, 0x00, 0x01, 0x00, 0x01, 0x00, 0x01, 0x00, 0x00, 0xCE, 0x01, 0x21,
            0x00, 0x2C, 0x00, 0x48, 0x00, 0x00, 0x4A, 0x00, 0x4A, 0x00, 0x4A, 0x00, 0xB2, 0x00, 0x00, 0xC7,
            0x01, 0x21, 0x00, 0x40, 0x00, 0x01, 0x00, 0x00, 0x20, 0x01, 0x42, 0x01, 0x62, 0x01, 0x42, 0x01,
            0x00, 0x21, 0x01, 0x18, 0x00, 0x20, 0x01, 0x42, 0x01, 0x00, 0x62, 0x01, 0x42, 0x01, 0x21, 0x01,
            0x01, 0x00, 0x00, 0x40, 0x00, 0x01, 0x00, 0xCC, 0x01, 0xB3, 0x00, 0x00, 0x4A, 0x00, 0x4A, 0x00,
            0x4A, 0x00, 0x4C, 0x00, 0x00, 0x2A, 0x00, 0x2A, 0x00, 0x2A, 0x00, 0x2A, 0x00, 0x00, 0x2E, 0x00,
            0x01, 0x00, 0x01, 0x00, 0x40, 0x00, 0x00, 0x01, 0x00, 0x87, 0x00, 0x03, 0x00, 0x01, 0x00, 0x00,
            0x01, 0x00, 0x01, 0x00, 0x92, 0x01, 0x21, 0x00, 0x00, 0x01, 0x00, 0x01, 0x00, 0x43, 0x00, 0x87,
            0x00, 0x00, 0x21, 0x00, 0x40, 0x00, 0x01, 0x00, 0x01, 0x00, 0x00, 0x32, 0x00, 0x2A, 0x00, 0x2A,
            0x00, 0x2A, 0x00, 0x00, 0x2A, 0x00, 0x2A, 0x00, 0x2A, 0x00, 0x2A, 0x00, 0x00, 0x68, 0x01, 0xCF,
            0x00, 0x01, 0x00, 0x01, 0x00, 0x00, 0x40, 0x00, 0x01, 0x00, 0xC2, 0x01, 0x23, 0x00, 0x00, 0x21,
            0x00, 0xD9, 0x01, 0x21, 0x00, 0x01, 0x00, 0x00, 0x01, 0x00, 0xD9, 0x01, 0x21, 0x00, 0x23, 0x00,
            0x00, 0xC2, 0x01, 0x21, 0x00, 0x40, 0x00, 0x01, 0x00, 0x00, 0x01, 0x00, 0xD0, 0x00, 0x68, 0x01,
            0x2A, 0x00, 0x00, 0x2A, 0x00, 0x2A, 0x00, 0x2A, 0x00, 0x2A, 0x00, 0x00, 0x2A, 0x00, 0x2A, 0x00,
            0x28, 0x00, 0x87, 0x00, 0x00, 0x21, 0x00, 0x40, 0x00, 0x01, 0x00, 0x01, 0x00, 0x00, 0x01, 0x00,
            0x01, 0x00, 0x01, 0x00, 0xA4, 0x01, 0x00, 0xA4, 0x01, 0xA4, 0x01, 0x01, 0x00, 0x01, 0x00, 0x00,
            0x01, 0x00, 0x01, 0x00, 0x01, 0x00, 0x40, 0x00, 0x00, 0x01, 0x00, 0x87, 0x00, 0x2C, 0x00, 0x2A,
            0x00, 0x00, 0x2A, 0x00, 0x2A, 0x00, 0x2A, 0x00, 0x2A, 0x00, 0x00, 0x2A, 0x00, 0x2A, 0x00, 0x2A,
            0x00, 0x1D, 0x01, 0x00, 0x19, 0x00, 0x19, 0x00, 0x36, 0x00, 0x19, 0x00, 0x00, 0x19, 0x00, 0x19,
            0x00, 0x92, 0x01, 0x21, 0x00, 0x00, 0xA4, 0x01, 0x93, 0x01, 0xA4, 0x01, 0x01, 0x00, 0x00, 0x92,
            0x01, 0x19, 0x00, 0x19, 0x00, 0x19, 0x00, 0x00, 0x36, 0x00, 0x19, 0x00, 0x19, 0x00, 0xFD, 0x00,
            0x00, 0x2A, 0x00, 0x2A, 0x00, 0x2A, 0x00, 0x2A, 0x00, 0x00, 0x2A, 0x00, 0x2A, 0x00, 0x2A, 0x00,
            0x2A, 0x00, 0x00, 0x28, 0x00, 0x87, 0x00, 0x21, 0x00, 0x40, 0x00, 0x00, 0x01, 0x00, 0x01, 0x00,
            0x43, 0x00, 0x01, 0x00, 0x00, 0x01, 0x00, 0xA4, 0x01, 0xA4, 0x01, 0xA4, 0x01, 0x00, 0x01, 0x00,
            0x01, 0x00, 0x43, 0x00, 0x01, 0x00, 0x00, 0x01, 0x00, 0x40, 0x00, 0x01, 0x00, 0x87, 0x00, 0x00,
            0x2C, 0x00, 0x2A, 0x00, 0x2A, 0x00, 0x2A, 0x00, 0x00, 0x2A, 0x00, 0x2A, 0x00, 0x2A, 0x00, 0x2A,
            0x00, 0x00, 0x68, 0x01, 0xAF, 0x00, 0x01, 0x00, 0x01, 0x00, 0x00, 0x40, 0x00, 0x01, 0x00, 0xC2,
            0x01, 0x23, 0x00, 0x00, 0x21, 0x00, 0xD9, 0x01, 0x21, 0x00, 0x01, 0x00, 0x00, 0x01, 0x00, 0xD9,
            0x01, 0x21, 0x00, 0x23, 0x00, 0x00, 0xC2, 0x01, 0x21, 0x00, 0x40, 0x00, 0x01, 0x00, 0x00, 0x01,
            0x00, 0xB0, 0x00, 0x68, 0x01, 0x2A, 0x00, 0x00, 0x2A, 0x00, 0x2A, 0x00, 0x2A, 0x00, 0x2A, 0x00,
            0x00, 0x2A, 0x00, 0x2A, 0x00, 0x2E, 0x00, 0x01, 0x00, 0x00, 0x01, 0x00, 0x40, 0x00, 0x01, 0x00,
            0x87, 0x00, 0x00, 0x21, 0x00, 0x01, 0x00, 0x01, 0x00, 0x01, 0x00, 0x00, 0x92, 0x01, 0x21, 0x00,
            0x01, 0x00, 0x01, 0x00, 0x00, 0x01, 0x00, 0x87, 0x00, 0x21, 0x00, 0x40, 0x00, 0x00, 0x01, 0x00,
            0x01, 0x00, 0x32, 0x00, 0x2A, 0x00, 0x00, 0x2A, 0x00, 0x2A, 0x00, 0x2A, 0x00, 0x09, 0x00, 0x00,
            0x0A, 0x00, 0x0A, 0x00, 0x0A, 0x00, 0xD2, 0x00, 0x00, 0xD1, 0x01, 0x21, 0x00, 0x40, 0x00, 0x01,
            0x00, 0x00, 0x20, 0x01, 0x42, 0x01, 0x62, 0x01, 0x42, 0x01, 0x00, 0x21, 0x01, 0x18, 0x00, 0x20,
            0x01, 0x42, 0x01, 0x00, 0x62, 0x01, 0x42, 0x01, 0x21, 0x01, 0x01, 0x00, 0x00, 0x40, 0x00, 0x01,
            0x00, 0xD6, 0x01, 0xD3, 0x00, 0x00, 0x0A, 0x00, 0x0A, 0x00, 0x0A, 0x00, 0x0B, 0x00, 0x00, 0x28,
            0x00, 0x01, 0x00, 0xD3, 0x01, 0x21, 0x00, 0x00, 0x01, 0x00, 0x01, 0x00, 0x01, 0x00, 0x40, 0x00,
            0x00, 0x01, 0x00, 0x43, 0x00, 0x87, 0x00, 0xD0, 0x01, 0x00, 0x21, 0x00, 0x01, 0x00, 0x18, 0x00,
            0x01, 0x00, 0x00, 0x01, 0x00, 0xD5, 0x01, 0x86, 0x00, 0x03, 0x00, 0x00, 0x01, 0x00, 0x40, 0x00,
            0x01, 0x00, 0x01, 0x00, 0x00, 0x01, 0x00, 0x01, 0x00, 0xD8, 0x01, 0x21, 0x00, 0x00, 0x2C, 0x00,
            0x28, 0x00, 0x01, 0x00, 0x01, 0x00, 0x00, 0x01, 0x00, 0x01, 0x00, 0x87, 0x00, 0xD1, 0x01, 0x00,
            0x80, 0x00, 0x01, 0x00, 0x23, 0x00, 0x21, 0x00, 0x00, 0x01, 0x00, 0x01, 0x00, 0x01, 0x00, 0x18,
            0x00, 0x00, 0x01, 0x00, 0x01, 0x00, 0x01, 0x00, 0x01, 0x00, 0x00, 0x23, 0x00, 0x21, 0x00, 0x40,
            0x00, 0xD6, 0x01, 0x00, 0x86, 0x00, 0x21, 0x00, 0x01, 0x00, 0x01, 0x00, 0x00, 0x01, 0x00, 0x2C,
            0x00, 0x28, 0x00, 0x01, 0x00, 0x00, 0x01, 0x00, 0xD2, 0x01, 0x21, 0x00, 0x01, 0x00, 0x00, 0x01,
            0x00, 0xE1, 0x00, 0x61, 0x00, 0x61, 0x00, 0x00, 0x61, 0x00, 0x61, 0x00, 0x61, 0x00, 0x61, 0x00,
            0x00, 0x14, 0x00, 0x61, 0x00, 0x61, 0x00, 0x61, 0x00, 0x00, 0x61, 0x00, 0x61, 0x00, 0x61, 0x00,
            0xC1, 0x00, 0x00, 0x01, 0x00, 0x01, 0x00, 0x01, 0x00, 0xD7, 0x01, 0x00, 0x21, 0x00, 0x01, 0x00,
            0x2C, 0x00, 0x28, 0x00, 0x00, 0x01, 0x00, 0x01, 0x00, 0x20, 0x00, 0x21, 0x00, 0x00, 0x01, 0x00,
            0x01, 0x00, 0x40, 0x00, 0x01, 0x00, 0x00, 0x01, 0x00, 0x01, 0x00, 0x01, 0x00, 0x01, 0x00, 0x00,
            0x20, 0x00, 0x18, 0x00, 0x20, 0x00, 0x21, 0x00, 0x00, 0x01, 0x00, 0x01, 0x00, 0x01, 0x00, 0x01,
            0x00, 0x00, 0x40, 0x00, 0x01, 0x00, 0x01, 0x00, 0x01, 0x00, 0x00, 0x20, 0x00, 0x21, 0x00, 0x01,
            0x00, 0x2C, 0x00, 0x00, 0x28, 0x00, 0x01, 0x00, 0x87, 0x00, 0x21, 0x00, 0x00, 0x01, 0x00, 0x01,
            0x00, 0x01, 0x00, 0x40, 0x00, 0x00, 0x01, 0x00, 0xD1, 0x01, 0x21, 0x00, 0x01, 0x00, 0x00, 0x01,
            0x00, 0x87, 0x00, 0x18, 0x00, 0x87, 0x00, 0x00, 0x21, 0x00, 0x01, 0x00, 0x01, 0x00, 0xD6, 0x01,
            0x00, 0x21, 0x00, 0x40, 0x00, 0x01, 0x00, 0x01, 0x00, 0x00, 0x01, 0x00, 0x01, 0x00, 0x87, 0x00,
            0x21, 0x00, 0x00, 0x2C, 0x00, 0x28, 0x00, 0x01, 0x00, 0x01, 0x00, 0x00, 0x01, 0x00, 0xCF, 0x01,
            0xA1, 0x00, 0x61, 0x00, 0x00, 0x62, 0x00, 0x01, 0x00, 0x01, 0x00, 0x12, 0x01, 0x00, 0x50, 0x00,
            0xCE, 0x00, 0x4A, 0x00, 0x1C, 0x01, 0x00, 0x4A, 0x00, 0xCD, 0x00, 0x50, 0x00, 0x13, 0x01, 0x00,
            0x01, 0x00, 0x01, 0x00, 0x60, 0x00, 0x61, 0x00, 0x00, 0x61, 0x00, 0xD4, 0x01, 0x21, 0x00, 0x01,
            0x00, 0x00, 0x01, 0x00, 0x2C, 0x00, 0x28, 0x00, 0x87, 0x00, 0x00, 0x21, 0x00, 0x01, 0x00, 0x01,
            0x00, 0xD0, 0x01, 0x00, 0x21, 0x00, 0x01, 0x00, 0x01, 0x00, 0x01, 0x00, 0x00, 0x2C, 0x00, 0x2A,
            0x00, 0x2A, 0x00, 0x2A, 0x00, 0x00, 0x2A, 0x00, 0x2A, 0x00, 0x2A, 0x00, 0x2A, 0x00, 0x00, 0x28,
            0x00, 0x01, 0x00, 0x01, 0x00, 0x01, 0x00, 0x00, 0x01, 0x00, 0xD5, 0x01, 0x21, 0x00, 0x01, 0x00,
            0x00, 0x01, 0x00, 0x87, 0x00, 0x2C, 0x00, 0x28, 0x00, 0x00, 0x01, 0x00, 0xD1, 0x01, 0x21, 0x00,
            0x87, 0x00, 0x00, 0x03, 0x00, 0x01, 0x00, 0x01, 0x00, 0x01, 0x00, 0x00, 0xD3, 0x01, 0x2C, 0x00,
            0x2A, 0x00, 0x68, 0x01, 0x00, 0x2A, 0x00, 0x2A, 0x00, 0x2A, 0x00, 0x68, 0x01, 0x00, 0x2A, 0x00,
            0x28, 0x00, 0xD8, 0x01, 0x21, 0x00, 0x00, 0x01, 0x00, 0x01, 0x00, 0x43, 0x00, 0x87, 0x00, 0x00,
            0x21, 0x00, 0xD6, 0x01, 0x21, 0x00, 0x2C, 0x00, 0x00, 0x28, 0x00, 0x01, 0x00, 0x87, 0x00, 0x21,
            0x00, 0x00, 0x01, 0x00, 0x23, 0x00, 0x21, 0x00, 0xC2, 0x01, 0x00, 0x21, 0x00, 0x01, 0x00, 0x2C,
            0x00, 0x2A, 0x00, 0x00, 0x2A, 0x00, 0x2A, 0x00, 0x2A, 0x00, 0x2A, 0x00, 0x00, 0x2A, 0x00, 0x2A,
            0x00, 0x28, 0x00, 0x01, 0x00, 0x00, 0x01, 0x00, 0xC2, 0x01, 0x21, 0x00, 0x23, 0x00, 0x00, 0x21,
            0x00, 0x01, 0x00, 0x87, 0x00, 0x21, 0x00, 0x00, 0x2C, 0x00, 0x48, 0x00, 0x4A, 0x00, 0x4A, 0x00,
            0x00, 0x4A, 0x00, 0x4A, 0x00, 0x4A, 0x00, 0x4A, 0x00, 0x00, 0x4A, 0x00, 0x4A, 0x00, 0x4A, 0x00,
            0x4C, 0x00, 0x00, 0x2A, 0x00, 0x2A, 0x00, 0x2A, 0x00, 0x2A, 0x00, 0x00, 0x2A, 0x00, 0x2A, 0x00,
            0x2A, 0x00, 0x48, 0x00, 0x00, 0x4A, 0x00, 0x4A, 0x00, 0x4A, 0x00, 0x4A, 0x00, 0x00, 0x4A, 0x00,
            0x4A, 0x00, 0x4A, 0x00, 0x4A, 0x00, 0x00, 0x4A, 0x00, 0x4C, 0x00, 0x00,
        ],
        units: &[
            0xFE, 0x01, 0x00, 0x00, 0x00, 0x00, 0x00, 0x00, 0x00, 0x00, 0x00, 0x00,
            0x04, 0x03, 0x01, 0x00, 0x64, 0x63, 0x63, 0x00, 0x00, 0x04, 0x00, 0x00,
            0x03, 0x04, 0x01, 0x00, 0x64, 0x63, 0x63, 0x00, 0x00, 0x04, 0x00, 0x00,
            0x04, 0x05, 0x02, 0x00, 0x64, 0x63, 0x63, 0x00, 0x00, 0x04, 0x00, 0x00,
            0x04, 0x02, 0x05, 0x00, 0x64, 0x63, 0x63, 0x00, 0x00, 0x04, 0x00, 0x00,
            0x03, 0x03, 0x06, 0x00, 0x64, 0x63, 0x63, 0x00, 0x00, 0x04, 0x00, 0x00,
            0x02, 0x04, 0x0A, 0x00, 0x64, 0x63, 0x63, 0x00, 0x00, 0x04, 0x00, 0x00,
            0x09, 0x0A, 0x09, 0x00, 0x64, 0x63, 0x63, 0x00, 0x00, 0x04, 0x00, 0x00,
            0xFE, 0x02, 0x00, 0x00, 0x00, 0x00, 0x00, 0x00, 0x00, 0x00, 0x00, 0x00,
            0x18, 0x03, 0x01, 0x00, 0x64, 0x63, 0x63, 0x00, 0x00, 0x04, 0x00, 0x00,
            0x19, 0x04, 0x01, 0x00, 0x64, 0x63, 0x63, 0x00, 0x00, 0x04, 0x00, 0x00,
            0x18, 0x05, 0x02, 0x00, 0x64, 0x63, 0x63, 0x00, 0x00, 0x04, 0x00, 0x00,
            0x18, 0x02, 0x05, 0x00, 0x64, 0x63, 0x63, 0x00, 0x00, 0x04, 0x00, 0x00,
            0x19, 0x03, 0x06, 0x00, 0x64, 0x63, 0x63, 0x00, 0x00, 0x04, 0x00, 0x00,
            0x1A, 0x04, 0x0A, 0x00, 0x64, 0x63, 0x63, 0x00, 0x00, 0x04, 0x00, 0x00,
            0x13, 0x0A, 0x09, 0x00, 0x64, 0x63, 0x63, 0x00, 0x00, 0x04, 0x00, 0x00,
            0xFE, 0x03, 0x00, 0x00, 0x00, 0x00, 0x00, 0x00, 0x00, 0x00, 0x00, 0x00,
            0x04, 0x17, 0x01, 0x00, 0x64, 0x63, 0x63, 0x00, 0x00, 0x04, 0x00, 0x00,
            0x03, 0x18, 0x01, 0x00, 0x64, 0x63, 0x63, 0x00, 0x00, 0x04, 0x00, 0x00,
            0x04, 0x19, 0x02, 0x00, 0x64, 0x63, 0x63, 0x00, 0x00, 0x04, 0x00, 0x00,
            0x04, 0x16, 0x05, 0x00, 0x64, 0x63, 0x63, 0x00, 0x00, 0x04, 0x00, 0x00,
            0x03, 0x17, 0x06, 0x00, 0x64, 0x63, 0x63, 0x00, 0x00, 0x04, 0x00, 0x00,
            0x05, 0x17, 0x0A, 0x00, 0x64, 0x63, 0x63, 0x00, 0x00, 0x04, 0x00, 0x00,
            0x09, 0x12, 0x09, 0x00, 0x64, 0x63, 0x63, 0x00, 0x00, 0x04, 0x00, 0x00,
            0xFE, 0x04, 0x00, 0x00, 0x00, 0x00, 0x00, 0x00, 0x00, 0x00, 0x00, 0x00,
            0x18, 0x17, 0x01, 0x00, 0x64, 0x63, 0x63, 0x00, 0x00, 0x04, 0x00, 0x00,
            0x19, 0x18, 0x01, 0x00, 0x64, 0x63, 0x63, 0x00, 0x00, 0x04, 0x00, 0x00,
            0x18, 0x19, 0x02, 0x00, 0x64, 0x63, 0x63, 0x00, 0x00, 0x04, 0x00, 0x00,
            0x18, 0x16, 0x05, 0x00, 0x64, 0x63, 0x63, 0x00, 0x00, 0x04, 0x00, 0x00,
            0x17, 0x17, 0x06, 0x00, 0x64, 0x63, 0x63, 0x00, 0x00, 0x04, 0x00, 0x00,
            0x19, 0x17, 0x0A, 0x00, 0x64, 0x63, 0x63, 0x00, 0x00, 0x04, 0x00, 0x00,
            0x13, 0x12, 0x09, 0x00, 0x64, 0x63, 0x63, 0x00, 0x00, 0x04, 0x00, 0x00,
            0xFF, 0x00, 0x00, 0x00, 0x00, 0x00, 0x00, 0x00, 0x00, 0x00, 0x00, 0x00,
        ],
    },
    // Black Wastes: 29x29, properties {0: 20, 1: 8, 2: 8, 3: 8, 4: 8, 5: 5}
    Map {
        name: "Black Wastes",
        armies: 5,
        tab: 9,
        colours: &[1, 2, 3, 4, 5],
        obelisk: true,
        ds: true,
        wasteland: true,
        tiles: &[
            0x10, 0x94, 0x06, 0x00, 0x00, 0x1D, 0x1D, 0x01, 0x00, 0x87, 0x00, 0x21, 0x00, 0x00, 0x01, 0x00,
            0x20, 0x00, 0x21, 0x00, 0xC2, 0x01, 0x00, 0x21, 0x00, 0x01, 0x00, 0x01, 0x00, 0x18, 0x00, 0x00,
            0x01, 0x00, 0x43, 0x00, 0x87, 0x00, 0x21, 0x00, 0x00, 0x87, 0x00, 0x03, 0x00, 0x01, 0x00, 0x18,
            0x00, 0x00, 0x01, 0x00, 0x01, 0x00, 0x01, 0x00, 0xC2, 0x01, 0x00, 0x21, 0x00, 0x20, 0x00, 0x21,
            0x00, 0x01, 0x00, 0x00, 0x87, 0x00, 0x21, 0x00, 0x01, 0x00, 0xC7, 0x01, 0x00, 0x21, 0x00, 0x01,
            0x00, 0x01, 0x00, 0x01, 0x00, 0x00, 0x01, 0x00, 0x01, 0x00, 0x87, 0x00, 0x21, 0x00, 0x00, 0x18,
            0x00, 0x01, 0x00, 0x23, 0x00, 0x21, 0x00, 0x00, 0x01, 0x00, 0x01, 0x00, 0x23, 0x00, 0x21, 0x00,
            0x00, 0x18, 0x00, 0x01, 0x00, 0x87, 0x00, 0x21, 0x00, 0x00, 0x01, 0x00, 0x01, 0x00, 0x01, 0x00,
            0x01, 0x00, 0x00, 0x01, 0x00, 0xCC, 0x01, 0x21, 0x00, 0x01, 0x00, 0x00, 0x01, 0x00, 0x01, 0x00,
            0x01, 0x00, 0x01, 0x00, 0x00, 0x01, 0x00, 0xC6, 0x01, 0x21, 0x00, 0x01, 0x00, 0x00, 0x01, 0x00,
            0x18, 0x00, 0x01, 0x00, 0x01, 0x00, 0x00, 0x01, 0x00, 0x01, 0x00, 0x01, 0x00, 0x01, 0x00, 0x00,
            0x01, 0x00, 0x18, 0x00, 0x01, 0x00, 0x01, 0x00, 0x00, 0x01, 0x00, 0xCB, 0x01, 0x21, 0x00, 0x01,
            0x00, 0x00, 0x01, 0x00, 0x01, 0x00, 0x01, 0x00, 0x01, 0x00, 0x00, 0x01, 0x00, 0x01, 0x00, 0x01,
            0x00, 0xC5, 0x01, 0x00, 0xA1, 0x00, 0x61, 0x00, 0x61, 0x00, 0xE0, 0x00, 0x00, 0x61, 0x00, 0x61,
            0x00, 0x14, 0x00, 0x61, 0x00, 0x00, 0x61, 0x00, 0x61, 0x00, 0x61, 0x00, 0x61, 0x00, 0x00, 0x61,
            0x00, 0x61, 0x00, 0x14, 0x00, 0x61, 0x00, 0x00, 0x61, 0x00, 0xE0, 0x00, 0x61, 0x00, 0x61, 0x00,
            0x00, 0x61, 0x00, 0xCA, 0x01, 0x21, 0x00, 0x01, 0x00, 0x00, 0x01, 0x00, 0x01, 0x00, 0x01, 0x00,
            0x01, 0x00, 0x00, 0x40, 0x00, 0x01, 0x00, 0x01, 0x00, 0x01, 0x00, 0x00, 0x40, 0x00, 0x01, 0x00,
            0x01, 0x00, 0x18, 0x00, 0x00, 0x01, 0x00, 0xC2, 0x01, 0x03, 0x00, 0x01, 0x00, 0x00, 0x43, 0x00,
            0xC2, 0x01, 0x21, 0x00, 0x18, 0x00, 0x00, 0x01, 0x00, 0x01, 0x00, 0x40, 0x00, 0x01, 0x00, 0x00,
            0x01, 0x00, 0x01, 0x00, 0x40, 0x00, 0x01, 0x00, 0x00, 0x01, 0x00, 0x01, 0x00, 0x01, 0x00, 0xC8,
            0x01, 0x00, 0x21, 0x00, 0x40, 0x00, 0x01, 0x00, 0x02, 0x01, 0x00, 0x01, 0x00, 0x40, 0x00, 0xC7,
            0x01, 0x21, 0x00, 0x00, 0x18, 0x00, 0x01, 0x00, 0x01, 0x00, 0x23, 0x00, 0x00, 0xD9, 0x01, 0x23,
            0x00, 0x21, 0x00, 0x01, 0x00, 0x00, 0x18, 0x00, 0x01, 0x00, 0xCC, 0x01, 0x80, 0x00, 0x00, 0x01,
            0x00, 0x02, 0x01, 0x01, 0x00, 0x40, 0x00, 0x00, 0x01, 0x00, 0xCD, 0x01, 0x21, 0x00, 0x01, 0x00,
            0x00, 0x01, 0x00, 0x01, 0x00, 0x40, 0x00, 0xC6, 0x01, 0x00, 0x63, 0x01, 0x01, 0x00, 0x40, 0x00,
            0x01, 0x00, 0x00, 0x87, 0x00, 0x18, 0x00, 0x01, 0x00, 0x01, 0x00, 0x00, 0x01, 0x00, 0x01, 0x00,
            0x01, 0x00, 0x01, 0x00, 0x00, 0x01, 0x00, 0x18, 0x00, 0x87, 0x00, 0x21, 0x00, 0x00, 0x40, 0x00,
            0x01, 0x00, 0x63, 0x01, 0xCB, 0x01, 0x00, 0x80, 0x00, 0x01, 0x00, 0x01, 0x00, 0x01, 0x00, 0x00,
            0x87, 0x00, 0x21, 0x00, 0x01, 0x00, 0x40, 0x00, 0x00, 0x01, 0x00, 0x43, 0x01, 0x01, 0x00, 0xE1,
            0x00, 0x00, 0x61, 0x00, 0x61, 0x00, 0x14, 0x00, 0x61, 0x00, 0x00, 0x61, 0x00, 0x61, 0x00, 0x61,
            0x00, 0x61, 0x00, 0x00, 0x61, 0x00, 0x61, 0x00, 0x14, 0x00, 0x61, 0x00, 0x00, 0x61, 0x00, 0xC1,
            0x00, 0x01, 0x00, 0x43, 0x01, 0x00, 0x01, 0x00, 0x40, 0x00, 0x01, 0x00, 0x01, 0x00, 0x00, 0x87,
            0x00, 0x01, 0x00, 0xC7, 0x01, 0x21, 0x00, 0x00, 0x40, 0x00, 0x01, 0x00, 0x43, 0x01, 0x01, 0x00,
            0x00, 0x40, 0x00, 0x01, 0x00, 0x01, 0x00, 0x18, 0x00, 0x00, 0x01, 0x00, 0x20, 0x00, 0x21, 0x00,
            0x01, 0x00, 0x00, 0x01, 0x00, 0x20, 0x00, 0x21, 0x00, 0x18, 0x00, 0x00, 0x01, 0x00, 0x01, 0x00,
            0x40, 0x00, 0x01, 0x00, 0x00, 0x43, 0x01, 0x01, 0x00, 0x40, 0x00, 0x01, 0x00, 0x00, 0xCC, 0x01,
            0x21, 0x00, 0x01, 0x00, 0x20, 0x00, 0x00, 0x21, 0x00, 0x40, 0x00, 0x01, 0x00, 0x63, 0x01, 0x00,
            0x01, 0x00, 0x40, 0x00, 0x01, 0x00, 0x01, 0x00, 0x00, 0x87, 0x00, 0x21, 0x00, 0x01, 0x00, 0xA4,
            0x01, 0x00, 0xA4, 0x01, 0xA4, 0x01, 0x01, 0x00, 0x01, 0x00, 0x00, 0x87, 0x00, 0x21, 0x00, 0x01,
            0x00, 0x40, 0x00, 0x00, 0x01, 0x00, 0x63, 0x01, 0x01, 0x00, 0x40, 0x00, 0x00, 0x01, 0x00, 0x20,
            0x00, 0x21, 0x00, 0x01, 0x00, 0x00, 0xC7, 0x01, 0x21, 0x00, 0x40, 0x00, 0x01, 0x00, 0x00, 0x43,
            0x01, 0x01, 0x00, 0x40, 0x00, 0x01, 0x00, 0x00, 0xC2, 0x01, 0x21, 0x00, 0x01, 0x00, 0x01, 0x00,
            0x00, 0x89, 0x01, 0x8A, 0x01, 0x8B, 0x01, 0x01, 0x00, 0x00, 0x01, 0x00, 0x01, 0x00, 0xC2, 0x01,
            0x21, 0x00, 0x00, 0x40, 0x00, 0x01, 0x00, 0x43, 0x01, 0x01, 0x00, 0x00, 0x40, 0x00, 0x01, 0x00,
            0xCC, 0x01, 0x21, 0x00, 0x00, 0x4A, 0x00, 0x4A, 0x00, 0xB2, 0x00, 0x40, 0x00, 0x00, 0x01, 0x00,
            0x03, 0x01, 0x01, 0x00, 0x40, 0x00, 0x00, 0x01, 0x00, 0x01, 0x00, 0x01, 0x00, 0x83, 0x01, 0x00,
            0x21, 0x00, 0xA4, 0x01, 0xA4, 0x01, 0xA4, 0x01, 0x00, 0x01, 0x00, 0x83, 0x01, 0x21, 0x00, 0x01,
            0x00, 0x00, 0x01, 0x00, 0x40, 0x00, 0x01, 0x00, 0x03, 0x01, 0x00, 0x01, 0x00, 0x40, 0x00, 0xB3,
            0x00, 0x4A, 0x00, 0x00, 0x4A, 0x00, 0x2A, 0x00, 0x2A, 0x00, 0x2E, 0x00, 0x00, 0x40, 0x00, 0x01,
            0x00, 0x01, 0x00, 0x01, 0x00, 0x00, 0x40, 0x00, 0x01, 0x00, 0x87, 0x00, 0x21, 0x00, 0x00, 0x01,
            0x00, 0x92, 0x01, 0x21, 0x00, 0x01, 0x00, 0x00, 0x01, 0x00, 0x92, 0x01, 0x21, 0x00, 0x01, 0x00,
            0x00, 0x87, 0x00, 0x21, 0x00, 0x40, 0x00, 0x01, 0x00, 0x00, 0x01, 0x00, 0x01, 0x00, 0x40, 0x00,
            0x32, 0x00, 0x00, 0x2A, 0x00, 0x2A, 0x00, 0x2A, 0x00, 0x2A, 0x00, 0x00, 0x2E, 0x00, 0x40, 0x00,
            0x01, 0x00, 0xC2, 0x01, 0x00, 0x21, 0x00, 0x40, 0x00, 0x01, 0x00, 0x01, 0x00, 0x00, 0x01, 0x00,
            0x20, 0x01, 0x42, 0x01, 0x62, 0x01, 0x00, 0xB5, 0x01, 0x62, 0x01, 0x42, 0x01, 0x21, 0x01, 0x00,
            0x01, 0x00, 0x01, 0x00, 0x01, 0x00, 0x40, 0x00, 0x00, 0x01, 0x00, 0xC2, 0x01, 0x21, 0x00, 0x40,
            0x00, 0x00, 0x32, 0x00, 0x2A, 0x00, 0x2A, 0x00, 0x68, 0x01, 0x00, 0x2A, 0x00, 0x2E, 0x00, 0xE1,
            0x00, 0x61, 0x00, 0x00, 0x61, 0x00, 0x61, 0x00, 0xC1, 0x00, 0xD9, 0x01, 0x00, 0x81, 0x01, 0x21,
            0x00, 0x01, 0x00, 0x01, 0x00, 0x00, 0xB6, 0x01, 0xB4, 0x01, 0xB6, 0x01, 0x21, 0x00, 0x00, 0x01,
            0x00, 0x01, 0x00, 0x81, 0x01, 0xD9, 0x01, 0x00, 0xE1, 0x00, 0x61, 0x00, 0x61, 0x00, 0x61, 0x00,
            0x00, 0xC1, 0x00, 0x32, 0x00, 0x2A, 0x00, 0x68, 0x01, 0x00, 0x2A, 0x00, 0x2A, 0x00, 0x2E, 0x00,
            0x40, 0x00, 0x00, 0x01, 0x00, 0xC2, 0x01, 0x21, 0x00, 0x40, 0x00, 0x00, 0x01, 0x00, 0x01, 0x00,
            0x01, 0x00, 0x20, 0x01, 0x00, 0x42, 0x01, 0x62, 0x01, 0xB5, 0x01, 0x62, 0x01, 0x00, 0x42, 0x01,
            0x21, 0x01, 0x01, 0x00, 0x01, 0x00, 0x00, 0x01, 0x00, 0x40, 0x00, 0x01, 0x00, 0xC2, 0x01, 0x00,
            0x21, 0x00, 0x40, 0x00, 0x32, 0x00, 0x2A, 0x00, 0x00, 0x2A, 0x00, 0x2A, 0x00, 0x2A, 0x00, 0x2E,
            0x00, 0x00, 0x40, 0x00, 0x01, 0x00, 0x01, 0x00, 0x01, 0x00, 0x00, 0x40, 0x00, 0x01, 0x00, 0x87,
            0x00, 0x21, 0x00, 0x00, 0x01, 0x00, 0x92, 0x01, 0x21, 0x00, 0x01, 0x00, 0x00, 0x01, 0x00, 0x92,
            0x01, 0x21, 0x00, 0x01, 0x00, 0x00, 0x87, 0x00, 0x21, 0x00, 0x40, 0x00, 0x01, 0x00, 0x00, 0x01,
            0x00, 0x01, 0x00, 0x40, 0x00, 0x32, 0x00, 0x00, 0x2A, 0x00, 0x2A, 0x00, 0x0A, 0x00, 0x0A, 0x00,
            0x00, 0xD2, 0x00, 0x40, 0x00, 0x01, 0x00, 0x02, 0x01, 0x00, 0x01, 0x00, 0x40, 0x00, 0x01, 0x00,
            0x01, 0x00, 0x00, 0x01, 0x00, 0x82, 0x01, 0x21, 0x00, 0xA4, 0x01, 0x00, 0xA4, 0x01, 0xA4, 0x01,
            0x01, 0x00, 0x82, 0x01, 0x00, 0x21, 0x00, 0x01, 0x00, 0x01, 0x00, 0x40, 0x00, 0x00, 0x01, 0x00,
            0x02, 0x01, 0x01, 0x00, 0x40, 0x00, 0x00, 0xD3, 0x00, 0x0A, 0x00, 0x0A, 0x00, 0x01, 0x00, 0x00,
            0xD1, 0x01, 0x21, 0x00, 0x40, 0x00, 0x01, 0x00, 0x00, 0x43, 0x01, 0x01, 0x00, 0x40, 0x00, 0x01,
            0x00, 0x00, 0xC2, 0x01, 0x21, 0x00, 0x01, 0x00, 0x01, 0x00, 0x00, 0x86, 0x01, 0x87, 0x01, 0x88,
            0x01, 0x01, 0x00, 0x00, 0x01, 0x00, 0x01, 0x00, 0xC2, 0x01, 0x21, 0x00, 0x00, 0x40, 0x00, 0x01,
            0x00, 0x43, 0x01, 0x01, 0x00, 0x00, 0x40, 0x00, 0x01, 0x00, 0xD6, 0x01, 0x21, 0x00, 0x00, 0x01,
            0x00, 0x20, 0x00, 0x21, 0x00, 0x40, 0x00, 0x00, 0x01, 0x00, 0x63, 0x01, 0x01, 0x00, 0x40, 0x00,
            0x00, 0x01, 0x00, 0x01, 0x00, 0x87, 0x00, 0x21, 0x00, 0x00, 0x43, 0x00, 0xA4, 0x01, 0xA4, 0x01,
            0xA4, 0x01, 0x00, 0x43, 0x00, 0x01, 0x00, 0x87, 0x00, 0x21, 0x00, 0x00, 0x01, 0x00, 0x40, 0x00,
            0x01, 0x00, 0x63, 0x01, 0x00, 0x01, 0x00, 0x40, 0x00, 0x01, 0x00, 0x20, 0x00, 0x00, 0x21, 0x00,
            0x01, 0x00, 0xD1, 0x01, 0x21, 0x00, 0x00, 0x40, 0x00, 0x01, 0x00, 0x43, 0x01, 0x01, 0x00, 0x00,
            0x40, 0x00, 0x01, 0x00, 0x01, 0x00, 0x18, 0x00, 0x00, 0x01, 0x00, 0x23, 0x00, 0x21, 0x00, 0x01,
            0x00, 0x00, 0x01, 0x00, 0x23, 0x00, 0x21, 0x00, 0x18, 0x00, 0x00, 0x01, 0x00, 0x01, 0x00, 0x40,
            0x00, 0x01, 0x00, 0x00, 0x43, 0x01, 0x01, 0x00, 0x40, 0x00, 0x01, 0x00, 0x00, 0xD6, 0x01, 0x21,
            0x00, 0x87, 0x00, 0x21, 0x00, 0x00, 0x01, 0x00, 0x40, 0x00, 0x01, 0x00, 0x43, 0x01, 0x00, 0x01,
            0x00, 0xE1, 0x00, 0x61, 0x00, 0x61, 0x00, 0x00, 0x14, 0x00, 0x61, 0x00, 0x61, 0x00, 0x61, 0x00,
            0x00, 0x61, 0x00, 0x61, 0x00, 0x61, 0x00, 0x61, 0x00, 0x00, 0x14, 0x00, 0x61, 0x00, 0x61, 0x00,
            0xC1, 0x00, 0x00, 0x01, 0x00, 0x43, 0x01, 0x01, 0x00, 0x40, 0x00, 0x00, 0x01, 0x00, 0x01, 0x00,
            0x87, 0x00, 0x01, 0x00, 0x00, 0x01, 0x00, 0x01, 0x00, 0x40, 0x00, 0xD0, 0x01, 0x00, 0x63, 0x01,
            0x01, 0x00, 0x40, 0x00, 0x01, 0x00, 0x00, 0x87, 0x00, 0x18, 0x00, 0x01, 0x00, 0x01, 0x00, 0x00,
            0x43, 0x00, 0x01, 0x00, 0x43, 0x00, 0x01, 0x00, 0x00, 0x01, 0x00, 0x18, 0x00, 0x87, 0x00, 0x21,
            0x00, 0x00, 0x40, 0x00, 0x01, 0x00, 0x63, 0x01, 0xD5, 0x01, 0x00, 0x80, 0x00, 0x01, 0x00, 0x01,
            0x00, 0x01, 0x00, 0x00, 0x01, 0x00, 0xD2, 0x01, 0x21, 0x00, 0x40, 0x00, 0x00, 0x01, 0x00, 0x03,
            0x01, 0x01, 0x00, 0x40, 0x00, 0x00, 0xD1, 0x01, 0x21, 0x00, 0x18, 0x00, 0x01, 0x00, 0x00, 0x01,
            0x00, 0x23, 0x00, 0xD9, 0x01, 0x23, 0x00, 0x00, 0x21, 0x00, 0x01, 0x00, 0x18, 0x00, 0x01, 0x00,
            0x00, 0xD6, 0x01, 0x80, 0x00, 0x01, 0x00, 0x03, 0x01, 0x00, 0x01, 0x00, 0x40, 0x00, 0x01, 0x00,
            0xD7, 0x01, 0x00, 0x21, 0x00, 0x01, 0x00, 0x01, 0x00, 0x01, 0x00, 0x00, 0x40, 0x00, 0x01, 0x00,
            0x01, 0x00, 0x01, 0x00, 0x00, 0x40, 0x00, 0x01, 0x00, 0x01, 0x00, 0x18, 0x00, 0x00, 0x01, 0x00,
            0xC2, 0x01, 0x21, 0x00, 0x01, 0x00, 0x00, 0x01, 0x00, 0xC2, 0x01, 0x21, 0x00, 0x18, 0x00, 0x00,
            0x01, 0x00, 0x01, 0x00, 0x40, 0x00, 0x01, 0x00, 0x00, 0x01, 0x00, 0x01, 0x00, 0x40, 0x00, 0x01,
            0x00, 0x00, 0x01, 0x00, 0x01, 0x00, 0x01, 0x00, 0x01, 0x00, 0x00, 0x01, 0x00, 0xCF, 0x01, 0xA1,
            0x00, 0x61, 0x00, 0x00, 0x61, 0x00, 0xC0, 0x00, 0x61, 0x00, 0x61, 0x00, 0x00, 0x14, 0x00, 0x61,
            0x00, 0x61, 0x00, 0x61, 0x00, 0x00, 0x61, 0x00, 0x61, 0x00, 0x61, 0x00, 0x61, 0x00, 0x00, 0x14,
            0x00, 0x61, 0x00, 0x61, 0x00, 0xC0, 0x00, 0x00, 0x61, 0x00, 0x61, 0x00, 0x61, 0x00, 0xD4, 0x01,
            0x00, 0x21, 0x00, 0x01, 0x00, 0x01, 0x00, 0x01, 0x00, 0x00, 0x01, 0x00, 0x01, 0x00, 0x01, 0x00,
            0x01, 0x00, 0x00, 0x01, 0x00, 0xD0, 0x01, 0x21, 0x00, 0x01, 0x00, 0x00, 0x01, 0x00, 0x18, 0x00,
            0x01, 0x00, 0x43, 0x00, 0x00, 0x01, 0x00, 0x01, 0x00, 0x01, 0x00, 0x43, 0x00, 0x00, 0x01, 0x00,
            0x18, 0x00, 0x01, 0x00, 0x01, 0x00, 0x00, 0x01, 0x00, 0xD5, 0x01, 0x21, 0x00, 0x01, 0x00, 0x00,
            0x01, 0x00, 0x01, 0x00, 0x01, 0x00, 0x01, 0x00, 0x00, 0x01, 0x00, 0xD1, 0x01, 0x21, 0x00, 0x01,
            0x00, 0x00, 0x43, 0x00, 0x01, 0x00, 0x01, 0x00, 0x01, 0x00, 0x00, 0x87, 0x00, 0x21, 0x00, 0x18,
            0x00, 0x01, 0x00, 0x00, 0x23, 0x00, 0x21, 0x00, 0x01, 0x00, 0x01, 0x00, 0x00, 0x23, 0x00, 0x21,
            0x00, 0x18, 0x00, 0x01, 0x00, 0x00, 0x87, 0x00, 0x21, 0x00, 0x01, 0x00, 0x01, 0x00, 0x00, 0x43,
            0x00, 0x01, 0x00, 0x01, 0x00, 0xD6, 0x01, 0x00, 0x21, 0x00, 0x01, 0x00, 0x87, 0x00, 0x21, 0x00,
            0x00, 0x01, 0x00, 0x23, 0x00, 0x21, 0x00, 0xC2, 0x01, 0x00, 0x21, 0x00, 0x01, 0x00, 0x01, 0x00,
            0x18, 0x00, 0x00, 0x01, 0x00, 0x01, 0x00, 0x87, 0x00, 0x21, 0x00, 0x00, 0x87, 0x00, 0x21, 0x00,
            0x01, 0x00, 0x18, 0x00, 0x00, 0x01, 0x00, 0x01, 0x00, 0x01, 0x00, 0xC2, 0x01, 0x00, 0x21, 0x00,
            0x23, 0x00, 0x21, 0x00, 0x01, 0x00, 0x00, 0x87, 0x00, 0x21, 0x00, 0x00,
        ],
        units: &[
            0xFE, 0x01, 0x00, 0x00, 0x00, 0x00, 0x00, 0x00, 0x00, 0x00, 0x00, 0x00,
            0x03, 0x02, 0x01, 0x00, 0x64, 0x63, 0x63, 0x00, 0x00, 0x04, 0x00, 0x00,
            0x02, 0x03, 0x01, 0x00, 0x64, 0x63, 0x63, 0x00, 0x00, 0x04, 0x00, 0x00,
            0x03, 0x01, 0x02, 0x00, 0x64, 0x63, 0x63, 0x00, 0x00, 0x04, 0x00, 0x00,
            0x02, 0x02, 0x05, 0x00, 0x64, 0x63, 0x63, 0x00, 0x00, 0x04, 0x00, 0x00,
            0x04, 0x02, 0x06, 0x00, 0x64, 0x63, 0x63, 0x00, 0x00, 0x04, 0x00, 0x00,
            0x01, 0x03, 0x0A, 0x00, 0x64, 0x63, 0x63, 0x00, 0x00, 0x04, 0x00, 0x00,
            0x05, 0x05, 0x09, 0x00, 0x64, 0x63, 0x63, 0x00, 0x00, 0x04, 0x00, 0x00,
            0xFE, 0x02, 0x00, 0x00, 0x00, 0x00, 0x00, 0x00, 0x00, 0x00, 0x00, 0x00,
            0x19, 0x02, 0x01, 0x00, 0x64, 0x63, 0x63, 0x00, 0x00, 0x04, 0x00, 0x00,
            0x1A, 0x03, 0x01, 0x00, 0x64, 0x63, 0x63, 0x00, 0x00, 0x04, 0x00, 0x00,
            0x19, 0x01, 0x02, 0x00, 0x64, 0x63, 0x63, 0x00, 0x00, 0x04, 0x00, 0x00,
            0x18, 0x02, 0x05, 0x00, 0x64, 0x63, 0x63, 0x00, 0x00, 0x04, 0x00, 0x00,
            0x1A, 0x02, 0x06, 0x00, 0x64, 0x63, 0x63, 0x00, 0x00, 0x04, 0x00, 0x00,
            0x1B, 0x03, 0x0A, 0x00, 0x64, 0x63, 0x63, 0x00, 0x00, 0x04, 0x00, 0x00,
            0x17, 0x05, 0x09, 0x00, 0x64, 0x63, 0x63, 0x00, 0x00, 0x04, 0x00, 0x00,
            0xFE, 0x03, 0x00, 0x00, 0x00, 0x00, 0x00, 0x00, 0x00, 0x00, 0x00, 0x00,
            0x02, 0x19, 0x01, 0x00, 0x64, 0x63, 0x63, 0x00, 0x00, 0x04, 0x00, 0x00,
            0x03, 0x1A, 0x01, 0x00, 0x64, 0x63, 0x63, 0x00, 0x00, 0x04, 0x00, 0x00,
            0x02, 0x18, 0x02, 0x00, 0x64, 0x63, 0x63, 0x00, 0x00, 0x04, 0x00, 0x00,
            0x04, 0x18, 0x05, 0x00, 0x64, 0x63, 0x63, 0x00, 0x00, 0x04, 0x00, 0x00,
            0x01, 0x19, 0x06, 0x00, 0x64, 0x63, 0x63, 0x00, 0x00, 0x04, 0x00, 0x00,
            0x02, 0x1A, 0x0A, 0x00, 0x64, 0x63, 0x63, 0x00, 0x00, 0x04, 0x00, 0x00,
            0x05, 0x17, 0x09, 0x00, 0x64, 0x63, 0x63, 0x00, 0x00, 0x04, 0x00, 0x00,
            0xFE, 0x04, 0x00, 0x00, 0x00, 0x00, 0x00, 0x00, 0x00, 0x00, 0x00, 0x00,
            0x1A, 0x19, 0x01, 0x00, 0x64, 0x63, 0x63, 0x00, 0x00, 0x04, 0x00, 0x00,
            0x19, 0x1A, 0x01, 0x00, 0x64, 0x63, 0x63, 0x00, 0x00, 0x04, 0x00, 0x00,
            0x18, 0x18, 0x02, 0x00, 0x64, 0x63, 0x63, 0x00, 0x00, 0x04, 0x00, 0x00,
            0x1A, 0x18, 0x05, 0x00, 0x64, 0x63, 0x63, 0x00, 0x00, 0x04, 0x00, 0x00,
            0x1B, 0x19, 0x06, 0x00, 0x64, 0x63, 0x63, 0x00, 0x00, 0x04, 0x00, 0x00,
            0x18, 0x1A, 0x0A, 0x00, 0x64, 0x63, 0x63, 0x00, 0x00, 0x04, 0x00, 0x00,
            0x17, 0x17, 0x09, 0x00, 0x64, 0x63, 0x63, 0x00, 0x00, 0x04, 0x00, 0x00,
            0xFE, 0x05, 0x00, 0x00, 0x00, 0x00, 0x00, 0x00, 0x00, 0x00, 0x00, 0x00,
            0x0E, 0x0C, 0x01, 0x00, 0x64, 0x63, 0x63, 0x00, 0x00, 0x04, 0x00, 0x00,
            0x0C, 0x0E, 0x01, 0x00, 0x64, 0x63, 0x63, 0x00, 0x00, 0x04, 0x00, 0x00,
            0x10, 0x0E, 0x02, 0x00, 0x64, 0x63, 0x63, 0x00, 0x00, 0x04, 0x00, 0x00,
            0x0E, 0x10, 0x05, 0x00, 0x64, 0x63, 0x63, 0x00, 0x00, 0x04, 0x00, 0x00,
            0x0D, 0x0C, 0x0A, 0x00, 0x64, 0x63, 0x63, 0x00, 0x00, 0x04, 0x00, 0x00,
            0x0C, 0x0D, 0x09, 0x00, 0x64, 0x63, 0x63, 0x00, 0x00, 0x04, 0x00, 0x00,
            0xFF, 0x00, 0x00, 0x00, 0x00, 0x00, 0x00, 0x00, 0x00, 0x00, 0x00, 0x00,
        ],
    },
    // Coral Strait: 27x17, properties {0: 8, 1: 8, 2: 8, 3: 0, 4: 0, 5: 0}
    Map {
        name: "Coral Strait",
        armies: 2,
        tab: 3,
        colours: &[1, 2],
        obelisk: false,
        ds: true,
        wasteland: false,
        tiles: &[
            0x10, 0x98, 0x03, 0x00, 0x00, 0x1B, 0x11, 0x2A, 0x00, 0x2A, 0x00, 0x2A, 0x00, 0x00, 0x2A, 0x00,
            0x2A, 0x00, 0x2A, 0x00, 0x2A, 0x00, 0x00, 0x2A, 0x00, 0x2A, 0x00, 0x2A, 0x00, 0x2A, 0x00, 0x00,
            0x2A, 0x00, 0x2A, 0x00, 0x2A, 0x00, 0x2A, 0x00, 0x00, 0x2A, 0x00, 0x2A, 0x00, 0x2A, 0x00, 0x2A,
            0x00, 0x00, 0x2A, 0x00, 0x2A, 0x00, 0x2A, 0x00, 0x2A, 0x00, 0x00, 0x2A, 0x00, 0x2A, 0x00, 0x2A,
            0x00, 0x2A, 0x00, 0x00, 0x09, 0x00, 0x6D, 0x00, 0x10, 0x00, 0x10, 0x00, 0x00, 0x10, 0x00, 0x10,
            0x00, 0x10, 0x00, 0x6E, 0x00, 0x00, 0x69, 0x00, 0x0A, 0x00, 0x0B, 0x00, 0x68, 0x01, 0x00, 0x2A,
            0x00, 0x2A, 0x00, 0x2A, 0x00, 0x2A, 0x00, 0x00, 0x2A, 0x00, 0x2A, 0x00, 0x2A, 0x00, 0x2A, 0x00,
            0x00, 0x09, 0x00, 0x6D, 0x00, 0x10, 0x00, 0x10, 0x00, 0x00, 0x10, 0x00, 0x6E, 0x00, 0x0B, 0x00,
            0x28, 0x00, 0x00, 0x01, 0x00, 0xD9, 0x01, 0x21, 0x00, 0x01, 0x00, 0x00, 0x20, 0x00, 0x21, 0x00,
            0x01, 0x00, 0x89, 0x00, 0x00, 0x02, 0x01, 0x2C, 0x00, 0x2A, 0x00, 0x2A, 0x00, 0x00, 0x2A, 0x00,
            0x2A, 0x00, 0x2A, 0x00, 0x2A, 0x00, 0x00, 0x2A, 0x00, 0x09, 0x00, 0x6D, 0x00, 0xF3, 0x00, 0x00,
            0x01, 0x00, 0x01, 0x00, 0x20, 0x00, 0x21, 0x00, 0x00, 0x01, 0x00, 0x2C, 0x00, 0x28, 0x00, 0x01,
            0x00, 0x00, 0x01, 0x00, 0x01, 0x00, 0x01, 0x00, 0x01, 0x00, 0x00, 0x01, 0x00, 0x40, 0x00, 0xC6,
            0x01, 0x63, 0x01, 0x00, 0x2C, 0x00, 0x2A, 0x00, 0x2A, 0x00, 0x2A, 0x00, 0x00, 0x2A, 0x00, 0x68,
            0x01, 0x2A, 0x00, 0x09, 0x00, 0x00, 0x29, 0x00, 0x87, 0x00, 0x21, 0x00, 0x01, 0x00, 0x00, 0x01,
            0x00, 0x01, 0x00, 0xC2, 0x01, 0x21, 0x00, 0x00, 0x2C, 0x00, 0x28, 0x00, 0x01, 0x00, 0xC7, 0x01,
            0x00, 0x03, 0x00, 0x01, 0x00, 0x01, 0x00, 0x01, 0x00, 0x00, 0x40, 0x00, 0x01, 0x00, 0x43, 0x01,
            0x2C, 0x00, 0x00, 0x2A, 0x00, 0x2A, 0x00, 0x2A, 0x00, 0x2A, 0x00, 0x00, 0x2A, 0x00, 0x2A, 0x00,
            0x28, 0x00, 0xCE, 0x01, 0x00, 0xA1, 0x00, 0x61, 0x00, 0x42, 0x00, 0xCC, 0x01, 0x00, 0x21, 0x00,
            0x01, 0x00, 0x01, 0x00, 0x2C, 0x00, 0x00, 0x28, 0x00, 0x01, 0x00, 0x01, 0x00, 0x23, 0x00, 0x00,
            0x21, 0x00, 0x01, 0x00, 0x01, 0x00, 0x40, 0x00, 0x00, 0xC6, 0x01, 0x63, 0x01, 0x2B, 0x00, 0x0A,
            0x00, 0x00, 0x0A, 0x00, 0x0A, 0x00, 0x0A, 0x00, 0x0B, 0x00, 0x00, 0x2A, 0x00, 0x8A, 0x00, 0x8B,
            0x00, 0x01, 0x00, 0x00, 0x01, 0x00, 0x40, 0x00, 0x01, 0x00, 0x01, 0x00, 0x00, 0x87, 0x00, 0x21,
            0x00, 0x2C, 0x00, 0x28, 0x00, 0x00, 0x01, 0x00, 0x43, 0x00, 0x01, 0x00, 0x87, 0x00, 0x00, 0x21,
            0x00, 0x01, 0x00, 0x40, 0x00, 0x01, 0x00, 0x00, 0x60, 0x01, 0x21, 0x01, 0x01, 0x00, 0xC2, 0x01,
            0x00, 0x21, 0x00, 0x43, 0x00, 0xB7, 0x00, 0x0B, 0x00, 0x00, 0x28, 0x00, 0x01, 0x00, 0x87, 0x00,
            0xCC, 0x01, 0x00, 0x80, 0x00, 0x01, 0x00, 0xCD, 0x01, 0x21, 0x00, 0x00, 0xB3, 0x00, 0x4C, 0x00,
            0x28, 0x00, 0x01, 0x00, 0x00, 0x23, 0x00, 0x21, 0x00, 0x01, 0x00, 0x87, 0x00, 0x00, 0x21, 0x00,
            0x40, 0x00, 0x01, 0x00, 0x4B, 0x00, 0x00, 0x49, 0x00, 0x87, 0x00, 0x21, 0x00, 0xD9, 0x01, 0x00,
            0x23, 0x00, 0x21, 0x00, 0x2C, 0x00, 0x8A, 0x00, 0x00, 0x54, 0x00, 0x01, 0x00, 0x01, 0x00, 0x40,
            0x00, 0x00, 0x01, 0x00, 0x01, 0x00, 0x01, 0x00, 0xD3, 0x00, 0x00, 0x0B, 0x00, 0x28, 0x00, 0x01,
            0x00, 0x01, 0x00, 0x00, 0x01, 0x00, 0xC5, 0x01, 0x81, 0x00, 0x61, 0x00, 0x00, 0xC0, 0x00, 0x61,
            0x00, 0x14, 0x00, 0x14, 0x00, 0x00, 0x61, 0x00, 0x61, 0x00, 0x61, 0x00, 0x61, 0x00, 0x00, 0x61,
            0x00, 0x14, 0x00, 0x14, 0x00, 0x61, 0x00, 0x00, 0xE0, 0x00, 0x61, 0x00, 0x62, 0x00, 0xCA, 0x01,
            0x00, 0x21, 0x00, 0x43, 0x00, 0x01, 0x00, 0x2C, 0x00, 0x00, 0x48, 0x00, 0xB2, 0x00, 0x01, 0x00,
            0x01, 0x00, 0x00, 0x01, 0x00, 0x40, 0x00, 0x01, 0x00, 0x01, 0x00, 0x00, 0x53, 0x00, 0x6B, 0x00,
            0x28, 0x00, 0x01, 0x00, 0x00, 0x20, 0x00, 0xD9, 0x01, 0x21, 0x00, 0x87, 0x00, 0x00, 0x2B, 0x00,
            0x29, 0x00, 0x01, 0x00, 0x40, 0x00, 0x00, 0x01, 0x00, 0x87, 0x00, 0x21, 0x00, 0x01, 0x00, 0x00,
            0x23, 0x00, 0x21, 0x00, 0x2C, 0x00, 0x09, 0x00, 0x00, 0xD2, 0x00, 0x01, 0x00, 0xC8, 0x01, 0x21,
            0x00, 0x00, 0x40, 0x00, 0xC7, 0x01, 0x86, 0x00, 0x21, 0x00, 0x00, 0x2C, 0x00, 0x48, 0x00, 0xD6,
            0x00, 0x01, 0x00, 0x00, 0x01, 0x00, 0xC2, 0x01, 0x21, 0x00, 0x20, 0x01, 0x00, 0x41, 0x01, 0x01,
            0x00, 0x40, 0x00, 0x01, 0x00, 0x00, 0x01, 0x00, 0x87, 0x00, 0x03, 0x00, 0x01, 0x00, 0x00, 0x01,
            0x00, 0x2C, 0x00, 0x28, 0x00, 0x01, 0x00, 0x00, 0x87, 0x00, 0x21, 0x00, 0x01, 0x00, 0x40, 0x00,
            0x00, 0x01, 0x00, 0x01, 0x00, 0x6A, 0x00, 0x6B, 0x00, 0x00, 0x2A, 0x00, 0x48, 0x00, 0x4A, 0x00,
            0x4A, 0x00, 0x00, 0x4A, 0x00, 0x4A, 0x00, 0x49, 0x00, 0x63, 0x01, 0x00, 0xCB, 0x01, 0x80, 0x00,
            0x01, 0x00, 0x01, 0x00, 0x00, 0x01, 0x00, 0x23, 0x00, 0x21, 0x00, 0x01, 0x00, 0x00, 0x2C, 0x00,
            0x28, 0x00, 0x01, 0x00, 0x01, 0x00, 0x00, 0x01, 0x00, 0xC7, 0x01, 0xA0, 0x00, 0x61, 0x00, 0x00,
            0x61, 0x00, 0xC9, 0x01, 0x2C, 0x00, 0x2A, 0x00, 0x00, 0x2A, 0x00, 0x2A, 0x00, 0x2A, 0x00, 0x2A,
            0x00, 0x00, 0x2A, 0x00, 0x28, 0x00, 0x43, 0x01, 0x01, 0x00, 0x00, 0x40, 0x00, 0x01, 0x00, 0x01,
            0x00, 0x01, 0x00, 0x00, 0x01, 0x00, 0xCC, 0x01, 0x21, 0x00, 0x2C, 0x00, 0x00, 0x28, 0x00, 0x01,
            0x00, 0xC2, 0x01, 0x03, 0x00, 0x00, 0x01, 0x00, 0x01, 0x00, 0x01, 0x00, 0x87, 0x00, 0x00, 0x4B,
            0x00, 0x4C, 0x00, 0x2A, 0x00, 0x68, 0x01, 0x00, 0x2A, 0x00, 0x2A, 0x00, 0x2A, 0x00, 0x2A, 0x00,
            0x00, 0x28, 0x00, 0x63, 0x01, 0xCB, 0x01, 0x80, 0x00, 0x00, 0x01, 0x00, 0x43, 0x00, 0x01, 0x00,
            0x01, 0x00, 0x00, 0x01, 0x00, 0x01, 0x00, 0x2C, 0x00, 0x28, 0x00, 0x00, 0x01, 0x00, 0x01, 0x00,
            0x23, 0x00, 0x21, 0x00, 0x00, 0x01, 0x00, 0x12, 0x01, 0xCE, 0x00, 0x4C, 0x00, 0x00, 0x2A, 0x00,
            0x2A, 0x00, 0x2A, 0x00, 0x2A, 0x00, 0x00, 0x2A, 0x00, 0x2A, 0x00, 0x2A, 0x00, 0x28, 0x00, 0x00,
            0x03, 0x01, 0x68, 0x00, 0x01, 0x00, 0x01, 0x00, 0x00, 0x23, 0x00, 0x21, 0x00, 0x01, 0x00, 0xD9,
            0x01, 0x00, 0x21, 0x00, 0x2C, 0x00, 0x48, 0x00, 0xCD, 0x00, 0x00, 0x50, 0x00, 0x50, 0x00, 0x50,
            0x00, 0xCE, 0x00, 0x00, 0x4C, 0x00, 0x2A, 0x00, 0x2A, 0x00, 0x2A, 0x00, 0x00, 0x2A, 0x00, 0x2A,
            0x00, 0x2A, 0x00, 0x2A, 0x00, 0x00, 0x2A, 0x00, 0x68, 0x01, 0x48, 0x00, 0x4A, 0x00, 0x00, 0x88,
            0x00, 0xCD, 0x00, 0x50, 0x00, 0x50, 0x00, 0x00, 0x50, 0x00, 0x50, 0x00, 0x50, 0x00, 0xCE, 0x00,
            0x00, 0x4C, 0x00, 0x2A, 0x00, 0x2A, 0x00, 0x2A, 0x00, 0x00, 0x2A, 0x00, 0x2A, 0x00, 0x2A, 0x00,
            0x2A, 0x00, 0x00, 0x2A, 0x00, 0x2A, 0x00, 0x2A, 0x00, 0x2A, 0x00, 0x00, 0x2A, 0x00, 0x2A, 0x00,
            0x2A, 0x00, 0x2A, 0x00, 0x00, 0x2A, 0x00, 0x2A, 0x00, 0x2A, 0x00, 0x2A, 0x00, 0x00, 0x2A, 0x00,
            0x2A, 0x00, 0x2A, 0x00, 0x2A, 0x00, 0x00, 0x2A, 0x00, 0x2A, 0x00, 0x2A, 0x00, 0x2A, 0x00, 0x00,
        ],
        units: &[
            0xFE, 0x01, 0x00, 0x00, 0x00, 0x00, 0x00, 0x00, 0x00, 0x00, 0x00, 0x00,
            0x04, 0x07, 0x01, 0x00, 0x64, 0x63, 0x63, 0x00, 0x00, 0x04, 0x00, 0x00,
            0x03, 0x08, 0x01, 0x00, 0x64, 0x63, 0x63, 0x00, 0x00, 0x04, 0x00, 0x00,
            0x04, 0x09, 0x02, 0x00, 0x64, 0x63, 0x63, 0x00, 0x00, 0x04, 0x00, 0x00,
            0x04, 0x06, 0x06, 0x00, 0x64, 0x63, 0x63, 0x00, 0x00, 0x04, 0x00, 0x00,
            0x09, 0x06, 0x09, 0x00, 0x64, 0x63, 0x63, 0x00, 0x00, 0x04, 0x00, 0x00,
            0x08, 0x0D, 0x17, 0x00, 0x64, 0x63, 0x63, 0x00, 0x00, 0x04, 0x00, 0x00,
            0x08, 0x0B, 0x16, 0x00, 0x64, 0x63, 0x63, 0x00, 0x00, 0x04, 0x00, 0x00,
            0xFE, 0x02, 0x00, 0x00, 0x00, 0x00, 0x00, 0x00, 0x00, 0x00, 0x00, 0x00,
            0x16, 0x07, 0x01, 0x00, 0x64, 0x63, 0x63, 0x00, 0x00, 0x04, 0x00, 0x00,
            0x17, 0x08, 0x01, 0x00, 0x64, 0x63, 0x63, 0x00, 0x00, 0x04, 0x00, 0x00,
            0x16, 0x09, 0x02, 0x00, 0x64, 0x63, 0x63, 0x00, 0x00, 0x04, 0x00, 0x00,
            0x16, 0x06, 0x06, 0x00, 0x64, 0x63, 0x63, 0x00, 0x00, 0x04, 0x00, 0x00,
            0x11, 0x0A, 0x09, 0x00, 0x64, 0x63, 0x63, 0x00, 0x00, 0x04, 0x00, 0x00,
            0x12, 0x05, 0x17, 0x00, 0x64, 0x63, 0x63, 0x00, 0x00, 0x04, 0x00, 0x00,
            0x12, 0x03, 0x16, 0x00, 0x64, 0x63, 0x63, 0x00, 0x00, 0x04, 0x00, 0x00,
            0xFF, 0x00, 0x00, 0x00, 0x00, 0x00, 0x00, 0x00, 0x00, 0x00, 0x00, 0x00,
        ],
    },
    // Trident Isles: 29x20, properties {0: 8, 1: 9, 2: 9, 3: 9, 4: 0, 5: 0}
    Map {
        name: "Trident Isles",
        armies: 3,
        tab: 5,
        colours: &[1, 2, 3],
        obelisk: false,
        ds: true,
        wasteland: false,
        tiles: &[
            0x10, 0x8A, 0x04, 0x00, 0x00, 0x1D, 0x14, 0x2A, 0x00, 0x2A, 0x00, 0x2A, 0x00, 0x00, 0x2A, 0x00,
            0x2A, 0x00, 0x2A, 0x00, 0x2A, 0x00, 0x00, 0x2A, 0x00, 0x2A, 0x00, 0x2A, 0x00, 0x2A, 0x00, 0x00,
            0x2A, 0x00, 0x2A, 0x00, 0x2A, 0x00, 0x2A, 0x00, 0x00, 0x2A, 0x00, 0x2A, 0x00, 0x2A, 0x00, 0x2A,
            0x00, 0x00, 0x2A, 0x00, 0x2A, 0x00, 0x2A, 0x00, 0x2A, 0x00, 0x00, 0x2A, 0x00, 0x2A, 0x00, 0x2A,
            0x00, 0x2A, 0x00, 0x00, 0x2A, 0x00, 0x2A, 0x00, 0x09, 0x00, 0x0A, 0x00, 0x00, 0x6D, 0x00, 0x10,
            0x00, 0x10, 0x00, 0x10, 0x00, 0x00, 0x6E, 0x00, 0x0A, 0x00, 0x0A, 0x00, 0x0B, 0x00, 0x00, 0x2A,
            0x00, 0x68, 0x01, 0x2A, 0x00, 0x2A, 0x00, 0x00, 0x2A, 0x00, 0x2A, 0x00, 0x2A, 0x00, 0x68, 0x01,
            0x00, 0x2A, 0x00, 0x09, 0x00, 0x0A, 0x00, 0x0A, 0x00, 0x00, 0x6D, 0x00, 0x10, 0x00, 0x10, 0x00,
            0x10, 0x00, 0x00, 0x6E, 0x00, 0x0A, 0x00, 0x0B, 0x00, 0x28, 0x00, 0x00, 0x01, 0x00, 0xC7, 0x01,
            0x03, 0x00, 0x01, 0x00, 0x00, 0x87, 0x00, 0x21, 0x00, 0x01, 0x00, 0xC9, 0x01, 0x00, 0x2C, 0x00,
            0x2A, 0x00, 0x2A, 0x00, 0x2A, 0x00, 0x00, 0x2A, 0x00, 0x2A, 0x00, 0x2A, 0x00, 0x2A, 0x00, 0x00,
            0x2A, 0x00, 0x2A, 0x00, 0x28, 0x00, 0xCE, 0x01, 0x00, 0x21, 0x00, 0x01, 0x00, 0x87, 0x00, 0x21,
            0x00, 0x00, 0x43, 0x00, 0xCC, 0x01, 0x21, 0x00, 0x2C, 0x00, 0x00, 0x28, 0x00, 0x01, 0x00, 0x01,
            0x00, 0x23, 0x00, 0x00, 0x21, 0x00, 0x01, 0x00, 0x01, 0x00, 0xC7, 0x01, 0x00, 0x21, 0x00, 0x2C,
            0x00, 0x2A, 0x00, 0x09, 0x00, 0x00, 0x8F, 0x00, 0x0A, 0x00, 0x0A, 0x00, 0x0A, 0x00, 0x00, 0x8F,
            0x00, 0x0B, 0x00, 0x2A, 0x00, 0x28, 0x00, 0x00, 0x01, 0x00, 0xCC, 0x01, 0x21, 0x00, 0x01, 0x00,
            0x00, 0x01, 0x00, 0x23, 0x00, 0x21, 0x00, 0x01, 0x00, 0x00, 0x2C, 0x00, 0x28, 0x00, 0x01, 0x00,
            0xC8, 0x01, 0x00, 0x21, 0x00, 0xC5, 0x01, 0xA1, 0x00, 0x61, 0x00, 0x00, 0x42, 0x00, 0x53, 0x00,
            0x09, 0x01, 0x0A, 0x00, 0x00, 0x29, 0x00, 0x01, 0x00, 0xC2, 0x01, 0xD9, 0x01, 0x00, 0xC2, 0x01,
            0x21, 0x00, 0x2B, 0x00, 0x0A, 0x00, 0x00, 0x08, 0x01, 0x54, 0x00, 0x41, 0x00, 0x61, 0x00, 0x00,
            0x61, 0x00, 0xCA, 0x01, 0x21, 0x00, 0xCD, 0x01, 0x00, 0x21, 0x00, 0x2C, 0x00, 0x28, 0x00, 0x01,
            0x00, 0x00, 0x43, 0x00, 0x87, 0x00, 0x21, 0x00, 0x01, 0x00, 0x00, 0x01, 0x00, 0x40, 0x00, 0xC6,
            0x01, 0x62, 0x01, 0x00, 0x42, 0x01, 0x21, 0x01, 0x01, 0x00, 0x01, 0x00, 0x00, 0x43, 0x00, 0x01,
            0x00, 0x01, 0x00, 0x20, 0x01, 0x00, 0x42, 0x01, 0x62, 0x01, 0xCB, 0x01, 0x80, 0x00, 0x00, 0x01,
            0x00, 0x01, 0x00, 0x01, 0x00, 0x87, 0x00, 0x00, 0x03, 0x00, 0x01, 0x00, 0x2C, 0x00, 0x28, 0x00,
            0x00, 0x01, 0x00, 0x23, 0x00, 0x21, 0x00, 0x01, 0x00, 0x00, 0xC7, 0x01, 0x21, 0x00, 0x40, 0x00,
            0x01, 0x00, 0x00, 0x4B, 0x00, 0x4A, 0x00, 0x49, 0x00, 0x87, 0x00, 0x00, 0x21, 0x00, 0x23, 0x00,
            0x21, 0x00, 0x87, 0x00, 0x00, 0x4B, 0x00, 0x4A, 0x00, 0x49, 0x00, 0x01, 0x00, 0x00, 0x40, 0x00,
            0x01, 0x00, 0xCC, 0x01, 0x21, 0x00, 0x00, 0x01, 0x00, 0x23, 0x00, 0x21, 0x00, 0x2C, 0x00, 0x00,
            0x48, 0x00, 0x49, 0x00, 0x01, 0x00, 0xC7, 0x01, 0x00, 0xC6, 0x01, 0xA1, 0x00, 0x61, 0x00, 0x62,
            0x00, 0x00, 0x01, 0x00, 0x2C, 0x00, 0x2A, 0x00, 0x28, 0x00, 0x00, 0x01, 0x00, 0x01, 0x00, 0x01,
            0x00, 0x01, 0x00, 0x00, 0x01, 0x00, 0x2C, 0x00, 0x2A, 0x00, 0x28, 0x00, 0x00, 0x01, 0x00, 0x60,
            0x00, 0x61, 0x00, 0x61, 0x00, 0x00, 0xCB, 0x01, 0xCC, 0x01, 0x21, 0x00, 0x4B, 0x00, 0x00, 0x4C,
            0x00, 0x2A, 0x00, 0x48, 0x00, 0x4A, 0x00, 0x00, 0xCD, 0x00, 0x50, 0x00, 0x50, 0x00, 0xCE, 0x00,
            0x00, 0x4A, 0x00, 0xEF, 0x00, 0x4C, 0x00, 0x2A, 0x00, 0x00, 0x28, 0x00, 0xD9, 0x01, 0x21, 0x00,
            0xC2, 0x01, 0x00, 0x21, 0x00, 0xD9, 0x01, 0x2C, 0x00, 0x2A, 0x00, 0x00, 0x48, 0x00, 0xEF, 0x00,
            0x4A, 0x00, 0xCD, 0x00, 0x00, 0x50, 0x00, 0x50, 0x00, 0xCE, 0x00, 0x4A, 0x00, 0x00, 0x4C, 0x00,
            0x2A, 0x00, 0x2A, 0x00, 0x2A, 0x00, 0x00, 0x2A, 0x00, 0x2A, 0x00, 0x2A, 0x00, 0x2A, 0x00, 0x00,
            0x2A, 0x00, 0x2A, 0x00, 0x2A, 0x00, 0x2A, 0x00, 0x00, 0x2A, 0x00, 0x48, 0x00, 0xEF, 0x00, 0x49,
            0x00, 0x00, 0x02, 0x01, 0x4B, 0x00, 0xEF, 0x00, 0x4C, 0x00, 0x00, 0x2A, 0x00, 0x2A, 0x00, 0x2A,
            0x00, 0x2A, 0x00, 0x00, 0x2A, 0x00, 0x2A, 0x00, 0x2A, 0x00, 0x2A, 0x00, 0x00, 0x2A, 0x00, 0x2A,
            0x00, 0x2A, 0x00, 0x2A, 0x00, 0x00, 0x2A, 0x00, 0x2A, 0x00, 0x68, 0x01, 0x2A, 0x00, 0x00, 0x2A,
            0x00, 0x2A, 0x00, 0x2A, 0x00, 0x2A, 0x00, 0x00, 0x2A, 0x00, 0x2A, 0x00, 0x2A, 0x00, 0x2A, 0x00,
            0x00, 0x28, 0x00, 0x43, 0x01, 0x2C, 0x00, 0x2A, 0x00, 0x00, 0x2A, 0x00, 0x2A, 0x00, 0x2A, 0x00,
            0x2A, 0x00, 0x00, 0x2A, 0x00, 0x2A, 0x00, 0x2A, 0x00, 0x2A, 0x00, 0x00, 0x68, 0x01, 0x2A, 0x00,
            0x2A, 0x00, 0x2A, 0x00, 0x00, 0x2A, 0x00, 0x2A, 0x00, 0x2A, 0x00, 0x2A, 0x00, 0x00, 0x2A, 0x00,
            0x2A, 0x00, 0x2A, 0x00, 0x2A, 0x00, 0x00, 0x09, 0x00, 0x0A, 0x00, 0x6D, 0x00, 0x6E, 0x00, 0x00,
            0x0A, 0x00, 0x29, 0x00, 0x43, 0x01, 0x2B, 0x00, 0x00, 0x0A, 0x00, 0x6D, 0x00, 0x6E, 0x00, 0x0A,
            0x00, 0x00, 0x0B, 0x00, 0x2A, 0x00, 0x2A, 0x00, 0x2A, 0x00, 0x00, 0x2A, 0x00, 0x2A, 0x00, 0x2A,
            0x00, 0x2A, 0x00, 0x00, 0x2A, 0x00, 0x2A, 0x00, 0x2A, 0x00, 0x2A, 0x00, 0x00, 0x2A, 0x00, 0x2A,
            0x00, 0x2A, 0x00, 0x2A, 0x00, 0x00, 0x2A, 0x00, 0x28, 0x00, 0x01, 0x00, 0xC2, 0x01, 0x00, 0x21,
            0x00, 0x01, 0x00, 0xD1, 0x01, 0x63, 0x01, 0x00, 0xD1, 0x01, 0x21, 0x00, 0x01, 0x00, 0xC2, 0x01,
            0x00, 0x21, 0x00, 0x2C, 0x00, 0x2A, 0x00, 0x2A, 0x00, 0x00, 0x2A, 0x00, 0x2A, 0x00, 0x2A, 0x00,
            0x2A, 0x00, 0x00, 0x2A, 0x00, 0x2A, 0x00, 0x2A, 0x00, 0x2A, 0x00, 0x00, 0x2A, 0x00, 0x2A, 0x00,
            0x2A, 0x00, 0x2A, 0x00, 0x00, 0x2A, 0x00, 0x2A, 0x00, 0x8A, 0x00, 0x54, 0x00, 0x00, 0x01, 0x00,
            0x87, 0x00, 0x21, 0x00, 0x40, 0x00, 0x00, 0xD0, 0x01, 0x80, 0x00, 0x01, 0x00, 0x87, 0x00, 0x00,
            0x21, 0x00, 0x53, 0x00, 0x6B, 0x00, 0x2A, 0x00, 0x00, 0x2A, 0x00, 0x2A, 0x00, 0x2A, 0x00, 0x2A,
            0x00, 0x00, 0x2A, 0x00, 0x2A, 0x00, 0x2A, 0x00, 0x2A, 0x00, 0x00, 0x2A, 0x00, 0x2A, 0x00, 0x2A,
            0x00, 0x2A, 0x00, 0x00, 0x2A, 0x00, 0x2A, 0x00, 0x2A, 0x00, 0x28, 0x00, 0x00, 0x43, 0x00, 0xD1,
            0x01, 0x21, 0x00, 0x61, 0x00, 0x00, 0xC0, 0x00, 0x61, 0x00, 0xC0, 0x00, 0x61, 0x00, 0x00, 0x01,
            0x00, 0xD1, 0x01, 0x03, 0x00, 0x2C, 0x00, 0x00, 0x2A, 0x00, 0x2A, 0x00, 0x2A, 0x00, 0x2A, 0x00,
            0x00, 0x2A, 0x00, 0x2A, 0x00, 0x2A, 0x00, 0x2A, 0x00, 0x00, 0x2A, 0x00, 0x2A, 0x00, 0x2A, 0x00,
            0x2A, 0x00, 0x00, 0x2A, 0x00, 0x2A, 0x00, 0x2A, 0x00, 0x2A, 0x00, 0x00, 0x28, 0x00, 0x23, 0x00,
            0x21, 0x00, 0x01, 0x00, 0x00, 0x01, 0x00, 0x01, 0x00, 0xCF, 0x01, 0x21, 0x00, 0x00, 0x01, 0x00,
            0x01, 0x00, 0x01, 0x00, 0x23, 0x00, 0x00, 0x2C, 0x00, 0x2A, 0x00, 0x2A, 0x00, 0x2A, 0x00, 0x00,
            0x2A, 0x00, 0x2A, 0x00, 0x2A, 0x00, 0x2A, 0x00, 0x00, 0x2A, 0x00, 0x2A, 0x00, 0x2A, 0x00, 0x2A,
            0x00, 0x00, 0x2A, 0x00, 0x2A, 0x00, 0x2A, 0x00, 0x2A, 0x00, 0x00, 0x2A, 0x00, 0x48, 0x00, 0x49,
            0x00, 0x01, 0x00, 0x00, 0x87, 0x00, 0x21, 0x00, 0x01, 0x00, 0xD0, 0x01, 0x00, 0x21, 0x00, 0x01,
            0x00, 0x87, 0x00, 0x21, 0x00, 0x00, 0x4B, 0x00, 0x4C, 0x00, 0x2A, 0x00, 0x2A, 0x00, 0x00, 0x2A,
            0x00, 0x2A, 0x00, 0x2A, 0x00, 0x2A, 0x00, 0x00, 0x2A, 0x00, 0x2A, 0x00, 0x2A, 0x00, 0x2A, 0x00,
            0x00, 0x2A, 0x00, 0x2A, 0x00, 0x2A, 0x00, 0x2A, 0x00, 0x00, 0x2A, 0x00, 0x2A, 0x00, 0x2A, 0x00,
            0x48, 0x00, 0x00, 0x49, 0x00, 0x01, 0x00, 0x01, 0x00, 0x01, 0x00, 0x00, 0xD2, 0x01, 0x21, 0x00,
            0x01, 0x00, 0x01, 0x00, 0x00, 0x4B, 0x00, 0x4C, 0x00, 0x2A, 0x00, 0x2A, 0x00, 0x00, 0x2A, 0x00,
            0x2A, 0x00, 0x2A, 0x00, 0x2A, 0x00, 0x00, 0x2A, 0x00, 0x2A, 0x00, 0x2A, 0x00, 0x2A, 0x00, 0x00,
            0x2A, 0x00, 0x2A, 0x00, 0x2A, 0x00, 0x2A, 0x00, 0x00, 0x2A, 0x00, 0x2A, 0x00, 0x2A, 0x00, 0x2A,
            0x00, 0x00, 0x2A, 0x00, 0x48, 0x00, 0x4A, 0x00, 0xCD, 0x00, 0x00, 0x13, 0x01, 0xD3, 0x01, 0x12,
            0x01, 0xCE, 0x00, 0x00, 0x4A, 0x00, 0x4C, 0x00, 0x2A, 0x00, 0x2A, 0x00, 0x00, 0x2A, 0x00, 0x2A,
            0x00, 0x2A, 0x00, 0x2A, 0x00, 0x00, 0x2A, 0x00, 0x2A, 0x00, 0x2A, 0x00, 0x2A, 0x00, 0x00, 0x2A,
            0x00, 0x2A, 0x00, 0x2A, 0x00, 0x2A, 0x00, 0x00, 0x2A, 0x00, 0x2A, 0x00, 0x2A, 0x00, 0x2A, 0x00,
            0x00, 0x2A, 0x00, 0x2A, 0x00, 0x68, 0x01, 0x2A, 0x00, 0x00, 0x2A, 0x00, 0x48, 0x00, 0x4A, 0x00,
            0x4C, 0x00, 0x00, 0x2A, 0x00, 0x2A, 0x00, 0x68, 0x01, 0x2A, 0x00, 0x00, 0x2A, 0x00, 0x2A, 0x00,
            0x2A, 0x00, 0x2A, 0x00, 0x00, 0x2A, 0x00, 0x2A, 0x00, 0x2A, 0x00, 0x2A, 0x00, 0x00, 0x2A, 0x00,
        ],
        units: &[
            0xFE, 0x01, 0x00, 0x00, 0x00, 0x00, 0x00, 0x00, 0x00, 0x00, 0x00, 0x00,
            0x04, 0x03, 0x01, 0x00, 0x64, 0x63, 0x63, 0x00, 0x00, 0x04, 0x00, 0x00,
            0x03, 0x04, 0x01, 0x00, 0x64, 0x63, 0x63, 0x00, 0x00, 0x04, 0x00, 0x00,
            0x04, 0x05, 0x02, 0x00, 0x64, 0x63, 0x63, 0x00, 0x00, 0x04, 0x00, 0x00,
            0x04, 0x02, 0x06, 0x00, 0x64, 0x63, 0x63, 0x00, 0x00, 0x04, 0x00, 0x00,
            0x0A, 0x05, 0x09, 0x00, 0x64, 0x63, 0x63, 0x00, 0x00, 0x04, 0x00, 0x00,
            0x08, 0x01, 0x17, 0x00, 0x64, 0x63, 0x63, 0x00, 0x00, 0x04, 0x00, 0x00,
            0x09, 0x02, 0x16, 0x00, 0x64, 0x63, 0x63, 0x00, 0x00, 0x04, 0x00, 0x00,
            0xFE, 0x02, 0x00, 0x00, 0x00, 0x00, 0x00, 0x00, 0x00, 0x00, 0x00, 0x00,
            0x18, 0x03, 0x01, 0x00, 0x64, 0x63, 0x63, 0x00, 0x00, 0x04, 0x00, 0x00,
            0x19, 0x04, 0x01, 0x00, 0x64, 0x63, 0x63, 0x00, 0x00, 0x04, 0x00, 0x00,
            0x18, 0x05, 0x02, 0x00, 0x64, 0x63, 0x63, 0x00, 0x00, 0x04, 0x00, 0x00,
            0x18, 0x02, 0x06, 0x00, 0x64, 0x63, 0x63, 0x00, 0x00, 0x04, 0x00, 0x00,
            0x12, 0x05, 0x09, 0x00, 0x64, 0x63, 0x63, 0x00, 0x00, 0x04, 0x00, 0x00,
            0x14, 0x01, 0x17, 0x00, 0x64, 0x63, 0x63, 0x00, 0x00, 0x04, 0x00, 0x00,
            0x13, 0x02, 0x16, 0x00, 0x64, 0x63, 0x63, 0x00, 0x00, 0x04, 0x00, 0x00,
            0xFE, 0x03, 0x00, 0x00, 0x00, 0x00, 0x00, 0x00, 0x00, 0x00, 0x00, 0x00,
            0x0D, 0x0F, 0x01, 0x00, 0x64, 0x63, 0x63, 0x00, 0x00, 0x04, 0x00, 0x00,
            0x0F, 0x0F, 0x01, 0x00, 0x64, 0x63, 0x63, 0x00, 0x00, 0x04, 0x00, 0x00,
            0x0C, 0x0F, 0x02, 0x00, 0x64, 0x63, 0x63, 0x00, 0x00, 0x04, 0x00, 0x00,
            0x10, 0x0F, 0x06, 0x00, 0x64, 0x63, 0x63, 0x00, 0x00, 0x04, 0x00, 0x00,
            0x0E, 0x0B, 0x09, 0x00, 0x64, 0x63, 0x63, 0x00, 0x00, 0x04, 0x00, 0x00,
            0x0E, 0x13, 0x17, 0x00, 0x64, 0x63, 0x63, 0x00, 0x00, 0x04, 0x00, 0x00,
            0x0F, 0x13, 0x16, 0x00, 0x64, 0x63, 0x63, 0x00, 0x00, 0x04, 0x00, 0x00,
            0xFF, 0x00, 0x00, 0x00, 0x00, 0x00, 0x00, 0x00, 0x00, 0x00, 0x00, 0x00,
        ],
    },
    // Harbor Cross: 29x29, properties {0: 8, 1: 8, 2: 8, 3: 8, 4: 8, 5: 0}
    Map {
        name: "Harbor Cross",
        armies: 4,
        tab: 6,
        colours: &[1, 2, 3, 4],
        obelisk: false,
        ds: true,
        wasteland: false,
        tiles: &[
            0x10, 0x94, 0x06, 0x00, 0x00, 0x1D, 0x1D, 0x09, 0x00, 0x0A, 0x00, 0x0A, 0x00, 0x00, 0x0A, 0x00,
            0x0A, 0x00, 0x0A, 0x00, 0x0A, 0x00, 0x00, 0x0A, 0x00, 0x0A, 0x00, 0x0B, 0x00, 0x2A, 0x00, 0x00,
            0x2A, 0x00, 0x2A, 0x00, 0x2A, 0x00, 0x2A, 0x00, 0x00, 0x2A, 0x00, 0x2A, 0x00, 0x2A, 0x00, 0x2A,
            0x00, 0x00, 0x09, 0x00, 0x0A, 0x00, 0x0A, 0x00, 0x0A, 0x00, 0x00, 0x0A, 0x00, 0x0A, 0x00, 0x0A,
            0x00, 0x0A, 0x00, 0x00, 0x0A, 0x00, 0x0B, 0x00, 0x28, 0x00, 0x01, 0x00, 0x00, 0x87, 0x00, 0x21,
            0x00, 0x01, 0x00, 0x01, 0x00, 0x00, 0x20, 0x00, 0x21, 0x00, 0x01, 0x00, 0x2C, 0x00, 0x00, 0x2A,
            0x00, 0x2A, 0x00, 0x2A, 0x00, 0x2A, 0x00, 0x00, 0x2A, 0x00, 0x2A, 0x00, 0x2A, 0x00, 0x2A, 0x00,
            0x00, 0x2A, 0x00, 0x28, 0x00, 0x01, 0x00, 0x01, 0x00, 0x00, 0x20, 0x00, 0x21, 0x00, 0x01, 0x00,
            0x01, 0x00, 0x00, 0x87, 0x00, 0x21, 0x00, 0x2C, 0x00, 0x28, 0x00, 0x00, 0x01, 0x00, 0xC7, 0x01,
            0x21, 0x00, 0x01, 0x00, 0x00, 0x87, 0x00, 0x21, 0x00, 0x01, 0x00, 0x01, 0x00, 0x00, 0x2C, 0x00,
            0x2A, 0x00, 0x68, 0x01, 0x2A, 0x00, 0x00, 0x2A, 0x00, 0x2A, 0x00, 0x2A, 0x00, 0x2A, 0x00, 0x00,
            0x68, 0x01, 0x2A, 0x00, 0x28, 0x00, 0x01, 0x00, 0x00, 0x01, 0x00, 0x01, 0x00, 0x87, 0x00, 0x21,
            0x00, 0x00, 0x01, 0x00, 0xCC, 0x01, 0x21, 0x00, 0x2C, 0x00, 0x00, 0x28, 0x00, 0x01, 0x00, 0x01,
            0x00, 0x01, 0x00, 0x00, 0x01, 0x00, 0x01, 0x00, 0x01, 0x00, 0xC7, 0x01, 0x00, 0x21, 0x00, 0x2C,
            0x00, 0x2A, 0x00, 0x2A, 0x00, 0x00, 0x2A, 0x00, 0x2A, 0x00, 0x2A, 0x00, 0x2A, 0x00, 0x00, 0x2A,
            0x00, 0x2A, 0x00, 0x2A, 0x00, 0x28, 0x00, 0x00, 0x01, 0x00, 0xCC, 0x01, 0x21, 0x00, 0x01, 0x00,
            0x00, 0x01, 0x00, 0x01, 0x00, 0x01, 0x00, 0x01, 0x00, 0x00, 0x2C, 0x00, 0x28, 0x00, 0x01, 0x00,
            0xC8, 0x01, 0x00, 0x21, 0x00, 0xC5, 0x01, 0xA1, 0x00, 0x61, 0x00, 0x00, 0x42, 0x00, 0xC9, 0x01,
            0x2C, 0x00, 0x2A, 0x00, 0x00, 0x2A, 0x00, 0x2A, 0x00, 0x2A, 0x00, 0x2A, 0x00, 0x00, 0x2A, 0x00,
            0x2A, 0x00, 0x2A, 0x00, 0x2A, 0x00, 0x00, 0x28, 0x00, 0xCE, 0x01, 0x81, 0x00, 0x61, 0x00, 0x00,
            0x61, 0x00, 0xCA, 0x01, 0x21, 0x00, 0xCD, 0x01, 0x00, 0x21, 0x00, 0x2C, 0x00, 0x28, 0x00, 0x01,
            0x00, 0x00, 0x43, 0x00, 0x01, 0x00, 0x40, 0x00, 0x01, 0x00, 0x00, 0x01, 0x00, 0x40, 0x00, 0x53,
            0x00, 0x6B, 0x00, 0x00, 0x2A, 0x00, 0x2A, 0x00, 0x2A, 0x00, 0x2A, 0x00, 0x00, 0x2A, 0x00, 0x2A,
            0x00, 0x2A, 0x00, 0x2A, 0x00, 0x00, 0x2A, 0x00, 0x8A, 0x00, 0x54, 0x00, 0x40, 0x00, 0x00, 0x01,
            0x00, 0x01, 0x00, 0x40, 0x00, 0x01, 0x00, 0x00, 0x43, 0x00, 0x01, 0x00, 0x2C, 0x00, 0x28, 0x00,
            0x00, 0x01, 0x00, 0x23, 0x00, 0x21, 0x00, 0x40, 0x00, 0x00, 0x01, 0x00, 0x01, 0x00, 0x40, 0x00,
            0x20, 0x00, 0x00, 0x2C, 0x00, 0x2A, 0x00, 0x2A, 0x00, 0x2A, 0x00, 0x00, 0x2A, 0x00, 0x2A, 0x00,
            0x2A, 0x00, 0x2A, 0x00, 0x00, 0x2A, 0x00, 0x2A, 0x00, 0x28, 0x00, 0x20, 0x00, 0x00, 0x80, 0x00,
            0x01, 0x00, 0x01, 0x00, 0x40, 0x00, 0x00, 0x01, 0x00, 0x23, 0x00, 0x21, 0x00, 0x2C, 0x00, 0x00,
            0x28, 0x00, 0x01, 0x00, 0x87, 0x00, 0x21, 0x00, 0x00, 0xC6, 0x01, 0x21, 0x00, 0xC7, 0x01, 0x80,
            0x00, 0x00, 0x01, 0x00, 0x2B, 0x00, 0x0A, 0x00, 0x0A, 0x00, 0x00, 0x0B, 0x00, 0x2A, 0x00, 0x2A,
            0x00, 0x2A, 0x00, 0x00, 0x09, 0x00, 0x0A, 0x00, 0x0A, 0x00, 0x29, 0x00, 0x00, 0x01, 0x00, 0x40,
            0x00, 0xCC, 0x01, 0x21, 0x00, 0x00, 0xCB, 0x01, 0x21, 0x00, 0x87, 0x00, 0x21, 0x00, 0x00, 0x2C,
            0x00, 0x48, 0x00, 0xCD, 0x00, 0x50, 0x00, 0x00, 0x50, 0x00, 0x50, 0x00, 0x50, 0x00, 0x13, 0x01,
            0x00, 0x40, 0x00, 0xC6, 0x01, 0x62, 0x01, 0x42, 0x01, 0x00, 0x41, 0x01, 0x2C, 0x00, 0x2A, 0x00,
            0x2A, 0x00, 0x00, 0x2A, 0x00, 0x28, 0x00, 0x40, 0x01, 0x42, 0x01, 0x00, 0x62, 0x01, 0xCB, 0x01,
            0x80, 0x00, 0x12, 0x01, 0x00, 0x50, 0x00, 0x50, 0x00, 0x50, 0x00, 0x50, 0x00, 0x00, 0xCE, 0x00,
            0x4C, 0x00, 0x2A, 0x00, 0x2A, 0x00, 0x00, 0x2A, 0x00, 0x2A, 0x00, 0x2A, 0x00, 0x2A, 0x00, 0x00,
            0x48, 0x00, 0x4A, 0x00, 0x4A, 0x00, 0x4A, 0x00, 0x00, 0x49, 0x00, 0x43, 0x01, 0x2C, 0x00, 0x2A,
            0x00, 0x00, 0x2A, 0x00, 0x2A, 0x00, 0x28, 0x00, 0x43, 0x01, 0x00, 0x4B, 0x00, 0x4A, 0x00, 0x4A,
            0x00, 0x4A, 0x00, 0x00, 0x4C, 0x00, 0x2A, 0x00, 0x2A, 0x00, 0x2A, 0x00, 0x00, 0x2A, 0x00, 0x2A,
            0x00, 0x2A, 0x00, 0x2A, 0x00, 0x00, 0x2A, 0x00, 0x2A, 0x00, 0x68, 0x01, 0x2A, 0x00, 0x00, 0x2A,
            0x00, 0x2A, 0x00, 0x2A, 0x00, 0x2A, 0x00, 0x00, 0x2A, 0x00, 0x28, 0x00, 0x03, 0x01, 0x2B, 0x00,
            0x00, 0x0A, 0x00, 0x8F, 0x00, 0x0A, 0x00, 0x29, 0x00, 0x00, 0x03, 0x01, 0x2C, 0x00, 0x2A, 0x00,
            0x2A, 0x00, 0x00, 0x2A, 0x00, 0x2A, 0x00, 0x2A, 0x00, 0x2A, 0x00, 0x00, 0x68, 0x01, 0x2A, 0x00,
            0x2A, 0x00, 0x2A, 0x00, 0x00, 0x2A, 0x00, 0x2A, 0x00, 0x2A, 0x00, 0x2A, 0x00, 0x00, 0x2A, 0x00,
            0x2A, 0x00, 0x2A, 0x00, 0x2A, 0x00, 0x00, 0x2A, 0x00, 0x2A, 0x00, 0x8A, 0x00, 0x54, 0x00, 0x00,
            0xC2, 0x01, 0x21, 0x00, 0x40, 0x00, 0x01, 0x00, 0x00, 0xC2, 0x01, 0x53, 0x00, 0x6B, 0x00, 0x2A,
            0x00, 0x00, 0x2A, 0x00, 0x2A, 0x00, 0x2A, 0x00, 0x2A, 0x00, 0x00, 0x2A, 0x00, 0x2A, 0x00, 0x2A,
            0x00, 0x2A, 0x00, 0x00, 0x2A, 0x00, 0x2A, 0x00, 0x2A, 0x00, 0x2A, 0x00, 0x00, 0x2A, 0x00, 0x2A,
            0x00, 0x2A, 0x00, 0x2A, 0x00, 0x00, 0x2A, 0x00, 0x2A, 0x00, 0x2A, 0x00, 0x28, 0x00, 0x00, 0x87,
            0x00, 0xD9, 0x01, 0x03, 0x00, 0x40, 0x00, 0x00, 0x43, 0x00, 0xD9, 0x01, 0x86, 0x00, 0x2C, 0x00,
            0x00, 0x2A, 0x00, 0x2A, 0x00, 0x2A, 0x00, 0x2A, 0x00, 0x00, 0x2A, 0x00, 0x2A, 0x00, 0x2A, 0x00,
            0x2A, 0x00, 0x00, 0x2A, 0x00, 0x2A, 0x00, 0x2A, 0x00, 0x2A, 0x00, 0x00, 0x2A, 0x00, 0x2A, 0x00,
            0x2A, 0x00, 0x2A, 0x00, 0x00, 0x2A, 0x00, 0x2A, 0x00, 0x2A, 0x00, 0x2A, 0x00, 0x00, 0x28, 0x00,
            0x01, 0x00, 0x01, 0x00, 0x23, 0x00, 0x00, 0x80, 0x00, 0x23, 0x00, 0x21, 0x00, 0x01, 0x00, 0x00,
            0x2C, 0x00, 0x2A, 0x00, 0x2A, 0x00, 0x2A, 0x00, 0x00, 0x2A, 0x00, 0x2A, 0x00, 0x2A, 0x00, 0x2A,
            0x00, 0x00, 0x2A, 0x00, 0x2A, 0x00, 0x2A, 0x00, 0x2A, 0x00, 0x00, 0x2A, 0x00, 0x2A, 0x00, 0x2A,
            0x00, 0x2A, 0x00, 0x00, 0x68, 0x01, 0x2A, 0x00, 0x2A, 0x00, 0x2A, 0x00, 0x00, 0x2A, 0x00, 0x92,
            0x00, 0x61, 0x00, 0x61, 0x00, 0x00, 0x61, 0x00, 0x00, 0x01, 0x61, 0x00, 0x61, 0x00, 0x00, 0x61,
            0x00, 0x93, 0x00, 0x2A, 0x00, 0x2A, 0x00, 0x00, 0x2A, 0x00, 0x2A, 0x00, 0x68, 0x01, 0x2A, 0x00,
            0x00, 0x2A, 0x00, 0x2A, 0x00, 0x2A, 0x00, 0x2A, 0x00, 0x00, 0x2A, 0x00, 0x2A, 0x00, 0x2A, 0x00,
            0x2A, 0x00, 0x00, 0x2A, 0x00, 0x2A, 0x00, 0x2A, 0x00, 0x2A, 0x00, 0x00, 0x2A, 0x00, 0x2A, 0x00,
            0x28, 0x00, 0x01, 0x00, 0x00, 0x01, 0x00, 0x20, 0x00, 0x80, 0x00, 0x20, 0x00, 0x00, 0x21, 0x00,
            0x01, 0x00, 0x2C, 0x00, 0x2A, 0x00, 0x00, 0x2A, 0x00, 0x2A, 0x00, 0x2A, 0x00, 0x2A, 0x00, 0x00,
            0x2A, 0x00, 0x2A, 0x00, 0x2A, 0x00, 0x2A, 0x00, 0x00, 0x2A, 0x00, 0x2A, 0x00, 0x2A, 0x00, 0x2A,
            0x00, 0x00, 0x2A, 0x00, 0x2A, 0x00, 0x2A, 0x00, 0x2A, 0x00, 0x00, 0x2A, 0x00, 0x2A, 0x00, 0x2A,
            0x00, 0x28, 0x00, 0x00, 0x87, 0x00, 0xD9, 0x01, 0x21, 0x00, 0x40, 0x00, 0x00, 0x01, 0x00, 0xD9,
            0x01, 0x86, 0x00, 0x2C, 0x00, 0x00, 0x2A, 0x00, 0x2A, 0x00, 0x2A, 0x00, 0x2A, 0x00, 0x00, 0x2A,
            0x00, 0x2A, 0x00, 0x2A, 0x00, 0x2A, 0x00, 0x00, 0x2A, 0x00, 0x2A, 0x00, 0x2A, 0x00, 0x2A, 0x00,
            0x00, 0x2A, 0x00, 0x2A, 0x00, 0x2A, 0x00, 0x2A, 0x00, 0x00, 0x2A, 0x00, 0x2A, 0x00, 0x2A, 0x00,
            0x2A, 0x00, 0x00, 0x8A, 0x00, 0x54, 0x00, 0xC2, 0x01, 0x21, 0x00, 0x00, 0x40, 0x00, 0x01, 0x00,
            0xC2, 0x01, 0x53, 0x00, 0x00, 0x6B, 0x00, 0x2A, 0x00, 0x2A, 0x00, 0x2A, 0x00, 0x00, 0x2A, 0x00,
            0x2A, 0x00, 0x2A, 0x00, 0x2A, 0x00, 0x00, 0x2A, 0x00, 0x2A, 0x00, 0x2A, 0x00, 0x2A, 0x00, 0x00,
            0x2A, 0x00, 0x2A, 0x00, 0x68, 0x01, 0x2A, 0x00, 0x00, 0x2A, 0x00, 0x2A, 0x00, 0x2A, 0x00, 0x2A,
            0x00, 0x00, 0x2A, 0x00, 0x28, 0x00, 0x02, 0x01, 0x4B, 0x00, 0x00, 0x4A, 0x00, 0xEF, 0x00, 0x4A,
            0x00, 0x49, 0x00, 0x00, 0x02, 0x01, 0x2C, 0x00, 0x2A, 0x00, 0x2A, 0x00, 0x00, 0x2A, 0x00, 0x2A,
            0x00, 0x2A, 0x00, 0x2A, 0x00, 0x00, 0x68, 0x01, 0x2A, 0x00, 0x2A, 0x00, 0x2A, 0x00, 0x00, 0x2A,
            0x00, 0x2A, 0x00, 0x2A, 0x00, 0x2A, 0x00, 0x00, 0x2A, 0x00, 0x2A, 0x00, 0x09, 0x00, 0x0A, 0x00,
            0x00, 0x0A, 0x00, 0x0A, 0x00, 0x29, 0x00, 0x43, 0x01, 0x00, 0x2C, 0x00, 0x2A, 0x00, 0x2A, 0x00,
            0x2A, 0x00, 0x00, 0x28, 0x00, 0x43, 0x01, 0x2B, 0x00, 0x0A, 0x00, 0x00, 0x0A, 0x00, 0x0A, 0x00,
            0x0B, 0x00, 0x2A, 0x00, 0x00, 0x2A, 0x00, 0x2A, 0x00, 0x2A, 0x00, 0x2A, 0x00, 0x00, 0x2A, 0x00,
            0x09, 0x00, 0x6D, 0x00, 0x10, 0x00, 0x00, 0x10, 0x00, 0x10, 0x00, 0x10, 0x00, 0xF3, 0x00, 0x00,
            0x40, 0x00, 0xD0, 0x01, 0x62, 0x01, 0x42, 0x01, 0x00, 0x61, 0x01, 0x2C, 0x00, 0x2A, 0x00, 0x2A,
            0x00, 0x00, 0x2A, 0x00, 0x28, 0x00, 0x60, 0x01, 0x42, 0x01, 0x00, 0x62, 0x01, 0xD5, 0x01, 0x80,
            0x00, 0xF2, 0x00, 0x00, 0x10, 0x00, 0x10, 0x00, 0x10, 0x00, 0x10, 0x00, 0x00, 0x6E, 0x00, 0x0B,
            0x00, 0x28, 0x00, 0x01, 0x00, 0x00, 0x87, 0x00, 0x21, 0x00, 0xD0, 0x01, 0x21, 0x00, 0x00, 0xD1,
            0x01, 0x80, 0x00, 0x43, 0x00, 0x4B, 0x00, 0x00, 0x4A, 0x00, 0x4A, 0x00, 0x4C, 0x00, 0x2A, 0x00,
            0x00, 0x2A, 0x00, 0x2A, 0x00, 0x48, 0x00, 0x4A, 0x00, 0x00, 0x4A, 0x00, 0x49, 0x00, 0x43, 0x00,
            0x40, 0x00, 0x00, 0xD6, 0x01, 0x21, 0x00, 0xD5, 0x01, 0x21, 0x00, 0x00, 0x87, 0x00, 0x21, 0x00,
            0x2C, 0x00, 0x28, 0x00, 0x00, 0x01, 0x00, 0x20, 0x00, 0x21, 0x00, 0x40, 0x00, 0x00, 0x01, 0x00,
            0x01, 0x00, 0x40, 0x00, 0x23, 0x00, 0x00, 0x2C, 0x00, 0x2A, 0x00, 0x2A, 0x00, 0x2A, 0x00, 0x00,
            0x2A, 0x00, 0x2A, 0x00, 0x2A, 0x00, 0x2A, 0x00, 0x00, 0x2A, 0x00, 0x2A, 0x00, 0x28, 0x00, 0x23,
            0x00, 0x00, 0x80, 0x00, 0x01, 0x00, 0x01, 0x00, 0x40, 0x00, 0x00, 0x01, 0x00, 0x20, 0x00, 0x21,
            0x00, 0x2C, 0x00, 0x00, 0x28, 0x00, 0x01, 0x00, 0x01, 0x00, 0x01, 0x00, 0x00, 0x40, 0x00, 0x01,
            0x00, 0x01, 0x00, 0x40, 0x00, 0x00, 0x53, 0x00, 0x6B, 0x00, 0x2A, 0x00, 0x2A, 0x00, 0x00, 0x2A,
            0x00, 0x2A, 0x00, 0x2A, 0x00, 0x2A, 0x00, 0x00, 0x2A, 0x00, 0x2A, 0x00, 0x2A, 0x00, 0x8A, 0x00,
            0x00, 0x54, 0x00, 0x40, 0x00, 0x01, 0x00, 0x01, 0x00, 0x00, 0x40, 0x00, 0x01, 0x00, 0x01, 0x00,
            0x01, 0x00, 0x00, 0x2C, 0x00, 0x28, 0x00, 0x01, 0x00, 0xD2, 0x01, 0x00, 0x21, 0x00, 0xCF, 0x01,
            0xA1, 0x00, 0x61, 0x00, 0x00, 0x62, 0x00, 0xD3, 0x01, 0x2C, 0x00, 0x2A, 0x00, 0x00, 0x2A, 0x00,
            0x2A, 0x00, 0x2A, 0x00, 0x2A, 0x00, 0x00, 0x2A, 0x00, 0x2A, 0x00, 0x2A, 0x00, 0x2A, 0x00, 0x00,
            0x28, 0x00, 0xD8, 0x01, 0xA0, 0x00, 0x61, 0x00, 0x00, 0x61, 0x00, 0xD4, 0x01, 0x21, 0x00, 0xD7,
            0x01, 0x00, 0x21, 0x00, 0x2C, 0x00, 0x28, 0x00, 0x01, 0x00, 0x00, 0x01, 0x00, 0x01, 0x00, 0x01,
            0x00, 0x01, 0x00, 0x00, 0x01, 0x00, 0xD1, 0x01, 0x21, 0x00, 0x2C, 0x00, 0x00, 0x2A, 0x00, 0x2A,
            0x00, 0x2A, 0x00, 0x2A, 0x00, 0x00, 0x2A, 0x00, 0x2A, 0x00, 0x2A, 0x00, 0x2A, 0x00, 0x00, 0x2A,
            0x00, 0x28, 0x00, 0x01, 0x00, 0xD6, 0x01, 0x00, 0x21, 0x00, 0x01, 0x00, 0x01, 0x00, 0x01, 0x00,
            0x00, 0x01, 0x00, 0x01, 0x00, 0x2C, 0x00, 0x28, 0x00, 0x00, 0x01, 0x00, 0xD1, 0x01, 0x21, 0x00,
            0x01, 0x00, 0x00, 0x87, 0x00, 0x03, 0x00, 0x01, 0x00, 0x01, 0x00, 0x00, 0x2C, 0x00, 0x2A, 0x00,
            0x68, 0x01, 0x2A, 0x00, 0x00, 0x2A, 0x00, 0x2A, 0x00, 0x2A, 0x00, 0x2A, 0x00, 0x00, 0x68, 0x01,
            0x2A, 0x00, 0x28, 0x00, 0x01, 0x00, 0x00, 0x01, 0x00, 0x43, 0x00, 0x87, 0x00, 0x21, 0x00, 0x00,
            0x01, 0x00, 0xD6, 0x01, 0x21, 0x00, 0x2C, 0x00, 0x00, 0x28, 0x00, 0x01, 0x00, 0x87, 0x00, 0x21,
            0x00, 0x00, 0x01, 0x00, 0x01, 0x00, 0x23, 0x00, 0x21, 0x00, 0x00, 0x01, 0x00, 0x2C, 0x00, 0x2A,
            0x00, 0x2A, 0x00, 0x00, 0x2A, 0x00, 0x2A, 0x00, 0x2A, 0x00, 0x2A, 0x00, 0x00, 0x2A, 0x00, 0x2A,
            0x00, 0x2A, 0x00, 0x28, 0x00, 0x00, 0x01, 0x00, 0x01, 0x00, 0x23, 0x00, 0x21, 0x00, 0x00, 0x01,
            0x00, 0x01, 0x00, 0x87, 0x00, 0x21, 0x00, 0x00, 0x2C, 0x00, 0x48, 0x00, 0x4A, 0x00, 0x4A, 0x00,
            0x00, 0x4A, 0x00, 0x4A, 0x00, 0x4A, 0x00, 0x4A, 0x00, 0x00, 0x4A, 0x00, 0x4A, 0x00, 0x4C, 0x00,
            0x2A, 0x00, 0x00, 0x2A, 0x00, 0x2A, 0x00, 0x2A, 0x00, 0x2A, 0x00, 0x00, 0x2A, 0x00, 0x2A, 0x00,
            0x2A, 0x00, 0x2A, 0x00, 0x00, 0x48, 0x00, 0x4A, 0x00, 0x4A, 0x00, 0x4A, 0x00, 0x00, 0x4A, 0x00,
            0x4A, 0x00, 0x4A, 0x00, 0x4A, 0x00, 0x00, 0x4A, 0x00, 0x4C, 0x00, 0x00,
        ],
        units: &[
            0xFE, 0x01, 0x00, 0x00, 0x00, 0x00, 0x00, 0x00, 0x00, 0x00, 0x00, 0x00,
            0x04, 0x03, 0x01, 0x00, 0x64, 0x63, 0x63, 0x00, 0x00, 0x04, 0x00, 0x00,
            0x03, 0x04, 0x01, 0x00, 0x64, 0x63, 0x63, 0x00, 0x00, 0x04, 0x00, 0x00,
            0x04, 0x02, 0x02, 0x00, 0x64, 0x63, 0x63, 0x00, 0x00, 0x04, 0x00, 0x00,
            0x03, 0x03, 0x06, 0x00, 0x64, 0x63, 0x63, 0x00, 0x00, 0x04, 0x00, 0x00,
            0x0A, 0x08, 0x09, 0x00, 0x64, 0x63, 0x63, 0x00, 0x00, 0x04, 0x00, 0x00,
            0x09, 0x04, 0x17, 0x00, 0x64, 0x63, 0x63, 0x00, 0x00, 0x04, 0x00, 0x00,
            0x09, 0x05, 0x16, 0x00, 0x64, 0x63, 0x63, 0x00, 0x00, 0x04, 0x00, 0x00,
            0xFE, 0x02, 0x00, 0x00, 0x00, 0x00, 0x00, 0x00, 0x00, 0x00, 0x00, 0x00,
            0x18, 0x03, 0x01, 0x00, 0x64, 0x63, 0x63, 0x00, 0x00, 0x04, 0x00, 0x00,
            0x19, 0x04, 0x01, 0x00, 0x64, 0x63, 0x63, 0x00, 0x00, 0x04, 0x00, 0x00,
            0x18, 0x02, 0x02, 0x00, 0x64, 0x63, 0x63, 0x00, 0x00, 0x04, 0x00, 0x00,
            0x17, 0x03, 0x06, 0x00, 0x64, 0x63, 0x63, 0x00, 0x00, 0x04, 0x00, 0x00,
            0x12, 0x08, 0x09, 0x00, 0x64, 0x63, 0x63, 0x00, 0x00, 0x04, 0x00, 0x00,
            0x13, 0x04, 0x17, 0x00, 0x64, 0x63, 0x63, 0x00, 0x00, 0x04, 0x00, 0x00,
            0x13, 0x05, 0x16, 0x00, 0x64, 0x63, 0x63, 0x00, 0x00, 0x04, 0x00, 0x00,
            0xFE, 0x03, 0x00, 0x00, 0x00, 0x00, 0x00, 0x00, 0x00, 0x00, 0x00, 0x00,
            0x03, 0x18, 0x01, 0x00, 0x64, 0x63, 0x63, 0x00, 0x00, 0x04, 0x00, 0x00,
            0x04, 0x19, 0x01, 0x00, 0x64, 0x63, 0x63, 0x00, 0x00, 0x04, 0x00, 0x00,
            0x03, 0x17, 0x02, 0x00, 0x64, 0x63, 0x63, 0x00, 0x00, 0x04, 0x00, 0x00,
            0x05, 0x17, 0x06, 0x00, 0x64, 0x63, 0x63, 0x00, 0x00, 0x04, 0x00, 0x00,
            0x0A, 0x14, 0x09, 0x00, 0x64, 0x63, 0x63, 0x00, 0x00, 0x04, 0x00, 0x00,
            0x09, 0x18, 0x17, 0x00, 0x64, 0x63, 0x63, 0x00, 0x00, 0x04, 0x00, 0x00,
            0x09, 0x19, 0x16, 0x00, 0x64, 0x63, 0x63, 0x00, 0x00, 0x04, 0x00, 0x00,
            0xFE, 0x04, 0x00, 0x00, 0x00, 0x00, 0x00, 0x00, 0x00, 0x00, 0x00, 0x00,
            0x19, 0x18, 0x01, 0x00, 0x64, 0x63, 0x63, 0x00, 0x00, 0x04, 0x00, 0x00,
            0x18, 0x19, 0x01, 0x00, 0x64, 0x63, 0x63, 0x00, 0x00, 0x04, 0x00, 0x00,
            0x17, 0x17, 0x02, 0x00, 0x64, 0x63, 0x63, 0x00, 0x00, 0x04, 0x00, 0x00,
            0x19, 0x17, 0x06, 0x00, 0x64, 0x63, 0x63, 0x00, 0x00, 0x04, 0x00, 0x00,
            0x12, 0x14, 0x09, 0x00, 0x64, 0x63, 0x63, 0x00, 0x00, 0x04, 0x00, 0x00,
            0x13, 0x18, 0x17, 0x00, 0x64, 0x63, 0x63, 0x00, 0x00, 0x04, 0x00, 0x00,
            0x13, 0x19, 0x16, 0x00, 0x64, 0x63, 0x63, 0x00, 0x00, 0x04, 0x00, 0x00,
            0xFF, 0x00, 0x00, 0x00, 0x00, 0x00, 0x00, 0x00, 0x00, 0x00, 0x00, 0x00,
        ],
    },
    // Coral Crown: 29x29, properties {0: 12, 1: 8, 2: 8, 3: 8, 4: 8, 5: 7}
    Map {
        name: "Coral Crown",
        armies: 5,
        tab: 9,
        colours: &[1, 2, 3, 4, 5],
        obelisk: false,
        ds: true,
        wasteland: false,
        tiles: &[
            0x10, 0x94, 0x06, 0x00, 0x00, 0x1D, 0x1D, 0x01, 0x00, 0x01, 0x00, 0x87, 0x00, 0x00, 0x21, 0x00,
            0x01, 0x00, 0x01, 0x00, 0x20, 0x00, 0x00, 0x21, 0x00, 0x01, 0x00, 0x2C, 0x00, 0x2A, 0x00, 0x00,
            0x09, 0x00, 0x0A, 0x00, 0x0A, 0x00, 0x0A, 0x00, 0x00, 0x0A, 0x00, 0x0A, 0x00, 0x0B, 0x00, 0x2A,
            0x00, 0x00, 0x28, 0x00, 0x01, 0x00, 0x01, 0x00, 0x20, 0x00, 0x00, 0x21, 0x00, 0x01, 0x00, 0x01,
            0x00, 0x87, 0x00, 0x00, 0x21, 0x00, 0x01, 0x00, 0x01, 0x00, 0xC7, 0x01, 0x00, 0x21, 0x00, 0x43,
            0x00, 0x01, 0x00, 0x01, 0x00, 0x00, 0x01, 0x00, 0xC7, 0x01, 0x21, 0x00, 0x2B, 0x00, 0x00, 0x0A,
            0x00, 0x29, 0x00, 0x01, 0x00, 0x01, 0x00, 0x00, 0x01, 0x00, 0x01, 0x00, 0x01, 0x00, 0x2B, 0x00,
            0x00, 0x0A, 0x00, 0x29, 0x00, 0x01, 0x00, 0xCC, 0x01, 0x00, 0x21, 0x00, 0x01, 0x00, 0x01, 0x00,
            0x43, 0x00, 0x00, 0x01, 0x00, 0xCC, 0x01, 0x21, 0x00, 0x01, 0x00, 0x00, 0x01, 0x00, 0x01, 0x00,
            0x23, 0x00, 0x21, 0x00, 0x00, 0x01, 0x00, 0x01, 0x00, 0x01, 0x00, 0xC6, 0x01, 0x00, 0x62, 0x01,
            0x42, 0x01, 0x21, 0x01, 0x01, 0x00, 0x00, 0xC2, 0x01, 0xD9, 0x01, 0xC2, 0x01, 0x21, 0x00, 0x00,
            0x20, 0x01, 0x42, 0x01, 0x62, 0x01, 0xCB, 0x01, 0x00, 0x21, 0x00, 0x01, 0x00, 0x01, 0x00, 0x01,
            0x00, 0x00, 0x23, 0x00, 0x21, 0x00, 0x01, 0x00, 0x01, 0x00, 0x00, 0x01, 0x00, 0xC8, 0x01, 0x21,
            0x00, 0xC5, 0x01, 0x00, 0xA1, 0x00, 0x61, 0x00, 0x61, 0x00, 0x61, 0x00, 0x00, 0x61, 0x00, 0x4B,
            0x00, 0x4A, 0x00, 0x49, 0x00, 0x00, 0x01, 0x00, 0x01, 0x00, 0x87, 0x00, 0x21, 0x00, 0x00, 0x01,
            0x00, 0x4B, 0x00, 0x4A, 0x00, 0x49, 0x00, 0x00, 0x61, 0x00, 0x61, 0x00, 0x61, 0x00, 0x61, 0x00,
            0x00, 0x61, 0x00, 0xCA, 0x01, 0x21, 0x00, 0xCD, 0x01, 0x00, 0x21, 0x00, 0x01, 0x00, 0x01, 0x00,
            0x01, 0x00, 0x00, 0x40, 0x00, 0x01, 0x00, 0x01, 0x00, 0x87, 0x00, 0x00, 0x21, 0x00, 0x01, 0x00,
            0x2C, 0x00, 0x2A, 0x00, 0x00, 0x48, 0x00, 0xCD, 0x00, 0x50, 0x00, 0x50, 0x00, 0x00, 0x50, 0x00,
            0xCE, 0x00, 0x4C, 0x00, 0x2A, 0x00, 0x00, 0x28, 0x00, 0x01, 0x00, 0x01, 0x00, 0x87, 0x00, 0x00,
            0x21, 0x00, 0x01, 0x00, 0x40, 0x00, 0x01, 0x00, 0x00, 0x01, 0x00, 0x01, 0x00, 0x01, 0x00, 0x87,
            0x00, 0x00, 0x21, 0x00, 0x40, 0x00, 0x01, 0x00, 0x01, 0x00, 0x00, 0x01, 0x00, 0x01, 0x00, 0xC9,
            0x01, 0x2C, 0x00, 0x00, 0x2A, 0x00, 0x2A, 0x00, 0x2A, 0x00, 0x2A, 0x00, 0x00, 0x2A, 0x00, 0x2A,
            0x00, 0x2A, 0x00, 0x2A, 0x00, 0x00, 0x2A, 0x00, 0x28, 0x00, 0xCE, 0x01, 0x21, 0x00, 0x00, 0x01,
            0x00, 0x01, 0x00, 0x01, 0x00, 0x40, 0x00, 0x00, 0x01, 0x00, 0x87, 0x00, 0x21, 0x00, 0x01, 0x00,
            0x00, 0x43, 0x00, 0x01, 0x00, 0x40, 0x00, 0x01, 0x00, 0x00, 0xC7, 0x01, 0x21, 0x00, 0x01, 0x00,
            0xB3, 0x00, 0x00, 0x4C, 0x00, 0x2A, 0x00, 0x68, 0x01, 0x2A, 0x00, 0x00, 0x2A, 0x00, 0x2A, 0x00,
            0x2A, 0x00, 0x2A, 0x00, 0x00, 0x68, 0x01, 0x2A, 0x00, 0x48, 0x00, 0xB2, 0x00, 0x00, 0x01, 0x00,
            0x01, 0x00, 0xCC, 0x01, 0x21, 0x00, 0x00, 0x40, 0x00, 0x01, 0x00, 0x43, 0x00, 0x01, 0x00, 0x00,
            0x01, 0x00, 0x23, 0x00, 0x21, 0x00, 0x40, 0x00, 0x00, 0x01, 0x00, 0x01, 0x00, 0x01, 0x00, 0x01,
            0x00, 0x00, 0xD3, 0x00, 0x0B, 0x00, 0x2A, 0x00, 0x2A, 0x00, 0x00, 0x2A, 0x00, 0x2A, 0x00, 0x2A,
            0x00, 0x2A, 0x00, 0x00, 0x2A, 0x00, 0x2A, 0x00, 0x2A, 0x00, 0x09, 0x00, 0x00, 0xD2, 0x00, 0x01,
            0x00, 0x01, 0x00, 0x01, 0x00, 0x00, 0x01, 0x00, 0x40, 0x00, 0x01, 0x00, 0x23, 0x00, 0x00, 0x21,
            0x00, 0x01, 0x00, 0x01, 0x00, 0xC6, 0x01, 0x00, 0x80, 0x00, 0x12, 0x01, 0x13, 0x01, 0x87, 0x00,
            0x00, 0x21, 0x00, 0x01, 0x00, 0x2C, 0x00, 0x2A, 0x00, 0x00, 0x2A, 0x00, 0x2A, 0x00, 0x2A, 0x00,
            0x2A, 0x00, 0x00, 0x2A, 0x00, 0x2A, 0x00, 0x2A, 0x00, 0x2A, 0x00, 0x00, 0x28, 0x00, 0x01, 0x00,
            0x01, 0x00, 0x87, 0x00, 0x00, 0x12, 0x01, 0x13, 0x01, 0x40, 0x00, 0xCB, 0x01, 0x00, 0x21, 0x00,
            0x01, 0x00, 0x4A, 0x00, 0x49, 0x00, 0x00, 0x63, 0x01, 0x4B, 0x00, 0x4C, 0x00, 0x48, 0x00, 0x00,
            0x4A, 0x00, 0x4A, 0x00, 0x4A, 0x00, 0x4C, 0x00, 0x00, 0x2A, 0x00, 0x09, 0x00, 0x0A, 0x00, 0x0A,
            0x00, 0x00, 0x0A, 0x00, 0x0A, 0x00, 0x0A, 0x00, 0x0B, 0x00, 0x00, 0x2A, 0x00, 0x48, 0x00, 0x4A,
            0x00, 0x4A, 0x00, 0x00, 0x4A, 0x00, 0x4C, 0x00, 0x48, 0x00, 0x49, 0x00, 0x00, 0x63, 0x01, 0x4B,
            0x00, 0x4A, 0x00, 0x2A, 0x00, 0x00, 0x28, 0x00, 0x43, 0x01, 0x2C, 0x00, 0x2A, 0x00, 0x00, 0x2A,
            0x00, 0x2A, 0x00, 0x2A, 0x00, 0x2A, 0x00, 0x00, 0x2A, 0x00, 0x09, 0x00, 0xB6, 0x00, 0x01, 0x00,
            0x00, 0x87, 0x00, 0xB8, 0x01, 0x86, 0x00, 0x21, 0x00, 0x00, 0xB7, 0x00, 0x0B, 0x00, 0x2A, 0x00,
            0x2A, 0x00, 0x00, 0x2A, 0x00, 0x2A, 0x00, 0x2A, 0x00, 0x2A, 0x00, 0x00, 0x28, 0x00, 0x43, 0x01,
            0x2C, 0x00, 0x2A, 0x00, 0x00, 0x0A, 0x00, 0x29, 0x00, 0x03, 0x01, 0x2B, 0x00, 0x00, 0x0A, 0x00,
            0x0B, 0x00, 0x2A, 0x00, 0x2A, 0x00, 0x00, 0x2A, 0x00, 0x09, 0x00, 0xB6, 0x00, 0x87, 0x00, 0x00,
            0x21, 0x00, 0x01, 0x00, 0x01, 0x00, 0x01, 0x00, 0x00, 0x01, 0x00, 0x87, 0x00, 0xB7, 0x00, 0x0B,
            0x00, 0x00, 0x2A, 0x00, 0x2A, 0x00, 0x2A, 0x00, 0x09, 0x00, 0x00, 0x0A, 0x00, 0x29, 0x00, 0x03,
            0x01, 0x2B, 0x00, 0x00, 0x0A, 0x00, 0x01, 0x00, 0x87, 0x00, 0x21, 0x00, 0x00, 0x01, 0x00, 0x01,
            0x00, 0x2C, 0x00, 0x2A, 0x00, 0x00, 0x2A, 0x00, 0x2A, 0x00, 0x28, 0x00, 0x01, 0x00, 0x00, 0x02,
            0x01, 0x01, 0x00, 0x01, 0x00, 0xB6, 0x01, 0x00, 0x21, 0x00, 0x01, 0x00, 0x02, 0x01, 0x01, 0x00,
            0x00, 0x2C, 0x00, 0x2A, 0x00, 0x2A, 0x00, 0x2A, 0x00, 0x00, 0x28, 0x00, 0x01, 0x00, 0x01, 0x00,
            0x01, 0x00, 0x00, 0x87, 0x00, 0x21, 0x00, 0xC2, 0x01, 0x21, 0x00, 0x00, 0x01, 0x00, 0x01, 0x00,
            0xB3, 0x00, 0x4C, 0x00, 0x00, 0x2A, 0x00, 0x2A, 0x00, 0x2A, 0x00, 0x28, 0x00, 0x00, 0x01, 0x00,
            0x43, 0x01, 0x01, 0x00, 0x41, 0x00, 0x00, 0x61, 0x00, 0x42, 0x00, 0x01, 0x00, 0x43, 0x01, 0x00,
            0x01, 0x00, 0x2C, 0x00, 0x2A, 0x00, 0x2A, 0x00, 0x00, 0x2A, 0x00, 0x48, 0x00, 0xB2, 0x00, 0x01,
            0x00, 0x00, 0x01, 0x00, 0x01, 0x00, 0xC2, 0x01, 0x01, 0x00, 0x00, 0x01, 0x00, 0xD9, 0x01, 0x21,
            0x00, 0x32, 0x00, 0x00, 0x2A, 0x00, 0x2A, 0x00, 0x68, 0x01, 0x2A, 0x00, 0x00, 0x28, 0x00, 0x01,
            0x00, 0x63, 0x01, 0xB5, 0x01, 0x00, 0x80, 0x00, 0xB4, 0x01, 0x80, 0x00, 0xB5, 0x01, 0x00, 0x63,
            0x01, 0x01, 0x00, 0x2C, 0x00, 0x2A, 0x00, 0x00, 0x68, 0x01, 0x2A, 0x00, 0x2A, 0x00, 0x2E, 0x00,
            0x00, 0x01, 0x00, 0xD9, 0x01, 0x21, 0x00, 0x01, 0x00, 0x00, 0xC2, 0x01, 0x21, 0x00, 0x01, 0x00,
            0x01, 0x00, 0x00, 0xD3, 0x00, 0x0B, 0x00, 0x2A, 0x00, 0x2A, 0x00, 0x00, 0x2A, 0x00, 0x28, 0x00,
            0x01, 0x00, 0x43, 0x01, 0x00, 0x01, 0x00, 0x60, 0x00, 0x61, 0x00, 0x62, 0x00, 0x00, 0x01, 0x00,
            0x43, 0x01, 0x01, 0x00, 0x2C, 0x00, 0x00, 0x2A, 0x00, 0x2A, 0x00, 0x2A, 0x00, 0x09, 0x00, 0x00,
            0xD2, 0x00, 0x01, 0x00, 0x01, 0x00, 0x01, 0x00, 0x00, 0xC2, 0x01, 0x01, 0x00, 0x87, 0x00, 0x21,
            0x00, 0x00, 0x01, 0x00, 0x01, 0x00, 0x2C, 0x00, 0x2A, 0x00, 0x00, 0x2A, 0x00, 0x2A, 0x00, 0x28,
            0x00, 0x01, 0x00, 0x00, 0x03, 0x01, 0x01, 0x00, 0x01, 0x00, 0xB6, 0x01, 0x00, 0x21, 0x00, 0x01,
            0x00, 0x03, 0x01, 0x01, 0x00, 0x00, 0x2C, 0x00, 0x2A, 0x00, 0x2A, 0x00, 0x2A, 0x00, 0x00, 0x28,
            0x00, 0x01, 0x00, 0x01, 0x00, 0x01, 0x00, 0x00, 0x87, 0x00, 0x21, 0x00, 0x4A, 0x00, 0x49, 0x00,
            0x00, 0x02, 0x01, 0x4B, 0x00, 0x4A, 0x00, 0x4C, 0x00, 0x00, 0x2A, 0x00, 0x2A, 0x00, 0x2A, 0x00,
            0x48, 0x00, 0x00, 0xD6, 0x00, 0x87, 0x00, 0x21, 0x00, 0x01, 0x00, 0x00, 0x01, 0x00, 0x01, 0x00,
            0x01, 0x00, 0x87, 0x00, 0x00, 0xD7, 0x00, 0x4C, 0x00, 0x2A, 0x00, 0x2A, 0x00, 0x00, 0x2A, 0x00,
            0x48, 0x00, 0x4A, 0x00, 0x49, 0x00, 0x00, 0x02, 0x01, 0x4B, 0x00, 0x4A, 0x00, 0x2A, 0x00, 0x00,
            0x28, 0x00, 0x43, 0x01, 0x2C, 0x00, 0x2A, 0x00, 0x00, 0x2A, 0x00, 0x2A, 0x00, 0x2A, 0x00, 0x2A,
            0x00, 0x00, 0x2A, 0x00, 0x48, 0x00, 0xD6, 0x00, 0x01, 0x00, 0x00, 0x87, 0x00, 0xB8, 0x01, 0x86,
            0x00, 0x21, 0x00, 0x00, 0xD7, 0x00, 0x4C, 0x00, 0x2A, 0x00, 0x2A, 0x00, 0x00, 0x2A, 0x00, 0x2A,
            0x00, 0x2A, 0x00, 0x2A, 0x00, 0x00, 0x28, 0x00, 0x43, 0x01, 0x2C, 0x00, 0x2A, 0x00, 0x00, 0x0A,
            0x00, 0x29, 0x00, 0x63, 0x01, 0x2B, 0x00, 0x00, 0x0B, 0x00, 0x09, 0x00, 0x0A, 0x00, 0x0A, 0x00,
            0x00, 0x0A, 0x00, 0x0B, 0x00, 0x2A, 0x00, 0x48, 0x00, 0x00, 0x4A, 0x00, 0x4A, 0x00, 0x4A, 0x00,
            0x4A, 0x00, 0x00, 0x4A, 0x00, 0x4C, 0x00, 0x2A, 0x00, 0x09, 0x00, 0x00, 0x0A, 0x00, 0x0A, 0x00,
            0x0A, 0x00, 0x0B, 0x00, 0x00, 0x09, 0x00, 0x29, 0x00, 0x63, 0x01, 0x2B, 0x00, 0x00, 0x0A, 0x00,
            0x01, 0x00, 0x43, 0x00, 0xD0, 0x01, 0x00, 0x80, 0x00, 0xF2, 0x00, 0xF3, 0x00, 0x87, 0x00, 0x00,
            0x21, 0x00, 0x01, 0x00, 0x2C, 0x00, 0x2A, 0x00, 0x00, 0x2A, 0x00, 0x2A, 0x00, 0x2A, 0x00, 0x2A,
            0x00, 0x00, 0x2A, 0x00, 0x2A, 0x00, 0x2A, 0x00, 0x2A, 0x00, 0x00, 0x28, 0x00, 0x01, 0x00, 0x01,
            0x00, 0x87, 0x00, 0x00, 0xF2, 0x00, 0xF3, 0x00, 0x40, 0x00, 0xD5, 0x01, 0x00, 0x03, 0x00, 0x01,
            0x00, 0x01, 0x00, 0x23, 0x00, 0x00, 0x21, 0x00, 0x40, 0x00, 0x01, 0x00, 0x01, 0x00, 0x00, 0x01,
            0x00, 0x01, 0x00, 0xB3, 0x00, 0x4C, 0x00, 0x00, 0x2A, 0x00, 0x2A, 0x00, 0x2A, 0x00, 0x2A, 0x00,
            0x00, 0x2A, 0x00, 0x2A, 0x00, 0x2A, 0x00, 0x2A, 0x00, 0x00, 0x2A, 0x00, 0x48, 0x00, 0xB2, 0x00,
            0x01, 0x00, 0x00, 0x01, 0x00, 0x01, 0x00, 0x01, 0x00, 0x40, 0x00, 0x00, 0x01, 0x00, 0x23, 0x00,
            0x21, 0x00, 0x01, 0x00, 0x00, 0x01, 0x00, 0x01, 0x00, 0x40, 0x00, 0x01, 0x00, 0x00, 0xD1, 0x01,
            0x21, 0x00, 0x01, 0x00, 0xD3, 0x00, 0x00, 0x0B, 0x00, 0x2A, 0x00, 0x68, 0x01, 0x2A, 0x00, 0x00,
            0x2A, 0x00, 0x2A, 0x00, 0x2A, 0x00, 0x2A, 0x00, 0x00, 0x68, 0x01, 0x2A, 0x00, 0x09, 0x00, 0xD2,
            0x00, 0x00, 0x01, 0x00, 0x01, 0x00, 0xD6, 0x01, 0x21, 0x00, 0x00, 0x40, 0x00, 0x01, 0x00, 0x01,
            0x00, 0x01, 0x00, 0x00, 0x01, 0x00, 0x87, 0x00, 0x21, 0x00, 0x40, 0x00, 0x00, 0x01, 0x00, 0x01,
            0x00, 0x01, 0x00, 0x01, 0x00, 0x00, 0xD3, 0x01, 0x2C, 0x00, 0x2A, 0x00, 0x2A, 0x00, 0x00, 0x2A,
            0x00, 0x2A, 0x00, 0x2A, 0x00, 0x2A, 0x00, 0x00, 0x2A, 0x00, 0x2A, 0x00, 0x2A, 0x00, 0x28, 0x00,
            0x00, 0xD8, 0x01, 0x21, 0x00, 0x01, 0x00, 0x01, 0x00, 0x00, 0x01, 0x00, 0x40, 0x00, 0x01, 0x00,
            0x87, 0x00, 0x00, 0x21, 0x00, 0x01, 0x00, 0x01, 0x00, 0x01, 0x00, 0x00, 0x40, 0x00, 0x01, 0x00,
            0x01, 0x00, 0x87, 0x00, 0x00, 0x21, 0x00, 0x01, 0x00, 0x2C, 0x00, 0x2A, 0x00, 0x00, 0x09, 0x00,
            0x6D, 0x00, 0x10, 0x00, 0x10, 0x00, 0x00, 0x10, 0x00, 0x6E, 0x00, 0x0B, 0x00, 0x2A, 0x00, 0x00,
            0x28, 0x00, 0x01, 0x00, 0x01, 0x00, 0x87, 0x00, 0x00, 0x21, 0x00, 0x01, 0x00, 0x40, 0x00, 0x01,
            0x00, 0x00, 0x01, 0x00, 0x01, 0x00, 0x01, 0x00, 0xD2, 0x01, 0x00, 0x21, 0x00, 0xCF, 0x01, 0xA1,
            0x00, 0x61, 0x00, 0x00, 0x61, 0x00, 0x61, 0x00, 0x61, 0x00, 0x2B, 0x00, 0x00, 0x0A, 0x00, 0x29,
            0x00, 0x01, 0x00, 0x01, 0x00, 0x00, 0x87, 0x00, 0x21, 0x00, 0x01, 0x00, 0x2B, 0x00, 0x00, 0x0A,
            0x00, 0x29, 0x00, 0x61, 0x00, 0x61, 0x00, 0x00, 0x61, 0x00, 0x61, 0x00, 0x61, 0x00, 0xD4, 0x01,
            0x00, 0x21, 0x00, 0xD7, 0x01, 0x21, 0x00, 0x01, 0x00, 0x00, 0x01, 0x00, 0x01, 0x00, 0x20, 0x00,
            0x21, 0x00, 0x00, 0x01, 0x00, 0x01, 0x00, 0x01, 0x00, 0xD0, 0x01, 0x00, 0x62, 0x01, 0x42, 0x01,
            0x21, 0x01, 0x01, 0x00, 0x00, 0xC2, 0x01, 0xD9, 0x01, 0xC2, 0x01, 0x21, 0x00, 0x00, 0x20, 0x01,
            0x42, 0x01, 0x62, 0x01, 0xD5, 0x01, 0x00, 0x21, 0x00, 0x01, 0x00, 0x01, 0x00, 0x01, 0x00, 0x00,
            0x20, 0x00, 0x21, 0x00, 0x01, 0x00, 0x01, 0x00, 0x00, 0x01, 0x00, 0xD1, 0x01, 0x21, 0x00, 0x01,
            0x00, 0x00, 0x01, 0x00, 0x01, 0x00, 0x43, 0x00, 0xD1, 0x01, 0x00, 0x21, 0x00, 0x4B, 0x00, 0x4A,
            0x00, 0x49, 0x00, 0x00, 0x01, 0x00, 0x01, 0x00, 0x01, 0x00, 0x01, 0x00, 0x00, 0x01, 0x00, 0x4B,
            0x00, 0x4A, 0x00, 0x49, 0x00, 0x00, 0x01, 0x00, 0xD6, 0x01, 0x03, 0x00, 0x01, 0x00, 0x00, 0x01,
            0x00, 0x01, 0x00, 0x01, 0x00, 0xD6, 0x01, 0x00, 0x21, 0x00, 0x01, 0x00, 0x01, 0x00, 0x87, 0x00,
            0x00, 0x21, 0x00, 0x01, 0x00, 0x01, 0x00, 0x23, 0x00, 0x00, 0x21, 0x00, 0x01, 0x00, 0x2C, 0x00,
            0x2A, 0x00, 0x00, 0x48, 0x00, 0x4A, 0x00, 0x4A, 0x00, 0x4A, 0x00, 0x00, 0x4A, 0x00, 0x4A, 0x00,
            0x4C, 0x00, 0x2A, 0x00, 0x00, 0x28, 0x00, 0x01, 0x00, 0x01, 0x00, 0x23, 0x00, 0x00, 0x21, 0x00,
            0x01, 0x00, 0x01, 0x00, 0x87, 0x00, 0x00, 0x21, 0x00, 0x01, 0x00, 0x00,
        ],
        units: &[
            0xFE, 0x01, 0x00, 0x00, 0x00, 0x00, 0x00, 0x00, 0x00, 0x00, 0x00, 0x00,
            0x02, 0x03, 0x01, 0x00, 0x64, 0x63, 0x63, 0x00, 0x00, 0x04, 0x00, 0x00,
            0x03, 0x01, 0x01, 0x00, 0x64, 0x63, 0x63, 0x00, 0x00, 0x04, 0x00, 0x00,
            0x02, 0x02, 0x02, 0x00, 0x64, 0x63, 0x63, 0x00, 0x00, 0x04, 0x00, 0x00,
            0x04, 0x02, 0x06, 0x00, 0x64, 0x63, 0x63, 0x00, 0x00, 0x04, 0x00, 0x00,
            0x0A, 0x02, 0x09, 0x00, 0x64, 0x63, 0x63, 0x00, 0x00, 0x04, 0x00, 0x00,
            0x09, 0x05, 0x17, 0x00, 0x64, 0x63, 0x63, 0x00, 0x00, 0x04, 0x00, 0x00,
            0x09, 0x06, 0x16, 0x00, 0x64, 0x63, 0x63, 0x00, 0x00, 0x04, 0x00, 0x00,
            0xFE, 0x02, 0x00, 0x00, 0x00, 0x00, 0x00, 0x00, 0x00, 0x00, 0x00, 0x00,
            0x1A, 0x03, 0x01, 0x00, 0x64, 0x63, 0x63, 0x00, 0x00, 0x04, 0x00, 0x00,
            0x19, 0x01, 0x01, 0x00, 0x64, 0x63, 0x63, 0x00, 0x00, 0x04, 0x00, 0x00,
            0x18, 0x02, 0x02, 0x00, 0x64, 0x63, 0x63, 0x00, 0x00, 0x04, 0x00, 0x00,
            0x1A, 0x02, 0x06, 0x00, 0x64, 0x63, 0x63, 0x00, 0x00, 0x04, 0x00, 0x00,
            0x12, 0x02, 0x09, 0x00, 0x64, 0x63, 0x63, 0x00, 0x00, 0x04, 0x00, 0x00,
            0x13, 0x05, 0x17, 0x00, 0x64, 0x63, 0x63, 0x00, 0x00, 0x04, 0x00, 0x00,
            0x13, 0x06, 0x16, 0x00, 0x64, 0x63, 0x63, 0x00, 0x00, 0x04, 0x00, 0x00,
            0xFE, 0x03, 0x00, 0x00, 0x00, 0x00, 0x00, 0x00, 0x00, 0x00, 0x00, 0x00,
            0x02, 0x19, 0x01, 0x00, 0x64, 0x63, 0x63, 0x00, 0x00, 0x04, 0x00, 0x00,
            0x02, 0x18, 0x01, 0x00, 0x64, 0x63, 0x63, 0x00, 0x00, 0x04, 0x00, 0x00,
            0x04, 0x18, 0x02, 0x00, 0x64, 0x63, 0x63, 0x00, 0x00, 0x04, 0x00, 0x00,
            0x02, 0x1A, 0x06, 0x00, 0x64, 0x63, 0x63, 0x00, 0x00, 0x04, 0x00, 0x00,
            0x02, 0x12, 0x09, 0x00, 0x64, 0x63, 0x63, 0x00, 0x00, 0x04, 0x00, 0x00,
            0x09, 0x17, 0x17, 0x00, 0x64, 0x63, 0x63, 0x00, 0x00, 0x04, 0x00, 0x00,
            0x09, 0x18, 0x16, 0x00, 0x64, 0x63, 0x63, 0x00, 0x00, 0x04, 0x00, 0x00,
            0xFE, 0x04, 0x00, 0x00, 0x00, 0x00, 0x00, 0x00, 0x00, 0x00, 0x00, 0x00,
            0x1A, 0x19, 0x01, 0x00, 0x64, 0x63, 0x63, 0x00, 0x00, 0x04, 0x00, 0x00,
            0x18, 0x18, 0x01, 0x00, 0x64, 0x63, 0x63, 0x00, 0x00, 0x04, 0x00, 0x00,
            0x1A, 0x18, 0x02, 0x00, 0x64, 0x63, 0x63, 0x00, 0x00, 0x04, 0x00, 0x00,
            0x18, 0x1A, 0x06, 0x00, 0x64, 0x63, 0x63, 0x00, 0x00, 0x04, 0x00, 0x00,
            0x1A, 0x12, 0x09, 0x00, 0x64, 0x63, 0x63, 0x00, 0x00, 0x04, 0x00, 0x00,
            0x13, 0x17, 0x17, 0x00, 0x64, 0x63, 0x63, 0x00, 0x00, 0x04, 0x00, 0x00,
            0x13, 0x18, 0x16, 0x00, 0x64, 0x63, 0x63, 0x00, 0x00, 0x04, 0x00, 0x00,
            0xFE, 0x05, 0x00, 0x00, 0x00, 0x00, 0x00, 0x00, 0x00, 0x00, 0x00, 0x00,
            0x0E, 0x0B, 0x01, 0x00, 0x64, 0x63, 0x63, 0x00, 0x00, 0x04, 0x00, 0x00,
            0x0D, 0x0C, 0x01, 0x00, 0x64, 0x63, 0x63, 0x00, 0x00, 0x04, 0x00, 0x00,
            0x0F, 0x0C, 0x02, 0x00, 0x64, 0x63, 0x63, 0x00, 0x00, 0x04, 0x00, 0x00,
            0x0C, 0x0D, 0x05, 0x00, 0x64, 0x63, 0x63, 0x00, 0x00, 0x04, 0x00, 0x00,
            0x0B, 0x0D, 0x09, 0x00, 0x64, 0x63, 0x63, 0x00, 0x00, 0x04, 0x00, 0x00,
            0x0E, 0x09, 0x17, 0x00, 0x64, 0x63, 0x63, 0x00, 0x00, 0x04, 0x00, 0x00,
            0xFF, 0x00, 0x00, 0x00, 0x00, 0x00, 0x00, 0x00, 0x00, 0x00, 0x00, 0x00,
        ],
    },
    // The Colonel's Vault: 30x20, properties {0: 0, 1: 21, 2: 21, 3: 0, 4: 0, 5: 0}
    Map {
        name: "The Colonel's Vault",
        armies: 2,
        tab: 3,
        colours: &[5, 4],
        obelisk: true,
        ds: true,
        wasteland: false,
        tiles: &[
            0x10, 0xB2, 0x04, 0x00, 0x00, 0x1E, 0x14, 0x01, 0x00, 0x01, 0x00, 0x01, 0x00, 0x00, 0x01, 0x00,
            0x01, 0x00, 0x01, 0x00, 0x01, 0x00, 0x00, 0x01, 0x00, 0x01, 0x00, 0x43, 0x00, 0x43, 0x00, 0x00,
            0x43, 0x00, 0x43, 0x00, 0x43, 0x00, 0x2C, 0x00, 0x00, 0x28, 0x00, 0x43, 0x00, 0x43, 0x00, 0x43,
            0x00, 0x00, 0x43, 0x00, 0x43, 0x00, 0x01, 0x00, 0x01, 0x00, 0x00, 0x01, 0x00, 0x01, 0x00, 0x01,
            0x00, 0x01, 0x00, 0x00, 0x01, 0x00, 0x01, 0x00, 0x01, 0x00, 0x01, 0x00, 0x00, 0x01, 0x00, 0x01,
            0x00, 0x01, 0x00, 0x01, 0x00, 0x00, 0x01, 0x00, 0xC7, 0x01, 0x21, 0x00, 0x01, 0x00, 0x00, 0x22,
            0x00, 0x22, 0x00, 0x22, 0x00, 0x22, 0x00, 0x00, 0x22, 0x00, 0x2C, 0x00, 0x28, 0x00, 0x22, 0x00,
            0x00, 0x22, 0x00, 0x22, 0x00, 0x22, 0x00, 0x22, 0x00, 0x00, 0x21, 0x00, 0x01, 0x00, 0xCC, 0x01,
            0x21, 0x00, 0x00, 0x01, 0x00, 0x01, 0x00, 0x01, 0x00, 0x01, 0x00, 0x00, 0x01, 0x00, 0x01, 0x00,
            0x01, 0x00, 0x87, 0x00, 0x00, 0x21, 0x00, 0x01, 0x00, 0x01, 0x00, 0x01, 0x00, 0x00, 0x01, 0x00,
            0x01, 0x00, 0x22, 0x00, 0x22, 0x00, 0x00, 0x22, 0x00, 0x23, 0x00, 0x22, 0x00, 0x2C, 0x00, 0x00,
            0x28, 0x00, 0x22, 0x00, 0x23, 0x00, 0x22, 0x00, 0x00, 0x22, 0x00, 0x22, 0x00, 0x21, 0x00, 0x01,
            0x00, 0x00, 0x01, 0x00, 0x01, 0x00, 0x01, 0x00, 0x01, 0x00, 0x00, 0x87, 0x00, 0x21, 0x00, 0x01,
            0x00, 0x01, 0x00, 0x00, 0x01, 0x00, 0x01, 0x00, 0x01, 0x00, 0x01, 0x00, 0x00, 0x01, 0x00, 0x87,
            0x00, 0x21, 0x00, 0x01, 0x00, 0x00, 0x23, 0x00, 0x23, 0x00, 0x23, 0x00, 0x86, 0x00, 0x00, 0x23,
            0x00, 0x2C, 0x00, 0x28, 0x00, 0x23, 0x00, 0x00, 0x86, 0x00, 0x23, 0x00, 0x23, 0x00, 0x23, 0x00,
            0x00, 0x21, 0x00, 0x01, 0x00, 0x87, 0x00, 0x21, 0x00, 0x00, 0x01, 0x00, 0x01, 0x00, 0x01, 0x00,
            0x01, 0x00, 0x00, 0x01, 0x00, 0x01, 0x00, 0x01, 0x00, 0xC7, 0x01, 0x00, 0x21, 0x00, 0x01, 0x00,
            0x01, 0x00, 0x01, 0x00, 0x00, 0x01, 0x00, 0x01, 0x00, 0x01, 0x00, 0x40, 0x00, 0x00, 0x01, 0x00,
            0x01, 0x00, 0x01, 0x00, 0x2C, 0x00, 0x00, 0x28, 0x00, 0x01, 0x00, 0x01, 0x00, 0x01, 0x00, 0x00,
            0x40, 0x00, 0x01, 0x00, 0x01, 0x00, 0x01, 0x00, 0x00, 0x01, 0x00, 0x01, 0x00, 0x01, 0x00, 0x01,
            0x00, 0x00, 0xCC, 0x01, 0x21, 0x00, 0x01, 0x00, 0x01, 0x00, 0x00, 0x87, 0x00, 0x21, 0x00, 0x01,
            0x00, 0x01, 0x00, 0x00, 0x01, 0x00, 0x01, 0x00, 0x01, 0x00, 0x87, 0x00, 0x00, 0x21, 0x00, 0x40,
            0x00, 0x01, 0x00, 0x01, 0x00, 0x00, 0x01, 0x00, 0x2C, 0x00, 0x28, 0x00, 0x01, 0x00, 0x00, 0x01,
            0x00, 0x01, 0x00, 0x40, 0x00, 0x01, 0x00, 0x00, 0x87, 0x00, 0x21, 0x00, 0x01, 0x00, 0x01, 0x00,
            0x00, 0x01, 0x00, 0x01, 0x00, 0x01, 0x00, 0x87, 0x00, 0x00, 0x21, 0x00, 0x01, 0x00, 0x01, 0x00,
            0x01, 0x00, 0x00, 0x01, 0x00, 0xC7, 0x01, 0x21, 0x00, 0x01, 0x00, 0x00, 0xC7, 0x01, 0x21, 0x00,
            0x01, 0x00, 0x40, 0x00, 0x00, 0x01, 0x00, 0x4B, 0x00, 0x4A, 0x00, 0x4C, 0x00, 0x00, 0x48, 0x00,
            0x4A, 0x00, 0x49, 0x00, 0x01, 0x00, 0x00, 0x40, 0x00, 0x01, 0x00, 0x01, 0x00, 0xCC, 0x01, 0x00,
            0x21, 0x00, 0x01, 0x00, 0xCC, 0x01, 0x21, 0x00, 0x00, 0x01, 0x00, 0x01, 0x00, 0x01, 0x00, 0x01,
            0x00, 0x00, 0x01, 0x00, 0x01, 0x00, 0xC7, 0x01, 0xC7, 0x01, 0x00, 0xC7, 0x01, 0x21, 0x00, 0x01,
            0x00, 0x01, 0x00, 0x00, 0x01, 0x00, 0x40, 0x00, 0x53, 0x00, 0x6B, 0x00, 0x00, 0x2A, 0x00, 0x2A,
            0x00, 0x2A, 0x00, 0x2A, 0x00, 0x00, 0x8A, 0x00, 0x54, 0x00, 0x40, 0x00, 0x01, 0x00, 0x00, 0x01,
            0x00, 0x01, 0x00, 0x01, 0x00, 0xCC, 0x01, 0x00, 0xCC, 0x01, 0xCC, 0x01, 0x21, 0x00, 0x01, 0x00,
            0x00, 0x01, 0x00, 0x01, 0x00, 0x01, 0x00, 0x01, 0x00, 0x00, 0x01, 0x00, 0xC7, 0x01, 0x21, 0x00,
            0x01, 0x00, 0x00, 0x01, 0x00, 0xC7, 0x01, 0x21, 0x00, 0x40, 0x00, 0x00, 0xC9, 0x01, 0x2C, 0x00,
            0x2A, 0x00, 0x2A, 0x00, 0x00, 0x2A, 0x00, 0x2A, 0x00, 0x28, 0x00, 0xCE, 0x01, 0x00, 0x80, 0x00,
            0x01, 0x00, 0xCC, 0x01, 0x21, 0x00, 0x00, 0x01, 0x00, 0x01, 0x00, 0xCC, 0x01, 0x21, 0x00, 0x00,
            0x01, 0x00, 0x01, 0x00, 0x01, 0x00, 0x01, 0x00, 0x00, 0xC7, 0x01, 0x21, 0x00, 0x01, 0x00, 0x01,
            0x00, 0x00, 0x01, 0x00, 0x01, 0x00, 0x01, 0x00, 0x01, 0x00, 0x00, 0x01, 0x00, 0x40, 0x00, 0x01,
            0x00, 0x2C, 0x00, 0x00, 0x2A, 0x00, 0x2A, 0x00, 0x2A, 0x00, 0x2A, 0x00, 0x00, 0x28, 0x00, 0x01,
            0x00, 0x40, 0x00, 0x01, 0x00, 0x00, 0x01, 0x00, 0x01, 0x00, 0x01, 0x00, 0x01, 0x00, 0x00, 0x01,
            0x00, 0x01, 0x00, 0x01, 0x00, 0xCC, 0x01, 0x00, 0x21, 0x00, 0x01, 0x00, 0x01, 0x00, 0x01, 0x00,
            0x00, 0xC5, 0x01, 0xA1, 0x00, 0x61, 0x00, 0xC6, 0x01, 0x00, 0xA1, 0x00, 0x92, 0x01, 0xA1, 0x00,
            0xC1, 0x00, 0x00, 0x01, 0x00, 0x2C, 0x00, 0x2A, 0x00, 0x2A, 0x00, 0x00, 0x2A, 0x00, 0x2A, 0x00,
            0x28, 0x00, 0x01, 0x00, 0x00, 0xE1, 0x00, 0x61, 0x00, 0x92, 0x01, 0xA1, 0x00, 0x00, 0xCB, 0x01,
            0xA1, 0x00, 0x61, 0x00, 0xCA, 0x01, 0x00, 0x21, 0x00, 0x01, 0x00, 0x01, 0x00, 0x01, 0x00, 0x00,
            0x01, 0x00, 0x01, 0x00, 0x01, 0x00, 0x01, 0x00, 0x00, 0x01, 0x00, 0x01, 0x00, 0x01, 0x00, 0x01,
            0x00, 0x00, 0x01, 0x00, 0x40, 0x00, 0xC9, 0x01, 0x2C, 0x00, 0x00, 0x2A, 0x00, 0x2A, 0x00, 0x2A,
            0x00, 0x2A, 0x00, 0x00, 0x28, 0x00, 0xCE, 0x01, 0x80, 0x00, 0x01, 0x00, 0x00, 0x01, 0x00, 0x01,
            0x00, 0x01, 0x00, 0x01, 0x00, 0x00, 0x01, 0x00, 0x01, 0x00, 0x01, 0x00, 0x01, 0x00, 0x00, 0x01,
            0x00, 0x01, 0x00, 0x01, 0x00, 0xC7, 0x01, 0x00, 0x21, 0x00, 0x01, 0x00, 0x87, 0x00, 0x21, 0x00,
            0x00, 0xC8, 0x01, 0x21, 0x00, 0x01, 0x00, 0x40, 0x00, 0x00, 0x53, 0x00, 0x6B, 0x00, 0x2A, 0x00,
            0x2A, 0x00, 0x00, 0x2A, 0x00, 0x2A, 0x00, 0x8A, 0x00, 0x54, 0x00, 0x00, 0x40, 0x00, 0x01, 0x00,
            0x01, 0x00, 0xCD, 0x01, 0x00, 0x21, 0x00, 0x87, 0x00, 0x21, 0x00, 0x01, 0x00, 0x00, 0xCC, 0x01,
            0x21, 0x00, 0x01, 0x00, 0x01, 0x00, 0x00, 0x01, 0x00, 0x87, 0x00, 0xC6, 0x01, 0x21, 0x00, 0x00,
            0x01, 0x00, 0x01, 0x00, 0x87, 0x00, 0xC7, 0x01, 0x00, 0x21, 0x00, 0x40, 0x00, 0x01, 0x00, 0x2B,
            0x00, 0x00, 0x0A, 0x00, 0x0A, 0x00, 0x0A, 0x00, 0x0A, 0x00, 0x00, 0x29, 0x00, 0x01, 0x00, 0x40,
            0x00, 0x01, 0x00, 0x00, 0xCC, 0x01, 0x86, 0x00, 0x21, 0x00, 0x01, 0x00, 0x00, 0x01, 0x00, 0xCB,
            0x01, 0x86, 0x00, 0x21, 0x00, 0x00, 0x01, 0x00, 0x01, 0x00, 0x01, 0x00, 0x01, 0x00, 0x00, 0x01,
            0x00, 0x01, 0x00, 0xC7, 0x01, 0x21, 0x00, 0x00, 0x01, 0x00, 0x87, 0x00, 0x21, 0x00, 0x40, 0x00,
            0x00, 0x01, 0x00, 0x01, 0x00, 0x01, 0x00, 0x01, 0x00, 0x00, 0x01, 0x00, 0x01, 0x00, 0x01, 0x00,
            0x01, 0x00, 0x00, 0x40, 0x00, 0x01, 0x00, 0x87, 0x00, 0x21, 0x00, 0x00, 0x01, 0x00, 0xCC, 0x01,
            0x21, 0x00, 0x01, 0x00, 0x00, 0x01, 0x00, 0x01, 0x00, 0x01, 0x00, 0x01, 0x00, 0x00, 0x01, 0x00,
            0x01, 0x00, 0x61, 0x00, 0x61, 0x00, 0x00, 0x61, 0x00, 0x61, 0x00, 0x61, 0x00, 0x61, 0x00, 0x00,
            0x61, 0x00, 0x00, 0x01, 0x61, 0x00, 0x61, 0x00, 0x00, 0x61, 0x00, 0x61, 0x00, 0x61, 0x00, 0x61,
            0x00, 0x00, 0x61, 0x00, 0x61, 0x00, 0x00, 0x01, 0x61, 0x00, 0x00, 0x61, 0x00, 0x61, 0x00, 0x61,
            0x00, 0x61, 0x00, 0x00, 0x61, 0x00, 0x61, 0x00, 0x01, 0x00, 0x01, 0x00, 0x00, 0x01, 0x00, 0x01,
            0x00, 0x87, 0x00, 0x21, 0x00, 0x00, 0x01, 0x00, 0x01, 0x00, 0x01, 0x00, 0x01, 0x00, 0x00, 0x01,
            0x00, 0x01, 0x00, 0x01, 0x00, 0x40, 0x00, 0x00, 0x01, 0x00, 0x01, 0x00, 0x01, 0x00, 0x01, 0x00,
            0x00, 0x01, 0x00, 0x01, 0x00, 0x01, 0x00, 0x01, 0x00, 0x00, 0x40, 0x00, 0x01, 0x00, 0x01, 0x00,
            0x01, 0x00, 0x00, 0x01, 0x00, 0x01, 0x00, 0x01, 0x00, 0x01, 0x00, 0x00, 0x01, 0x00, 0x87, 0x00,
            0x21, 0x00, 0x01, 0x00, 0x00, 0x01, 0x00, 0x01, 0x00, 0x01, 0x00, 0x01, 0x00, 0x00, 0x01, 0x00,
            0x61, 0x00, 0x61, 0x00, 0x61, 0x00, 0x00, 0x61, 0x00, 0xC0, 0x00, 0x61, 0x00, 0x61, 0x00, 0x00,
            0x61, 0x00, 0x61, 0x00, 0x61, 0x00, 0x61, 0x00, 0x00, 0x61, 0x00, 0x61, 0x00, 0xC0, 0x00, 0x61,
            0x00, 0x00, 0x61, 0x00, 0x61, 0x00, 0x61, 0x00, 0x01, 0x00, 0x00, 0x01, 0x00, 0x01, 0x00, 0x01,
            0x00, 0x01, 0x00, 0x00, 0x01, 0x00, 0x01, 0x00, 0xC7, 0x01, 0x21, 0x00, 0x00, 0x01, 0x00, 0x87,
            0x00, 0x21, 0x00, 0x01, 0x00, 0x00, 0x01, 0x00, 0x01, 0x00, 0x01, 0x00, 0x01, 0x00, 0x00, 0x01,
            0x00, 0x01, 0x00, 0x01, 0x00, 0x01, 0x00, 0x00, 0x01, 0x00, 0x01, 0x00, 0x01, 0x00, 0x01, 0x00,
            0x00, 0x01, 0x00, 0x01, 0x00, 0x01, 0x00, 0x01, 0x00, 0x00, 0x01, 0x00, 0x01, 0x00, 0x87, 0x00,
            0x21, 0x00, 0x00, 0x01, 0x00, 0xCC, 0x01, 0x21, 0x00, 0x01, 0x00, 0x00, 0x01, 0x00, 0x01, 0x00,
            0x01, 0x00, 0x01, 0x00, 0x00, 0x01, 0x00, 0x01, 0x00, 0xC7, 0x01, 0x21, 0x00, 0x00, 0x01, 0x00,
            0x01, 0x00, 0x01, 0x00, 0x01, 0x00, 0x00, 0x01, 0x00, 0x01, 0x00, 0x01, 0x00, 0x01, 0x00, 0x00,
            0x01, 0x00, 0x01, 0x00, 0x01, 0x00, 0x01, 0x00, 0x00, 0x01, 0x00, 0xCC, 0x01, 0x21, 0x00, 0x01,
            0x00, 0x00, 0x01, 0x00, 0x01, 0x00, 0x01, 0x00, 0x01, 0x00, 0x00, 0x01, 0x00, 0x00, 0x00, 0x00,
        ],
        units: &[
            0xFE, 0x01, 0x00, 0x00, 0x00, 0x00, 0x00, 0x00, 0x00, 0x00, 0x00, 0x00,
            0x03, 0x09, 0x01, 0x00, 0x64, 0x63, 0x63, 0x00, 0x00, 0x04, 0x00, 0x00,
            0x02, 0x0A, 0x01, 0x00, 0x64, 0x63, 0x63, 0x00, 0x00, 0x04, 0x00, 0x00,
            0x03, 0x0B, 0x02, 0x00, 0x64, 0x63, 0x63, 0x00, 0x00, 0x04, 0x00, 0x00,
            0x03, 0x08, 0x05, 0x00, 0x64, 0x63, 0x63, 0x00, 0x00, 0x04, 0x00, 0x00,
            0x02, 0x09, 0x06, 0x00, 0x64, 0x63, 0x63, 0x00, 0x00, 0x04, 0x00, 0x00,
            0x04, 0x09, 0x0A, 0x00, 0x64, 0x63, 0x63, 0x00, 0x00, 0x04, 0x00, 0x00,
            0x0C, 0x08, 0x17, 0x00, 0x64, 0x63, 0x63, 0x00, 0x00, 0x04, 0x00, 0x00,
            0xFE, 0x02, 0x00, 0x00, 0x00, 0x00, 0x00, 0x00, 0x00, 0x00, 0x00, 0x00,
            0x1A, 0x09, 0x01, 0x00, 0x64, 0x63, 0x63, 0x00, 0x00, 0x04, 0x00, 0x00,
            0x1B, 0x0A, 0x01, 0x00, 0x64, 0x63, 0x63, 0x00, 0x00, 0x04, 0x00, 0x00,
            0x1A, 0x0B, 0x02, 0x00, 0x64, 0x63, 0x63, 0x00, 0x00, 0x04, 0x00, 0x00,
            0x1A, 0x08, 0x05, 0x00, 0x64, 0x63, 0x63, 0x00, 0x00, 0x04, 0x00, 0x00,
            0x19, 0x09, 0x06, 0x00, 0x64, 0x63, 0x63, 0x00, 0x00, 0x04, 0x00, 0x00,
            0x1B, 0x09, 0x0A, 0x00, 0x64, 0x63, 0x63, 0x00, 0x00, 0x04, 0x00, 0x00,
            0x11, 0x08, 0x17, 0x00, 0x64, 0x63, 0x63, 0x00, 0x00, 0x04, 0x00, 0x00,
            0xFF, 0x00, 0x00, 0x00, 0x00, 0x00, 0x00, 0x00, 0x00, 0x00, 0x00, 0x00,
        ],
    },
];
